deviceId;pozo;actividad;tipo_tuberia;tipo llave;conexion;tipo_conexion;fecha_hora_inicio;tiempo_cuna_cuna;torque_aplicado
ColpetroleumRsu8;MN-48;POOH ESP#9 PMM;TUBING 2 3/8 4,7 N-80 EUE;Llave Hidráulica;1;sencillos ;2025-12-05 17:08:15;3,87;3889
ColpetroleumRsu8;MN-48;POOH ESP#9 PMM;TUBING 2 3/8 4,7 N-80 EUE;Llave Hidráulica;2;sencillos ;2025-12-05 17:12:07;2,67;3853
ColpetroleumRsu8;MN-48;POOH ESP#9 PMM;TUBING 2 3/8 4,7 N-80 EUE;Llave Hidráulica;3;sencillos ;2025-12-05 17:14:47;2,2;3853
ColpetroleumRsu8;MN-48;POOH ESP#9 PMM;TUBING 2 3/8 4,7 N-80 EUE;Llave Hidráulica;4;sencillos ;2025-12-05 17:16:59;2,27;3859
ColpetroleumRsu8;MN-48;POOH ESP#9 PMM;TUBING 2 3/8 4,7 N-80 EUE;Llave Hidráulica;5;sencillos ;2025-12-05 17:19:15;2,13;3848
ColpetroleumRsu8;MN-48;POOH ESP#9 PMM;TUBING 2 3/8 4,7 N-80 EUE;Llave Hidráulica;6;sencillos ;2025-12-05 17:21:23;2;3844
ColpetroleumRsu8;MN-48;POOH ESP#9 PMM;TUBING 2 3/8 4,7 N-80 EUE;Llave Hidráulica;7;sencillos ;2025-12-05 17:23:23;2,13;3833
ColpetroleumRsu8;MN-48;POOH ESP#9 PMM;TUBING 2 3/8 4,7 N-80 EUE;Llave Hidráulica;8;sencillos ;2025-12-05 17:25:31;2,07;3844
ColpetroleumRsu8;MN-48;POOH ESP#9 PMM;TUBING 2 3/8 4,7 N-80 EUE;Llave Hidráulica;9;sencillos ;2025-12-05 17:27:35;5,13;3830
ColpetroleumRsu8;MN-48;POOH ESP#9 PMM;TUBING 2 3/8 4,7 N-80 EUE;Llave Hidráulica;10;sencillos ;2025-12-05 17:32:43;2,4;3837
ColpetroleumRsu8;MN-48;POOH ESP#9 PMM;TUBING 2 3/8 4,7 N-80 EUE;Llave Hidráulica;11;sencillos ;2025-12-05 17:35:07;2,07;3852
ColpetroleumRsu8;MN-48;POOH ESP#9 PMM;TUBING 2 3/8 4,7 N-80 EUE;Llave Hidráulica;12;sencillos ;2025-12-05 17:37:11;2,33;3837
ColpetroleumRsu8;MN-48;POOH ESP#9 PMM;TUBING 2 3/8 4,7 N-80 EUE;Llave Hidráulica;13;sencillos ;2025-12-05 17:39:31;2,22;3862
ColpetroleumRsu8;MN-48;POOH ESP#9 PMM;TUBING 2 3/8 4,7 N-80 EUE;Llave Hidráulica;14;sencillos ;2025-12-05 17:41:44;2,33;3844
ColpetroleumRsu8;MN-48;POOH ESP#9 PMM;TUBING 2 3/8 4,7 N-80 EUE;Llave Hidráulica;15;sencillos ;2025-12-05 17:44:04;51,27;3844
ColpetroleumRsu8;MN-48;POOH ESP#9 PMM;TUBING 2 3/8 4,7 N-80 EUE;Llave Hidráulica;16;sencillos ;2025-12-05 18:35:20;4,53;3900
ColpetroleumRsu8;MN-48;POOH ESP#9 PMM;TUBING 2 3/8 4,7 N-80 EUE;Llave Hidráulica;17;sencillos ;2025-12-05 18:39:52;2,33;3891
ColpetroleumRsu8;MN-48;POOH ESP#9 PMM;TUBING 2 3/8 4,7 N-80 EUE;Llave Hidráulica;18;sencillos ;2025-12-05 18:42:12;28,48;3860
ColpetroleumRsu8;MN-48;POOH ESP#9 PMM;TUBING 2 3/8 4,7 N-80 EUE;Llave Hidráulica;19;sencillos ;2025-12-05 19:10:41;2,33;3872
ColpetroleumRsu8;MN-48;POOH ESP#9 PMM;TUBING 2 3/8 4,7 N-80 EUE;Llave Hidráulica;20;sencillos ;2025-12-05 19:13:01;2,27;3880
ColpetroleumRsu8;MN-48;POOH ESP#9 PMM;TUBING 2 3/8 4,7 N-80 EUE;Llave Hidráulica;21;sencillos ;2025-12-05 19:15:17;2,33;3859
ColpetroleumRsu8;MN-48;POOH ESP#9 PMM;TUBING 2 3/8 4,7 N-80 EUE;Llave Hidráulica;22;sencillos ;2025-12-05 19:17:37;2,53;3870
ColpetroleumRsu8;MN-48;POOH ESP#9 PMM;TUBING 2 3/8 4,7 N-80 EUE;Llave Hidráulica;23;sencillos ;2025-12-05 19:20:09;4,2;3861
ColpetroleumRsu8;MN-48;POOH ESP#9 PMM;TUBING 2 3/8 4,7 N-80 EUE;Llave Hidráulica;24;sencillos ;2025-12-05 19:24:21;2,4;3878
ColpetroleumRsu8;MN-48;POOH ESP#9 PMM;TUBING 2 3/8 4,7 N-80 EUE;Llave Hidráulica;25;sencillos ;2025-12-05 19:26:45;2,53;3859
ColpetroleumRsu8;MN-48;POOH ESP#9 PMM;TUBING 2 3/8 4,7 N-80 EUE;Llave Hidráulica;26;sencillos ;2025-12-05 19:29:17;2,33;3868
ColpetroleumRsu8;MN-48;POOH ESP#9 PMM;TUBING 2 3/8 4,7 N-80 EUE;Llave Hidráulica;27;sencillos ;2025-12-05 19:31:37;2,27;3861
ColpetroleumRsu8;MN-48;POOH ESP#9 PMM;TUBING 2 3/8 4,7 N-80 EUE;Llave Hidráulica;28;sencillos ;2025-12-05 19:33:53;2,4;3875
ColpetroleumRsu8;MN-48;POOH ESP#9 PMM;TUBING 2 3/8 4,7 N-80 EUE;Llave Hidráulica;29;sencillos ;2025-12-05 19:36:17;2,33;3859
ColpetroleumRsu8;MN-48;POOH ESP#9 PMM;TUBING 2 3/8 4,7 N-80 EUE;Llave Hidráulica;30;sencillos ;2025-12-05 19:38:37;2,4;3864
ColpetroleumRsu8;MN-48;POOH ESP#9 PMM;TUBING 2 3/8 4,7 N-80 EUE;Llave Hidráulica;31;sencillos ;2025-12-05 19:41:01;2,53;3877
ColpetroleumRsu8;MN-48;POOH ESP#9 PMM;TUBING 2 3/8 4,7 N-80 EUE;Llave Hidráulica;32;sencillos ;2025-12-05 19:43:33;2,27;3873
ColpetroleumRsu8;MN-48;POOH ESP#9 PMM;TUBING 2 3/8 4,7 N-80 EUE;Llave Hidráulica;33;sencillos ;2025-12-05 19:45:49;2,33;3857
ColpetroleumRsu8;MN-48;POOH ESP#9 PMM;TUBING 2 3/8 4,7 N-80 EUE;Llave Hidráulica;34;sencillos ;2025-12-05 19:48:09;3,07;3864
ColpetroleumRsu8;MN-48;POOH ESP#9 PMM;TUBING 2 3/8 4,7 N-80 EUE;Llave Hidráulica;35;sencillos ;2025-12-05 19:51:13;2,47;3878
ColpetroleumRsu8;MN-48;POOH ESP#9 PMM;TUBING 2 3/8 4,7 N-80 EUE;Llave Hidráulica;36;sencillos ;2025-12-05 19:53:41;2,47;3853
ColpetroleumRsu8;MN-48;POOH ESP#9 PMM;TUBING 2 3/8 4,7 N-80 EUE;Llave Hidráulica;37;sencillos ;2025-12-05 19:56:09;2,47;3884
ColpetroleumRsu8;MN-48;POOH ESP#9 PMM;TUBING 2 3/8 4,7 N-80 EUE;Llave Hidráulica;38;sencillos ;2025-12-05 19:58:37;2,47;3887
ColpetroleumRsu8;MN-48;POOH ESP#9 PMM;TUBING 2 3/8 4,7 N-80 EUE;Llave Hidráulica;39;sencillos ;2025-12-05 20:01:05;2,47;3873
ColpetroleumRsu8;MN-48;POOH ESP#9 PMM;TUBING 2 3/8 4,7 N-80 EUE;Llave Hidráulica;40;sencillos ;2025-12-05 20:03:33;2,68;3874
ColpetroleumRsu8;MN-48;POOH ESP#9 PMM;TUBING 2 3/8 4,7 N-80 EUE;Llave Hidráulica;41;sencillos ;2025-12-05 20:06:14;3,67;3866
ColpetroleumRsu8;MN-48;POOH ESP#9 PMM;TUBING 2 3/8 4,7 N-80 EUE;Llave Hidráulica;42;sencillos ;2025-12-05 20:09:54;2,53;3851
ColpetroleumRsu8;MN-48;POOH ESP#9 PMM;TUBING 2 3/8 4,7 N-80 EUE;Llave Hidráulica;43;sencillos ;2025-12-05 20:12:26;2,53;3874
ColpetroleumRsu8;MN-48;POOH ESP#9 PMM;TUBING 2 3/8 4,7 N-80 EUE;Llave Hidráulica;44;sencillos ;2025-12-05 20:14:58;2,6;3975
ColpetroleumRsu8;MN-48;POOH ESP#9 PMM;TUBING 2 3/8 4,7 N-80 EUE;Llave Hidráulica;45;sencillos ;2025-12-05 20:17:34;2,47;3874
ColpetroleumRsu8;MN-48;POOH ESP#9 PMM;TUBING 2 3/8 4,7 N-80 EUE;Llave Hidráulica;46;sencillos ;2025-12-05 20:20:02;3,07;3856
ColpetroleumRsu8;MN-48;POOH ESP#9 PMM;TUBING 2 3/8 4,7 N-80 EUE;Llave Hidráulica;47;sencillos ;2025-12-05 20:23:06;2,73;3866
ColpetroleumRsu8;MN-48;POOH ESP#9 PMM;TUBING 2 3/8 4,7 N-80 EUE;Llave Hidráulica;48;sencillos ;2025-12-05 20:25:50;3,2;3852
ColpetroleumRsu8;MN-48;POOH ESP#9 PMM;TUBING 2 3/8 4,7 N-80 EUE;Llave Hidráulica;49;sencillos ;2025-12-05 20:29:02;24,27;3870
ColpetroleumRsu8;MN-48;POOH ESP#9 PMM;TUBING 2 3/8 4,7 N-80 EUE;Llave Hidráulica;50;sencillos ;2025-12-05 20:53:18;2,53;3907
ColpetroleumRsu8;MN-48;POOH ESP#9 PMM;TUBING 2 3/8 4,7 N-80 EUE;Llave Hidráulica;51;sencillos ;2025-12-05 20:55:50;3,33;3893
ColpetroleumRsu8;MN-48;POOH ESP#9 PMM;TUBING 2 3/8 4,7 N-80 EUE;Llave Hidráulica;52;sencillos ;2025-12-05 20:59:10;2,47;3902
ColpetroleumRsu8;MN-48;POOH ESP#9 PMM;TUBING 2 3/8 4,7 N-80 EUE;Llave Hidráulica;53;sencillos ;2025-12-05 21:01:38;2,4;3890
ColpetroleumRsu8;MN-48;POOH ESP#9 PMM;TUBING 2 3/8 4,7 N-80 EUE;Llave Hidráulica;54;sencillos ;2025-12-05 21:04:02;2,27;3919
ColpetroleumRsu8;MN-48;POOH ESP#9 PMM;TUBING 2 3/8 4,7 N-80 EUE;Llave Hidráulica;55;sencillos ;2025-12-05 21:06:18;2,6;3889
ColpetroleumRsu8;MN-48;POOH ESP#9 PMM;TUBING 2 3/8 4,7 N-80 EUE;Llave Hidráulica;56;sencillos ;2025-12-05 21:08:54;2,6;3879
ColpetroleumRsu8;MN-48;POOH ESP#9 PMM;TUBING 2 3/8 4,7 N-80 EUE;Llave Hidráulica;57;sencillos ;2025-12-05 21:11:30;2,53;3887
ColpetroleumRsu8;MN-48;POOH ESP#9 PMM;TUBING 2 3/8 4,7 N-80 EUE;Llave Hidráulica;58;sencillos ;2025-12-05 21:14:02;2,55;3891
ColpetroleumRsu8;MN-48;POOH ESP#9 PMM;TUBING 2 3/8 4,7 N-80 EUE;Llave Hidráulica;59;sencillos ;2025-12-05 21:16:35;2,53;3885
ColpetroleumRsu8;MN-48;POOH ESP#9 PMM;TUBING 2 3/8 4,7 N-80 EUE;Llave Hidráulica;60;sencillos ;2025-12-05 21:19:07;2,33;3882
ColpetroleumRsu8;MN-48;POOH ESP#9 PMM;TUBING 2 3/8 4,7 N-80 EUE;Llave Hidráulica;61;sencillos ;2025-12-05 21:21:27;2,47;3884
ColpetroleumRsu8;MN-48;POOH ESP#9 PMM;TUBING 2 3/8 4,7 N-80 EUE;Llave Hidráulica;62;sencillos ;2025-12-05 21:23:55;2,53;3888
ColpetroleumRsu8;MN-48;POOH ESP#9 PMM;TUBING 2 3/8 4,7 N-80 EUE;Llave Hidráulica;63;sencillos ;2025-12-05 21:26:27;2,47;3885
ColpetroleumRsu8;MN-48;POOH ESP#9 PMM;TUBING 2 3/8 4,7 N-80 EUE;Llave Hidráulica;64;sencillos ;2025-12-05 21:28:55;2,53;3873
ColpetroleumRsu8;MN-48;POOH ESP#9 PMM;TUBING 2 3/8 4,7 N-80 EUE;Llave Hidráulica;65;sencillos ;2025-12-05 21:31:27;2,53;3882
ColpetroleumRsu8;MN-48;POOH ESP#9 PMM;TUBING 2 3/8 4,7 N-80 EUE;Llave Hidráulica;66;sencillos ;2025-12-05 21:33:59;3;3876
ColpetroleumRsu8;MN-48;POOH ESP#9 PMM;TUBING 2 3/8 4,7 N-80 EUE;Llave Hidráulica;67;sencillos ;2025-12-05 21:36:59;2,67;3884
ColpetroleumRsu8;MN-48;POOH ESP#9 PMM;TUBING 2 3/8 4,7 N-80 EUE;Llave Hidráulica;68;sencillos ;2025-12-05 21:39:39;2,47;3877
ColpetroleumRsu8;MN-48;POOH ESP#9 PMM;TUBING 2 3/8 4,7 N-80 EUE;Llave Hidráulica;69;sencillos ;2025-12-05 21:42:07;52,42;3875
ColpetroleumRsu8;MN-48;POOH ESP#9 PMM;TUBING 2 3/8 4,7 N-80 EUE;Llave Hidráulica;70;sencillos ;2025-12-05 22:34:32;4,98;3923
ColpetroleumRsu8;MN-48;POOH ESP#9 PMM;TUBING 2 3/8 4,7 N-80 EUE;Llave Hidráulica;71;sencillos ;2025-12-05 22:39:31;2,8;3080
ColpetroleumRsu8;MN-48;POOH ESP#9 PMM;TUBING 2 3/8 4,7 N-80 EUE;Llave Hidráulica;72;sencillos ;2025-12-05 22:42:19;2,47;3082
ColpetroleumRsu8;MN-48;POOH ESP#9 PMM;TUBING 2 3/8 4,7 N-80 EUE;Llave Hidráulica;73;sencillos ;2025-12-05 22:44:47;6,4;3079
ColpetroleumRsu8;MN-48;POOH ESP#9 PMM;TUBING 2 3/8 4,7 N-80 EUE;Llave Hidráulica;74;sencillos ;2025-12-05 22:51:11;2,67;2927
ColpetroleumRsu8;MN-48;POOH ESP#9 PMM;TUBING 2 3/8 4,7 N-80 EUE;Llave Hidráulica;75;sencillos ;2025-12-05 22:53:51;4,4;2784
ColpetroleumRsu8;MN-48;POOH ESP#9 PMM;TUBING 2 3/8 4,7 N-80 EUE;Llave Hidráulica;76;sencillos ;2025-12-05 22:58:15;4,2;2961
ColpetroleumRsu8;MN-48;POOH ESP#9 PMM;TUBING 2 3/8 4,7 N-80 EUE;Llave Hidráulica;77;sencillos ;2025-12-05 23:02:27;2,6;3714
ColpetroleumRsu8;MN-48;POOH ESP#9 PMM;TUBING 2 3/8 4,7 N-80 EUE;Llave Hidráulica;78;sencillos ;2025-12-05 23:05:03;2,67;3634
ColpetroleumRsu8;MN-48;POOH ESP#9 PMM;TUBING 2 3/8 4,7 N-80 EUE;Llave Hidráulica;79;sencillos ;2025-12-05 23:07:43;3,07;3517
ColpetroleumRsu8;MN-48;POOH ESP#9 PMM;TUBING 2 3/8 4,7 N-80 EUE;Llave Hidráulica;80;sencillos ;2025-12-05 23:10:47;2,53;3206
ColpetroleumRsu8;MN-48;POOH ESP#9 PMM;TUBING 2 3/8 4,7 N-80 EUE;Llave Hidráulica;81;sencillos ;2025-12-05 23:13:19;2,73;3202
ColpetroleumRsu8;MN-48;POOH ESP#9 PMM;TUBING 2 3/8 4,7 N-80 EUE;Llave Hidráulica;82;sencillos ;2025-12-05 23:16:03;4,07;3063
ColpetroleumRsu8;MN-48;POOH ESP#9 PMM;TUBING 2 3/8 4,7 N-80 EUE;Llave Hidráulica;83;sencillos ;2025-12-05 23:20:07;3,2;3119
ColpetroleumRsu8;MN-48;POOH ESP#9 PMM;TUBING 2 3/8 4,7 N-80 EUE;Llave Hidráulica;84;sencillos ;2025-12-05 23:23:19;4,33;3361
ColpetroleumRsu8;MN-48;POOH ESP#9 PMM;TUBING 2 3/8 4,7 N-80 EUE;Llave Hidráulica;85;sencillos ;2025-12-05 23:27:39;2,6;3001
ColpetroleumRsu8;MN-48;POOH ESP#9 PMM;TUBING 2 3/8 4,7 N-80 EUE;Llave Hidráulica;86;sencillos ;2025-12-05 23:30:15;2,93;3110
ColpetroleumRsu8;MN-48;POOH ESP#9 PMM;TUBING 2 3/8 4,7 N-80 EUE;Llave Hidráulica;87;sencillos ;2025-12-05 23:33:11;6,42;3126
ColpetroleumRsu8;MN-48;POOH ESP#9 PMM;TUBING 2 3/8 4,7 N-80 EUE;Llave Hidráulica;88;sencillos ;2025-12-05 23:39:36;3,73;3319
ColpetroleumRsu8;MN-48;POOH ESP#9 PMM;TUBING 2 3/8 4,7 N-80 EUE;Llave Hidráulica;89;sencillos ;2025-12-05 23:43:20;51;3084
ColpetroleumRsu8;MN-48;POOH ESP#9 PMM;TUBING 2 3/8 4,7 N-80 EUE;Llave Hidráulica;90;sencillos ;2025-12-06 00:34:20;2,47;3293
ColpetroleumRsu8;MN-48;POOH ESP#9 PMM;TUBING 2 3/8 4,7 N-80 EUE;Llave Hidráulica;91;sencillos ;2025-12-06 00:36:48;3,87;3230
ColpetroleumRsu8;MN-48;POOH ESP#9 PMM;TUBING 2 3/8 4,7 N-80 EUE;Llave Hidráulica;92;sencillos ;2025-12-06 00:40:40;2,53;3173
ColpetroleumRsu8;MN-48;POOH ESP#9 PMM;TUBING 2 3/8 4,7 N-80 EUE;Llave Hidráulica;93;sencillos ;2025-12-06 00:43:12;3,02;3284
ColpetroleumRsu8;MN-48;POOH ESP#9 PMM;TUBING 2 3/8 4,7 N-80 EUE;Llave Hidráulica;94;sencillos ;2025-12-06 00:46:13;2,67;3167
ColpetroleumRsu8;MN-48;POOH ESP#9 PMM;TUBING 2 3/8 4,7 N-80 EUE;Llave Hidráulica;95;sencillos ;2025-12-06 00:48:53;3,67;3150
ColpetroleumRsu8;MN-48;POOH ESP#9 PMM;TUBING 2 3/8 4,7 N-80 EUE;Llave Hidráulica;96;sencillos ;2025-12-06 00:52:33;2,8;3216
ColpetroleumRsu8;MN-48;POOH ESP#9 PMM;TUBING 2 3/8 4,7 N-80 EUE;Llave Hidráulica;97;sencillos ;2025-12-06 00:55:21;3,33;3182
ColpetroleumRsu8;MN-48;POOH ESP#9 PMM;TUBING 2 3/8 4,7 N-80 EUE;Llave Hidráulica;98;sencillos ;2025-12-06 00:58:41;5,53;3196
ColpetroleumRsu8;MN-48;POOH ESP#9 PMM;TUBING 2 3/8 4,7 N-80 EUE;Llave Hidráulica;99;sencillos ;2025-12-06 01:04:13;2,93;3083
ColpetroleumRsu8;MN-48;POOH ESP#9 PMM;TUBING 2 3/8 4,7 N-80 EUE;Llave Hidráulica;100;sencillos ;2025-12-06 01:07:09;3,53;3886
ColpetroleumRsu8;MN-48;POOH ESP#9 PMM;TUBING 2 3/8 4,7 N-80 EUE;Llave Hidráulica;101;sencillos ;2025-12-06 01:10:41;4,73;3026
ColpetroleumRsu8;MN-48;POOH ESP#9 PMM;TUBING 2 3/8 4,7 N-80 EUE;Llave Hidráulica;102;sencillos ;2025-12-06 01:15:25;3,13;2966
ColpetroleumRsu8;MN-48;POOH ESP#9 PMM;TUBING 2 3/8 4,7 N-80 EUE;Llave Hidráulica;103;sencillos ;2025-12-06 01:18:33;4,2;3121
ColpetroleumRsu8;MN-48;POOH ESP#9 PMM;TUBING 2 3/8 4,7 N-80 EUE;Llave Hidráulica;104;sencillos ;2025-12-06 01:22:45;2,47;3196
ColpetroleumRsu8;MN-48;POOH ESP#9 PMM;TUBING 2 3/8 4,7 N-80 EUE;Llave Hidráulica;105;sencillos ;2025-12-06 01:25:13;5,2;3875
ColpetroleumRsu8;MN-48;POOH ESP#9 PMM;TUBING 2 3/8 4,7 N-80 EUE;Llave Hidráulica;106;sencillos ;2025-12-06 01:30:25;2,4;3713
ColpetroleumRsu8;MN-48;POOH ESP#9 PMM;TUBING 2 3/8 4,7 N-80 EUE;Llave Hidráulica;107;sencillos ;2025-12-06 01:32:49;3,07;3177
ColpetroleumRsu8;MN-48;POOH ESP#9 PMM;TUBING 2 3/8 4,7 N-80 EUE;Llave Hidráulica;108;sencillos ;2025-12-06 01:35:53;2,67;3915
ColpetroleumRsu8;MN-48;POOH ESP#9 PMM;TUBING 2 3/8 4,7 N-80 EUE;Llave Hidráulica;109;sencillos ;2025-12-06 01:38:33;2,8;3123
ColpetroleumRsu8;MN-48;POOH ESP#9 PMM;TUBING 2 3/8 4,7 N-80 EUE;Llave Hidráulica;110;sencillos ;2025-12-06 01:41:21;3,27;3085
ColpetroleumRsu8;MN-48;POOH ESP#9 PMM;TUBING 2 3/8 4,7 N-80 EUE;Llave Hidráulica;111;sencillos ;2025-12-06 01:44:37;2,8;3870
ColpetroleumRsu8;MN-48;POOH ESP#9 PMM;TUBING 2 3/8 4,7 N-80 EUE;Llave Hidráulica;112;sencillos ;2025-12-06 01:47:25;2,47;3179
ColpetroleumRsu8;MN-48;POOH ESP#9 PMM;TUBING 2 3/8 4,7 N-80 EUE;Llave Hidráulica;113;sencillos ;2025-12-06 01:49:53;2,67;2888
ColpetroleumRsu8;MN-48;POOH ESP#9 PMM;TUBING 2 3/8 4,7 N-80 EUE;Llave Hidráulica;114;sencillos ;2025-12-06 01:52:33;3,02;3784
ColpetroleumRsu8;MN-48;POOH ESP#9 PMM;TUBING 2 3/8 4,7 N-80 EUE;Llave Hidráulica;115;sencillos ;2025-12-06 01:55:34;2,47;3055
ColpetroleumRsu8;MN-48;POOH ESP#9 PMM;TUBING 2 3/8 4,7 N-80 EUE;Llave Hidráulica;116;sencillos ;2025-12-06 01:58:02;4,67;3131
ColpetroleumRsu8;MN-48;POOH ESP#9 PMM;TUBING 2 3/8 4,7 N-80 EUE;Llave Hidráulica;117;sencillos ;2025-12-06 02:02:42;27,07;3082
ColpetroleumRsu8;MN-48;POOH ESP#9 PMM;TUBING 2 3/8 4,7 N-80 EUE;Llave Hidráulica;118;sencillos ;2025-12-06 02:29:46;3,6;2960
ColpetroleumRsu8;MN-48;POOH ESP#9 PMM;TUBING 2 3/8 4,7 N-80 EUE;Llave Hidráulica;119;sencillos ;2025-12-06 02:33:22;2,6;2885
ColpetroleumRsu8;MN-48;POOH ESP#9 PMM;TUBING 2 3/8 4,7 N-80 EUE;Llave Hidráulica;120;sencillos ;2025-12-06 02:35:58;3;2895
ColpetroleumRsu8;MN-48;POOH ESP#9 PMM;TUBING 2 3/8 4,7 N-80 EUE;Llave Hidráulica;121;sencillos ;2025-12-06 02:38:58;2,47;2981
ColpetroleumRsu8;MN-48;POOH ESP#9 PMM;TUBING 2 3/8 4,7 N-80 EUE;Llave Hidráulica;122;sencillos ;2025-12-06 02:41:26;3,4;3199
ColpetroleumRsu8;MN-48;POOH ESP#9 PMM;TUBING 2 3/8 4,7 N-80 EUE;Llave Hidráulica;123;sencillos ;2025-12-06 02:44:50;2,67;2972
ColpetroleumRsu8;MN-48;POOH ESP#9 PMM;TUBING 2 3/8 4,7 N-80 EUE;Llave Hidráulica;124;sencillos ;2025-12-06 02:47:30;8,07;3082
ColpetroleumRsu8;MN-48;POOH ESP#9 PMM;TUBING 2 3/8 4,7 N-80 EUE;Llave Hidráulica;125;sencillos ;2025-12-06 02:55:34;3,13;3083
ColpetroleumRsu8;MN-48;POOH ESP#9 PMM;TUBING 2 3/8 4,7 N-80 EUE;Llave Hidráulica;126;sencillos ;2025-12-06 02:58:42;2,47;2853
ColpetroleumRsu8;MN-48;POOH ESP#9 PMM;TUBING 2 3/8 4,7 N-80 EUE;Llave Hidráulica;127;sencillos ;2025-12-06 03:01:10;3,42;2992
ColpetroleumRsu8;MN-48;POOH ESP#9 PMM;TUBING 2 3/8 4,7 N-80 EUE;Llave Hidráulica;128;sencillos ;2025-12-06 03:04:35;2,73;3377
ColpetroleumRsu8;MN-48;POOH ESP#9 PMM;TUBING 2 3/8 4,7 N-80 EUE;Llave Hidráulica;129;sencillos ;2025-12-06 03:07:19;2,53;3038
ColpetroleumRsu8;MN-48;POOH ESP#9 PMM;TUBING 2 3/8 4,7 N-80 EUE;Llave Hidráulica;130;sencillos ;2025-12-06 03:09:51;3,33;3179
ColpetroleumRsu8;MN-48;POOH ESP#9 PMM;TUBING 2 3/8 4,7 N-80 EUE;Llave Hidráulica;131;sencillos ;2025-12-06 03:13:11;4,93;2922
ColpetroleumRsu8;MN-48;POOH ESP#9 PMM;TUBING 2 3/8 4,7 N-80 EUE;Llave Hidráulica;132;sencillos ;2025-12-06 03:18:07;2,33;2877
ColpetroleumRsu8;MN-48;POOH ESP#9 PMM;TUBING 2 3/8 4,7 N-80 EUE;Llave Hidráulica;133;sencillos ;2025-12-06 03:20:27;3,4;3087
ColpetroleumRsu8;MN-48;POOH ESP#9 PMM;TUBING 2 3/8 4,7 N-80 EUE;Llave Hidráulica;134;sencillos ;2025-12-06 03:23:51;4,87;3002
ColpetroleumRsu8;MN-48;POOH ESP#9 PMM;TUBING 2 3/8 4,7 N-80 EUE;Llave Hidráulica;135;sencillos ;2025-12-06 03:28:43;46,55;3111
ColpetroleumRsu8;MN-48;POOH ESP#9 PMM;TUBING 2 3/8 4,7 N-80 EUE;Llave Hidráulica;136;sencillos ;2025-12-06 04:15:16;2,47;3129
ColpetroleumRsu8;MN-48;POOH ESP#9 PMM;TUBING 2 3/8 4,7 N-80 EUE;Llave Hidráulica;137;sencillos ;2025-12-06 04:17:44;2,73;3176
ColpetroleumRsu8;MN-48;POOH ESP#9 PMM;TUBING 2 3/8 4,7 N-80 EUE;Llave Hidráulica;138;sencillos ;2025-12-06 04:20:28;3;3210
ColpetroleumRsu8;MN-48;POOH ESP#9 PMM;TUBING 2 3/8 4,7 N-80 EUE;Llave Hidráulica;139;sencillos ;2025-12-06 04:23:28;2,47;3067
ColpetroleumRsu8;MN-48;POOH ESP#9 PMM;TUBING 2 3/8 4,7 N-80 EUE;Llave Hidráulica;140;sencillos ;2025-12-06 04:25:56;2,4;3042
ColpetroleumRsu8;MN-48;POOH ESP#9 PMM;TUBING 2 3/8 4,7 N-80 EUE;Llave Hidráulica;141;sencillos ;2025-12-06 04:28:20;2,73;3104
ColpetroleumRsu8;MN-48;POOH ESP#9 PMM;TUBING 2 3/8 4,7 N-80 EUE;Llave Hidráulica;142;sencillos ;2025-12-06 04:31:04;2,27;3064
ColpetroleumRsu8;MN-48;POOH ESP#9 PMM;TUBING 2 3/8 4,7 N-80 EUE;Llave Hidráulica;143;sencillos ;2025-12-06 04:33:20;2,47;2990
ColpetroleumRsu8;MN-48;POOH ESP#9 PMM;TUBING 2 3/8 4,7 N-80 EUE;Llave Hidráulica;144;sencillos ;2025-12-06 04:35:48;2,2;3148
ColpetroleumRsu8;MN-48;POOH ESP#9 PMM;TUBING 2 3/8 4,7 N-80 EUE;Llave Hidráulica;145;sencillos ;2025-12-06 04:38:00;2,47;3185
ColpetroleumRsu8;MN-48;POOH ESP#9 PMM;TUBING 2 3/8 4,7 N-80 EUE;Llave Hidráulica;146;sencillos ;2025-12-06 04:40:28;3;3133
ColpetroleumRsu8;MN-48;POOH ESP#9 PMM;TUBING 2 3/8 4,7 N-80 EUE;Llave Hidráulica;147;sencillos ;2025-12-06 04:43:28;3,2;3313
ColpetroleumRsu8;MN-48;POOH ESP#9 PMM;TUBING 2 3/8 4,7 N-80 EUE;Llave Hidráulica;148;sencillos ;2025-12-06 04:46:40;4,93;3044
ColpetroleumRsu8;MN-48;POOH ESP#9 PMM;TUBING 2 3/8 4,7 N-80 EUE;Llave Hidráulica;149;sencillos ;2025-12-06 04:51:36;2,53;3118
ColpetroleumRsu8;MN-48;POOH ESP#9 PMM;TUBING 2 3/8 4,7 N-80 EUE;Llave Hidráulica;150;sencillos ;2025-12-06 04:54:08;2,33;2959
ColpetroleumRsu8;MN-48;POOH ESP#9 PMM;TUBING 2 3/8 4,7 N-80 EUE;Llave Hidráulica;151;sencillos ;2025-12-06 04:56:28;2,33;3031
ColpetroleumRsu8;MN-48;POOH ESP#9 PMM;TUBING 2 3/8 4,7 N-80 EUE;Llave Hidráulica;152;sencillos ;2025-12-06 04:58:48;2,6;2946
ColpetroleumRsu8;MN-48;POOH ESP#9 PMM;TUBING 2 3/8 4,7 N-80 EUE;Llave Hidráulica;153;sencillos ;2025-12-06 05:01:24;2,73;3867
ColpetroleumRsu8;MN-48;POOH ESP#9 PMM;TUBING 2 3/8 4,7 N-80 EUE;Llave Hidráulica;154;sencillos ;2025-12-06 05:04:08;3,73;3212
ColpetroleumRsu8;MN-48;POOH ESP#9 PMM;TUBING 2 3/8 4,7 N-80 EUE;Llave Hidráulica;155;sencillos ;2025-12-06 05:07:52;2,33;3114
ColpetroleumRsu8;MN-48;POOH ESP#9 PMM;TUBING 2 3/8 4,7 N-80 EUE;Llave Hidráulica;156;sencillos ;2025-12-06 05:10:12;2,47;3870
ColpetroleumRsu8;MN-48;POOH ESP#9 PMM;TUBING 2 3/8 4,7 N-80 EUE;Llave Hidráulica;157;sencillos ;2025-12-06 05:12:40;2,93;3172
ColpetroleumRsu8;MN-48;RIH BHA#1 LIMPIEZA_ARENA;DRILL PIPE 2 3/8 6,65 S135 NC26;Llave Hidráulica;1;sencillos ;2025-12-07 13:23:18;1,93;4167
ColpetroleumRsu8;MN-48;RIH BHA#1 LIMPIEZA_ARENA;DRILL PIPE 2 3/8 6,65 S135 NC26;Llave Hidráulica;2;sencillos ;2025-12-07 13:25:14;3,07;4167
ColpetroleumRsu8;MN-48;RIH BHA#1 LIMPIEZA_ARENA;DRILL PIPE 2 3/8 6,65 S135 NC26;Llave Hidráulica;3;sencillos ;2025-12-07 13:28:18;4;4167
ColpetroleumRsu8;MN-48;RIH BHA#1 LIMPIEZA_ARENA;DRILL PIPE 2 3/8 6,65 S135 NC26;Llave Hidráulica;4;sencillos ;2025-12-07 13:32:18;2,33;4172
ColpetroleumRsu8;MN-48;RIH BHA#1 LIMPIEZA_ARENA;DRILL PIPE 2 3/8 6,65 S135 NC26;Llave Hidráulica;5;sencillos ;2025-12-07 13:34:38;2,4;4012
ColpetroleumRsu8;MN-48;RIH BHA#1 LIMPIEZA_ARENA;DRILL PIPE 2 3/8 6,65 S135 NC26;Llave Hidráulica;6;sencillos ;2025-12-07 13:37:02;1,87;4160
ColpetroleumRsu8;MN-48;RIH BHA#1 LIMPIEZA_ARENA;DRILL PIPE 2 3/8 6,65 S135 NC26;Llave Hidráulica;7;sencillos ;2025-12-07 13:38:54;2,48;4156
ColpetroleumRsu8;MN-48;RIH BHA#1 LIMPIEZA_ARENA;DRILL PIPE 2 3/8 6,65 S135 NC26;Llave Hidráulica;8;sencillos ;2025-12-07 13:41:23;1,87;4153
ColpetroleumRsu8;MN-48;RIH BHA#1 LIMPIEZA_ARENA;DRILL PIPE 2 3/8 6,65 S135 NC26;Llave Hidráulica;9;sencillos ;2025-12-07 13:43:15;2,73;4152
ColpetroleumRsu8;MN-48;RIH BHA#1 LIMPIEZA_ARENA;DRILL PIPE 2 3/8 6,65 S135 NC26;Llave Hidráulica;10;sencillos ;2025-12-07 13:45:59;1,93;4156
ColpetroleumRsu8;MN-48;RIH BHA#1 LIMPIEZA_ARENA;DRILL PIPE 2 3/8 6,65 S135 NC26;Llave Hidráulica;11;sencillos ;2025-12-07 13:47:55;1,8;4186
ColpetroleumRsu8;MN-48;RIH BHA#1 LIMPIEZA_ARENA;DRILL PIPE 2 3/8 6,65 S135 NC26;Llave Hidráulica;12;sencillos ;2025-12-07 13:49:43;1,8;4147
ColpetroleumRsu8;MN-48;RIH BHA#1 LIMPIEZA_ARENA;DRILL PIPE 2 3/8 6,65 S135 NC26;Llave Hidráulica;13;sencillos ;2025-12-07 13:51:31;56,27;4170
ColpetroleumRsu8;MN-48;RIH BHA#1 LIMPIEZA_ARENA;DRILL PIPE 2 3/8 6,65 S135 NC26;Llave Hidráulica;14;sencillos ;2025-12-07 14:47:47;1,73;4256
ColpetroleumRsu8;MN-48;RIH BHA#1 LIMPIEZA_ARENA;DRILL PIPE 2 3/8 6,65 S135 NC26;Llave Hidráulica;15;sencillos ;2025-12-07 14:49:31;1,53;4188
ColpetroleumRsu8;MN-48;RIH BHA#1 LIMPIEZA_ARENA;DRILL PIPE 2 3/8 6,65 S135 NC26;Llave Hidráulica;16;sencillos ;2025-12-07 14:51:03;1,42;4102
ColpetroleumRsu8;MN-48;RIH BHA#1 LIMPIEZA_ARENA;DRILL PIPE 2 3/8 6,65 S135 NC26;Llave Hidráulica;17;sencillos ;2025-12-07 14:52:28;1,47;4304
ColpetroleumRsu8;MN-48;RIH BHA#1 LIMPIEZA_ARENA;DRILL PIPE 2 3/8 6,65 S135 NC26;Llave Hidráulica;18;sencillos ;2025-12-07 14:53:56;1,67;4147
ColpetroleumRsu8;MN-48;RIH BHA#1 LIMPIEZA_ARENA;DRILL PIPE 2 3/8 6,65 S135 NC26;Llave Hidráulica;19;sencillos ;2025-12-07 14:55:36;1,4;4182
ColpetroleumRsu8;MN-48;RIH BHA#1 LIMPIEZA_ARENA;DRILL PIPE 2 3/8 6,65 S135 NC26;Llave Hidráulica;20;sencillos ;2025-12-07 14:57:00;1,53;4156
ColpetroleumRsu8;MN-48;RIH BHA#1 LIMPIEZA_ARENA;DRILL PIPE 2 3/8 6,65 S135 NC26;Llave Hidráulica;21;sencillos ;2025-12-07 14:58:32;1,53;4149
ColpetroleumRsu8;MN-48;RIH BHA#1 LIMPIEZA_ARENA;DRILL PIPE 2 3/8 6,65 S135 NC26;Llave Hidráulica;22;sencillos ;2025-12-07 15:00:04;1,33;4144
ColpetroleumRsu8;MN-48;RIH BHA#1 LIMPIEZA_ARENA;DRILL PIPE 2 3/8 6,65 S135 NC26;Llave Hidráulica;23;sencillos ;2025-12-07 15:01:24;1,47;4145
ColpetroleumRsu8;MN-48;RIH BHA#1 LIMPIEZA_ARENA;DRILL PIPE 2 3/8 6,65 S135 NC26;Llave Hidráulica;24;sencillos ;2025-12-07 15:02:52;1,47;4143
ColpetroleumRsu8;MN-48;RIH BHA#1 LIMPIEZA_ARENA;DRILL PIPE 2 3/8 6,65 S135 NC26;Llave Hidráulica;25;sencillos ;2025-12-07 15:04:20;1,6;4140
ColpetroleumRsu8;MN-48;RIH BHA#1 LIMPIEZA_ARENA;DRILL PIPE 2 3/8 6,65 S135 NC26;Llave Hidráulica;26;sencillos ;2025-12-07 15:05:56;2,33;4144
ColpetroleumRsu8;MN-48;RIH BHA#1 LIMPIEZA_ARENA;DRILL PIPE 2 3/8 6,65 S135 NC26;Llave Hidráulica;27;sencillos ;2025-12-07 15:08:16;1,53;4138
ColpetroleumRsu8;MN-48;RIH BHA#1 LIMPIEZA_ARENA;DRILL PIPE 2 3/8 6,65 S135 NC26;Llave Hidráulica;28;sencillos ;2025-12-07 15:09:48;1,4;4142
ColpetroleumRsu8;MN-48;RIH BHA#1 LIMPIEZA_ARENA;DRILL PIPE 2 3/8 6,65 S135 NC26;Llave Hidráulica;29;sencillos ;2025-12-07 15:11:12;1,47;4138
ColpetroleumRsu8;MN-48;RIH BHA#1 LIMPIEZA_ARENA;DRILL PIPE 2 3/8 6,65 S135 NC26;Llave Hidráulica;30;sencillos ;2025-12-07 15:12:40;1,53;4139
ColpetroleumRsu8;MN-48;RIH BHA#1 LIMPIEZA_ARENA;DRILL PIPE 2 3/8 6,65 S135 NC26;Llave Hidráulica;31;sencillos ;2025-12-07 15:14:12;1,33;4144
ColpetroleumRsu8;MN-48;RIH BHA#1 LIMPIEZA_ARENA;DRILL PIPE 2 3/8 6,65 S135 NC26;Llave Hidráulica;32;sencillos ;2025-12-07 15:15:32;2;4151
ColpetroleumRsu8;MN-48;RIH BHA#1 LIMPIEZA_ARENA;DRILL PIPE 2 3/8 6,65 S135 NC26;Llave Hidráulica;33;sencillos ;2025-12-07 15:17:32;1,33;4138
ColpetroleumRsu8;MN-48;RIH BHA#1 LIMPIEZA_ARENA;DRILL PIPE 2 3/8 6,65 S135 NC26;Llave Hidráulica;34;sencillos ;2025-12-07 15:18:52;1,4;4143
ColpetroleumRsu8;MN-48;RIH BHA#1 LIMPIEZA_ARENA;DRILL PIPE 2 3/8 6,65 S135 NC26;Llave Hidráulica;35;sencillos ;2025-12-07 15:20:16;1,53;4178
ColpetroleumRsu8;MN-48;RIH BHA#1 LIMPIEZA_ARENA;DRILL PIPE 2 3/8 6,65 S135 NC26;Llave Hidráulica;36;sencillos ;2025-12-07 15:21:48;1,4;4136
ColpetroleumRsu8;MN-48;RIH BHA#1 LIMPIEZA_ARENA;DRILL PIPE 2 3/8 6,65 S135 NC26;Llave Hidráulica;37;sencillos ;2025-12-07 15:23:12;1,33;4143
ColpetroleumRsu8;MN-48;RIH BHA#1 LIMPIEZA_ARENA;DRILL PIPE 2 3/8 6,65 S135 NC26;Llave Hidráulica;38;sencillos ;2025-12-07 15:24:32;1,47;4138
ColpetroleumRsu8;MN-48;RIH BHA#1 LIMPIEZA_ARENA;DRILL PIPE 2 3/8 6,65 S135 NC26;Llave Hidráulica;39;sencillos ;2025-12-07 15:26:00;1,47;4138
ColpetroleumRsu8;MN-48;RIH BHA#1 LIMPIEZA_ARENA;DRILL PIPE 2 3/8 6,65 S135 NC26;Llave Hidráulica;40;sencillos ;2025-12-07 15:27:28;1,47;4136
ColpetroleumRsu8;MN-48;RIH BHA#1 LIMPIEZA_ARENA;DRILL PIPE 2 3/8 6,65 S135 NC26;Llave Hidráulica;41;sencillos ;2025-12-07 15:28:56;1,6;4146
ColpetroleumRsu8;MN-48;RIH BHA#1 LIMPIEZA_ARENA;DRILL PIPE 2 3/8 6,65 S135 NC26;Llave Hidráulica;42;sencillos ;2025-12-07 15:30:32;1,33;4140
ColpetroleumRsu8;MN-48;RIH BHA#1 LIMPIEZA_ARENA;DRILL PIPE 2 3/8 6,65 S135 NC26;Llave Hidráulica;43;sencillos ;2025-12-07 15:31:52;1,47;4140
ColpetroleumRsu8;MN-48;RIH BHA#1 LIMPIEZA_ARENA;DRILL PIPE 2 3/8 6,65 S135 NC26;Llave Hidráulica;44;sencillos ;2025-12-07 15:33:20;1,4;4148
ColpetroleumRsu8;MN-48;RIH BHA#1 LIMPIEZA_ARENA;DRILL PIPE 2 3/8 6,65 S135 NC26;Llave Hidráulica;45;sencillos ;2025-12-07 15:34:44;1,47;4150
ColpetroleumRsu8;MN-48;RIH BHA#1 LIMPIEZA_ARENA;DRILL PIPE 2 3/8 6,65 S135 NC26;Llave Hidráulica;46;sencillos ;2025-12-07 15:36:12;1,4;4373
ColpetroleumRsu8;MN-48;RIH BHA#1 LIMPIEZA_ARENA;DRILL PIPE 2 3/8 6,65 S135 NC26;Llave Hidráulica;47;sencillos ;2025-12-07 15:37:36;1,47;4138
ColpetroleumRsu8;MN-48;RIH BHA#1 LIMPIEZA_ARENA;DRILL PIPE 2 3/8 6,65 S135 NC26;Llave Hidráulica;48;sencillos ;2025-12-07 15:39:04;1,6;4135
ColpetroleumRsu8;MN-48;RIH BHA#1 LIMPIEZA_ARENA;DRILL PIPE 2 3/8 6,65 S135 NC26;Llave Hidráulica;49;sencillos ;2025-12-07 15:40:40;1,6;4141
ColpetroleumRsu8;MN-48;RIH BHA#1 LIMPIEZA_ARENA;DRILL PIPE 2 3/8 6,65 S135 NC26;Llave Hidráulica;50;sencillos ;2025-12-07 15:42:16;1,47;4126
ColpetroleumRsu8;MN-48;RIH BHA#1 LIMPIEZA_ARENA;DRILL PIPE 2 3/8 6,65 S135 NC26;Llave Hidráulica;51;sencillos ;2025-12-07 15:43:44;1,53;4118
ColpetroleumRsu8;MN-48;RIH BHA#1 LIMPIEZA_ARENA;DRILL PIPE 2 3/8 6,65 S135 NC26;Llave Hidráulica;52;sencillos ;2025-12-07 15:45:16;1,47;4138
ColpetroleumRsu8;MN-48;RIH BHA#1 LIMPIEZA_ARENA;DRILL PIPE 2 3/8 6,65 S135 NC26;Llave Hidráulica;53;sencillos ;2025-12-07 15:46:44;1,87;4136
ColpetroleumRsu8;MN-48;RIH BHA#1 LIMPIEZA_ARENA;DRILL PIPE 2 3/8 6,65 S135 NC26;Llave Hidráulica;54;sencillos ;2025-12-07 15:48:36;1,67;4135
ColpetroleumRsu8;MN-48;RIH BHA#1 LIMPIEZA_ARENA;DRILL PIPE 2 3/8 6,65 S135 NC26;Llave Hidráulica;55;sencillos ;2025-12-07 15:50:16;1,73;4309
ColpetroleumRsu8;MN-48;RIH BHA#1 LIMPIEZA_ARENA;DRILL PIPE 2 3/8 6,65 S135 NC26;Llave Hidráulica;56;sencillos ;2025-12-07 15:52:00;1,73;4134
ColpetroleumRsu8;MN-48;RIH BHA#1 LIMPIEZA_ARENA;DRILL PIPE 2 3/8 6,65 S135 NC26;Llave Hidráulica;57;sencillos ;2025-12-07 15:53:44;1,8;4136
ColpetroleumRsu8;MN-48;RIH BHA#1 LIMPIEZA_ARENA;DRILL PIPE 2 3/8 6,65 S135 NC26;Llave Hidráulica;58;sencillos ;2025-12-07 15:55:32;1,8;4136
ColpetroleumRsu8;MN-48;RIH BHA#1 LIMPIEZA_ARENA;DRILL PIPE 2 3/8 6,65 S135 NC26;Llave Hidráulica;59;sencillos ;2025-12-07 15:57:20;2,27;4133
ColpetroleumRsu8;MN-48;RIH BHA#1 LIMPIEZA_ARENA;DRILL PIPE 2 3/8 6,65 S135 NC26;Llave Hidráulica;60;sencillos ;2025-12-07 15:59:36;22,22;4160
ColpetroleumRsu8;MN-48;RIH BHA#1 LIMPIEZA_ARENA;DRILL PIPE 2 3/8 6,65 S135 NC26;Llave Hidráulica;61;sencillos ;2025-12-07 16:21:49;1,47;4213
ColpetroleumRsu8;MN-48;RIH BHA#1 LIMPIEZA_ARENA;DRILL PIPE 2 3/8 6,65 S135 NC26;Llave Hidráulica;62;sencillos ;2025-12-07 16:23:17;1,47;4152
ColpetroleumRsu8;MN-48;RIH BHA#1 LIMPIEZA_ARENA;DRILL PIPE 2 3/8 6,65 S135 NC26;Llave Hidráulica;63;sencillos ;2025-12-07 16:24:45;1,4;4151
ColpetroleumRsu8;MN-48;RIH BHA#1 LIMPIEZA_ARENA;DRILL PIPE 2 3/8 6,65 S135 NC26;Llave Hidráulica;64;sencillos ;2025-12-07 16:26:09;1,87;4153
ColpetroleumRsu8;MN-48;RIH BHA#1 LIMPIEZA_ARENA;DRILL PIPE 2 3/8 6,65 S135 NC26;Llave Hidráulica;65;sencillos ;2025-12-07 16:28:01;1,67;4147
ColpetroleumRsu8;MN-48;RIH BHA#1 LIMPIEZA_ARENA;DRILL PIPE 2 3/8 6,65 S135 NC26;Llave Hidráulica;66;sencillos ;2025-12-07 16:29:41;1,73;4146
ColpetroleumRsu8;MN-48;RIH BHA#1 LIMPIEZA_ARENA;DRILL PIPE 2 3/8 6,65 S135 NC26;Llave Hidráulica;67;sencillos ;2025-12-07 16:31:25;1,47;4148
ColpetroleumRsu8;MN-48;RIH BHA#1 LIMPIEZA_ARENA;DRILL PIPE 2 3/8 6,65 S135 NC26;Llave Hidráulica;68;sencillos ;2025-12-07 16:32:53;1,47;4192
ColpetroleumRsu8;MN-48;RIH BHA#1 LIMPIEZA_ARENA;DRILL PIPE 2 3/8 6,65 S135 NC26;Llave Hidráulica;69;sencillos ;2025-12-07 16:34:21;1,4;4126
ColpetroleumRsu8;MN-48;RIH BHA#1 LIMPIEZA_ARENA;DRILL PIPE 2 3/8 6,65 S135 NC26;Llave Hidráulica;70;sencillos ;2025-12-07 16:35:45;1,67;4141
ColpetroleumRsu8;MN-48;RIH BHA#1 LIMPIEZA_ARENA;DRILL PIPE 2 3/8 6,65 S135 NC26;Llave Hidráulica;71;sencillos ;2025-12-07 16:37:25;1,67;4124
ColpetroleumRsu8;MN-48;RIH BHA#1 LIMPIEZA_ARENA;DRILL PIPE 2 3/8 6,65 S135 NC26;Llave Hidráulica;72;sencillos ;2025-12-07 16:39:05;1,8;4187
ColpetroleumRsu8;MN-48;RIH BHA#1 LIMPIEZA_ARENA;DRILL PIPE 2 3/8 6,65 S135 NC26;Llave Hidráulica;73;sencillos ;2025-12-07 16:40:53;1,4;4138
ColpetroleumRsu8;MN-48;RIH BHA#1 LIMPIEZA_ARENA;DRILL PIPE 2 3/8 6,65 S135 NC26;Llave Hidráulica;74;sencillos ;2025-12-07 16:42:17;1,53;4138
ColpetroleumRsu8;MN-48;RIH BHA#1 LIMPIEZA_ARENA;DRILL PIPE 2 3/8 6,65 S135 NC26;Llave Hidráulica;75;sencillos ;2025-12-07 16:43:49;1,6;4135
ColpetroleumRsu8;MN-48;RIH BHA#1 LIMPIEZA_ARENA;DRILL PIPE 2 3/8 6,65 S135 NC26;Llave Hidráulica;76;sencillos ;2025-12-07 16:45:25;2,13;4138
ColpetroleumRsu8;MN-48;RIH BHA#1 LIMPIEZA_ARENA;DRILL PIPE 2 3/8 6,65 S135 NC26;Llave Hidráulica;77;sencillos ;2025-12-07 16:47:33;1,47;4131
ColpetroleumRsu8;MN-48;RIH BHA#1 LIMPIEZA_ARENA;DRILL PIPE 2 3/8 6,65 S135 NC26;Llave Hidráulica;78;sencillos ;2025-12-07 16:49:01;1,47;4138
ColpetroleumRsu8;MN-48;RIH BHA#1 LIMPIEZA_ARENA;DRILL PIPE 2 3/8 6,65 S135 NC26;Llave Hidráulica;79;sencillos ;2025-12-07 16:50:29;2,13;4132
ColpetroleumRsu8;MN-48;RIH BHA#1 LIMPIEZA_ARENA;DRILL PIPE 2 3/8 6,65 S135 NC26;Llave Hidráulica;80;sencillos ;2025-12-07 16:52:37;1,67;4136
ColpetroleumRsu8;MN-48;RIH BHA#1 LIMPIEZA_ARENA;DRILL PIPE 2 3/8 6,65 S135 NC26;Llave Hidráulica;81;sencillos ;2025-12-07 16:54:17;1,67;4101
ColpetroleumRsu8;MN-48;RIH BHA#1 LIMPIEZA_ARENA;DRILL PIPE 2 3/8 6,65 S135 NC26;Llave Hidráulica;82;sencillos ;2025-12-07 16:55:57;1,67;4135
ColpetroleumRsu8;MN-48;RIH BHA#1 LIMPIEZA_ARENA;DRILL PIPE 2 3/8 6,65 S135 NC26;Llave Hidráulica;83;sencillos ;2025-12-07 16:57:37;1,8;4135
ColpetroleumRsu8;MN-48;RIH BHA#1 LIMPIEZA_ARENA;DRILL PIPE 2 3/8 6,65 S135 NC26;Llave Hidráulica;84;sencillos ;2025-12-07 16:59:25;1,47;4235
ColpetroleumRsu8;MN-48;RIH BHA#1 LIMPIEZA_ARENA;DRILL PIPE 2 3/8 6,65 S135 NC26;Llave Hidráulica;85;sencillos ;2025-12-07 17:00:53;1,6;4137
ColpetroleumRsu8;MN-48;RIH BHA#1 LIMPIEZA_ARENA;DRILL PIPE 2 3/8 6,65 S135 NC26;Llave Hidráulica;86;sencillos ;2025-12-07 17:02:29;1,73;4131
ColpetroleumRsu8;MN-48;RIH BHA#1 LIMPIEZA_ARENA;DRILL PIPE 2 3/8 6,65 S135 NC26;Llave Hidráulica;87;sencillos ;2025-12-07 17:04:13;2,53;4107
ColpetroleumRsu8;MN-48;RIH BHA#1 LIMPIEZA_ARENA;DRILL PIPE 2 3/8 6,65 S135 NC26;Llave Hidráulica;88;sencillos ;2025-12-07 17:06:45;1,6;4123
ColpetroleumRsu8;MN-48;RIH BHA#1 LIMPIEZA_ARENA;DRILL PIPE 2 3/8 6,65 S135 NC26;Llave Hidráulica;89;sencillos ;2025-12-07 17:08:21;2,2;4127
ColpetroleumRsu8;MN-48;RIH BHA#1 LIMPIEZA_ARENA;DRILL PIPE 2 3/8 6,65 S135 NC26;Llave Hidráulica;90;sencillos ;2025-12-07 17:10:33;179,78;4088
ColpetroleumRsu8;MN-48;RIH BHA#1 LIMPIEZA_ARENA;DRILL PIPE 2 3/8 6,65 S135 NC26;Llave Hidráulica;91;sencillos ;2025-12-07 20:10:20;1,53;4206
ColpetroleumRsu8;MN-48;RIH BHA#1 LIMPIEZA_ARENA;DRILL PIPE 2 3/8 6,65 S135 NC26;Llave Hidráulica;92;sencillos ;2025-12-07 20:11:52;1,6;4204
ColpetroleumRsu8;MN-48;RIH BHA#1 LIMPIEZA_ARENA;DRILL PIPE 2 3/8 6,65 S135 NC26;Llave Hidráulica;93;sencillos ;2025-12-07 20:13:28;1,6;4196
ColpetroleumRsu8;MN-48;RIH BHA#1 LIMPIEZA_ARENA;DRILL PIPE 2 3/8 6,65 S135 NC26;Llave Hidráulica;94;sencillos ;2025-12-07 20:15:04;1,6;4207
ColpetroleumRsu8;MN-48;RIH BHA#1 LIMPIEZA_ARENA;DRILL PIPE 2 3/8 6,65 S135 NC26;Llave Hidráulica;95;sencillos ;2025-12-07 20:16:40;1,47;4173
ColpetroleumRsu8;MN-48;RIH BHA#1 LIMPIEZA_ARENA;DRILL PIPE 2 3/8 6,65 S135 NC26;Llave Hidráulica;96;sencillos ;2025-12-07 20:18:08;1,47;4163
ColpetroleumRsu8;MN-48;RIH BHA#1 LIMPIEZA_ARENA;DRILL PIPE 2 3/8 6,65 S135 NC26;Llave Hidráulica;97;sencillos ;2025-12-07 20:19:36;1,4;4165
ColpetroleumRsu8;MN-48;RIH BHA#1 LIMPIEZA_ARENA;DRILL PIPE 2 3/8 6,65 S135 NC26;Llave Hidráulica;98;sencillos ;2025-12-07 20:21:00;1,53;4174
ColpetroleumRsu8;MN-48;RIH BHA#1 LIMPIEZA_ARENA;DRILL PIPE 2 3/8 6,65 S135 NC26;Llave Hidráulica;99;sencillos ;2025-12-07 20:22:32;3,13;4306
ColpetroleumRsu8;MN-48;RIH BHA#1 LIMPIEZA_ARENA;DRILL PIPE 2 3/8 6,65 S135 NC26;Llave Hidráulica;100;sencillos ;2025-12-07 20:25:40;1,6;4359
ColpetroleumRsu8;MN-48;RIH BHA#1 LIMPIEZA_ARENA;DRILL PIPE 2 3/8 6,65 S135 NC26;Llave Hidráulica;101;sencillos ;2025-12-07 20:27:16;1,73;4303
ColpetroleumRsu8;MN-48;RIH BHA#1 LIMPIEZA_ARENA;DRILL PIPE 2 3/8 6,65 S135 NC26;Llave Hidráulica;102;sencillos ;2025-12-07 20:29:00;1,4;4293
ColpetroleumRsu8;MN-48;RIH BHA#1 LIMPIEZA_ARENA;DRILL PIPE 2 3/8 6,65 S135 NC26;Llave Hidráulica;103;sencillos ;2025-12-07 20:30:24;1,4;4315
ColpetroleumRsu8;MN-48;RIH BHA#1 LIMPIEZA_ARENA;DRILL PIPE 2 3/8 6,65 S135 NC26;Llave Hidráulica;104;sencillos ;2025-12-07 20:31:48;2,2;4161
ColpetroleumRsu8;MN-48;RIH BHA#1 LIMPIEZA_ARENA;DRILL PIPE 2 3/8 6,65 S135 NC26;Llave Hidráulica;105;sencillos ;2025-12-07 20:34:00;1,4;4325
ColpetroleumRsu8;MN-48;RIH BHA#1 LIMPIEZA_ARENA;DRILL PIPE 2 3/8 6,65 S135 NC26;Llave Hidráulica;106;sencillos ;2025-12-07 20:35:24;1,6;4316
ColpetroleumRsu8;MN-48;RIH BHA#1 LIMPIEZA_ARENA;DRILL PIPE 2 3/8 6,65 S135 NC26;Llave Hidráulica;107;sencillos ;2025-12-07 20:37:00;1,6;4327
ColpetroleumRsu8;MN-48;RIH BHA#1 LIMPIEZA_ARENA;DRILL PIPE 2 3/8 6,65 S135 NC26;Llave Hidráulica;108;sencillos ;2025-12-07 20:38:36;1,47;4320
ColpetroleumRsu8;MN-48;RIH BHA#1 LIMPIEZA_ARENA;DRILL PIPE 2 3/8 6,65 S135 NC26;Llave Hidráulica;109;sencillos ;2025-12-07 20:40:04;1,53;4371
ColpetroleumRsu8;MN-48;RIH BHA#1 LIMPIEZA_ARENA;DRILL PIPE 2 3/8 6,65 S135 NC26;Llave Hidráulica;110;sencillos ;2025-12-07 20:41:36;1,53;4313
ColpetroleumRsu8;MN-48;RIH BHA#1 LIMPIEZA_ARENA;DRILL PIPE 2 3/8 6,65 S135 NC26;Llave Hidráulica;111;sencillos ;2025-12-07 20:43:08;1,6;4310
ColpetroleumRsu8;MN-48;RIH BHA#1 LIMPIEZA_ARENA;DRILL PIPE 2 3/8 6,65 S135 NC26;Llave Hidráulica;112;sencillos ;2025-12-07 20:44:44;1,4;4287
ColpetroleumRsu8;MN-48;RIH BHA#1 LIMPIEZA_ARENA;DRILL PIPE 2 3/8 6,65 S135 NC26;Llave Hidráulica;113;sencillos ;2025-12-07 20:46:08;1,62;4313
ColpetroleumRsu8;MN-48;RIH BHA#1 LIMPIEZA_ARENA;DRILL PIPE 2 3/8 6,65 S135 NC26;Llave Hidráulica;114;sencillos ;2025-12-07 20:47:45;1,87;4320
ColpetroleumRsu8;MN-48;RIH BHA#1 LIMPIEZA_ARENA;DRILL PIPE 2 3/8 6,65 S135 NC26;Llave Hidráulica;115;sencillos ;2025-12-07 20:49:37;1,53;4221
ColpetroleumRsu8;MN-48;RIH BHA#1 LIMPIEZA_ARENA;DRILL PIPE 2 3/8 6,65 S135 NC26;Llave Hidráulica;116;sencillos ;2025-12-07 20:51:09;1,93;4315
ColpetroleumRsu8;MN-48;RIH BHA#1 LIMPIEZA_ARENA;DRILL PIPE 2 3/8 6,65 S135 NC26;Llave Hidráulica;117;sencillos ;2025-12-07 20:53:05;1,53;4312
ColpetroleumRsu8;MN-48;RIH BHA#1 LIMPIEZA_ARENA;DRILL PIPE 2 3/8 6,65 S135 NC26;Llave Hidráulica;118;sencillos ;2025-12-07 20:54:37;1,47;4309
ColpetroleumRsu8;MN-48;RIH BHA#1 LIMPIEZA_ARENA;DRILL PIPE 2 3/8 6,65 S135 NC26;Llave Hidráulica;119;sencillos ;2025-12-07 20:56:05;1,53;4314
ColpetroleumRsu8;MN-48;RIH BHA#1 LIMPIEZA_ARENA;DRILL PIPE 2 3/8 6,65 S135 NC26;Llave Hidráulica;120;sencillos ;2025-12-07 20:57:37;1,53;4314
ColpetroleumRsu8;MN-48;RIH BHA#1 LIMPIEZA_ARENA;DRILL PIPE 2 3/8 6,65 S135 NC26;Llave Hidráulica;121;sencillos ;2025-12-07 20:59:09;1,8;4309
ColpetroleumRsu8;MN-48;RIH BHA#1 LIMPIEZA_ARENA;DRILL PIPE 2 3/8 6,65 S135 NC26;Llave Hidráulica;122;sencillos ;2025-12-07 21:00:57;1,67;4311
ColpetroleumRsu8;MN-48;RIH BHA#1 LIMPIEZA_ARENA;DRILL PIPE 2 3/8 6,65 S135 NC26;Llave Hidráulica;123;sencillos ;2025-12-07 21:02:37;1,53;4316
ColpetroleumRsu8;MN-48;RIH BHA#1 LIMPIEZA_ARENA;DRILL PIPE 2 3/8 6,65 S135 NC26;Llave Hidráulica;124;sencillos ;2025-12-07 21:04:09;2,2;4316
ColpetroleumRsu8;MN-48;RIH BHA#1 LIMPIEZA_ARENA;DRILL PIPE 2 3/8 6,65 S135 NC26;Llave Hidráulica;125;sencillos ;2025-12-07 21:06:21;1,8;4314
ColpetroleumRsu8;MN-48;RIH BHA#1 LIMPIEZA_ARENA;DRILL PIPE 2 3/8 6,65 S135 NC26;Llave Hidráulica;126;sencillos ;2025-12-07 21:08:09;1,73;4313
ColpetroleumRsu8;MN-48;RIH BHA#1 LIMPIEZA_ARENA;DRILL PIPE 2 3/8 6,65 S135 NC26;Llave Hidráulica;127;sencillos ;2025-12-07 21:09:53;1,8;4311
ColpetroleumRsu8;MN-48;RIH BHA#1 LIMPIEZA_ARENA;DRILL PIPE 2 3/8 6,65 S135 NC26;Llave Hidráulica;128;sencillos ;2025-12-07 21:11:41;1,93;4294
ColpetroleumRsu8;MN-48;RIH BHA#1 LIMPIEZA_ARENA;DRILL PIPE 2 3/8 6,65 S135 NC26;Llave Hidráulica;129;sencillos ;2025-12-07 21:13:37;2;4260
ColpetroleumRsu8;MN-48;RIH BHA#1 LIMPIEZA_ARENA;DRILL PIPE 2 3/8 6,65 S135 NC26;Llave Hidráulica;130;sencillos ;2025-12-07 21:15:37;2;4311
ColpetroleumRsu8;MN-48;RIH BHA#1 LIMPIEZA_ARENA;DRILL PIPE 2 3/8 6,65 S135 NC26;Llave Hidráulica;131;sencillos ;2025-12-07 21:17:37;1,73;4310
ColpetroleumRsu8;MN-48;RIH BHA#1 LIMPIEZA_ARENA;DRILL PIPE 2 3/8 6,65 S135 NC26;Llave Hidráulica;132;sencillos ;2025-12-07 21:19:21;1,93;4312
ColpetroleumRsu8;MN-48;RIH BHA#1 LIMPIEZA_ARENA;DRILL PIPE 2 3/8 6,65 S135 NC26;Llave Hidráulica;133;sencillos ;2025-12-07 21:21:17;2;4313
ColpetroleumRsu8;MN-48;RIH BHA#1 LIMPIEZA_ARENA;DRILL PIPE 2 3/8 6,65 S135 NC26;Llave Hidráulica;134;sencillos ;2025-12-07 21:23:17;2,4;4314
ColpetroleumRsu8;MN-48;RIH BHA#1 LIMPIEZA_ARENA;DRILL PIPE 2 3/8 6,65 S135 NC26;Llave Hidráulica;135;sencillos ;2025-12-07 21:25:41;1,8;4309
ColpetroleumRsu8;MN-48;RIH BHA#1 LIMPIEZA_ARENA;DRILL PIPE 2 3/8 6,65 S135 NC26;Llave Hidráulica;136;sencillos ;2025-12-07 21:27:29;2;4313
ColpetroleumRsu8;MN-48;RIH BHA#1 LIMPIEZA_ARENA;DRILL PIPE 2 3/8 6,65 S135 NC26;Llave Hidráulica;137;sencillos ;2025-12-07 21:29:29;2,53;4220
ColpetroleumRsu8;MN-48;RIH BHA#1 LIMPIEZA_ARENA;DRILL PIPE 2 3/8 6,65 S135 NC26;Llave Hidráulica;138;sencillos ;2025-12-07 21:32:01;2,13;4314
ColpetroleumRsu8;MN-48;RIH BHA#1 LIMPIEZA_ARENA;DRILL PIPE 2 3/8 6,65 S135 NC26;Llave Hidráulica;139;sencillos ;2025-12-07 21:34:09;3,13;4315
ColpetroleumRsu8;MN-48;RIH BHA#1 LIMPIEZA_ARENA;DRILL PIPE 2 3/8 6,65 S135 NC26;Llave Hidráulica;140;sencillos ;2025-12-07 21:37:17;2,6;4315
ColpetroleumRsu8;MN-48;RIH BHA#1 LIMPIEZA_ARENA;DRILL PIPE 2 3/8 6,65 S135 NC26;Llave Hidráulica;141;sencillos ;2025-12-07 21:39:53;2,07;4379
ColpetroleumRsu8;MN-48;RIH BHA#1 LIMPIEZA_ARENA;DRILL PIPE 2 3/8 6,65 S135 NC26;Llave Hidráulica;142;sencillos ;2025-12-07 21:41:57;2,53;4384
ColpetroleumRsu8;MN-48;RIH BHA#1 LIMPIEZA_ARENA;DRILL PIPE 2 3/8 6,65 S135 NC26;Llave Hidráulica;143;sencillos ;2025-12-07 21:44:29;3,27;4315
ColpetroleumRsu8;MN-48;RIH BHA#1 LIMPIEZA_ARENA;DRILL PIPE 2 3/8 6,65 S135 NC26;Llave Hidráulica;144;sencillos ;2025-12-07 21:47:45;51,08;4379
ColpetroleumRsu8;MN-48;RIH BHA#1 LIMPIEZA_ARENA;DRILL PIPE 2 3/8 6,65 S135 NC26;Llave Hidráulica;145;sencillos ;2025-12-07 22:38:50;2,27;4338
ColpetroleumRsu8;MN-48;RIH BHA#1 LIMPIEZA_ARENA;DRILL PIPE 2 3/8 6,65 S135 NC26;Llave Hidráulica;146;sencillos ;2025-12-07 22:41:06;2,53;4335
ColpetroleumRsu8;MN-48;RIH BHA#1 LIMPIEZA_ARENA;DRILL PIPE 2 3/8 6,65 S135 NC26;Llave Hidráulica;147;sencillos ;2025-12-07 22:43:38;2,53;4328
ColpetroleumRsu8;MN-48;RIH BHA#1 LIMPIEZA_ARENA;DRILL PIPE 2 3/8 6,65 S135 NC26;Llave Hidráulica;148;sencillos ;2025-12-07 22:46:10;2,93;4336
ColpetroleumRsu8;MN-48;RIH BHA#1 LIMPIEZA_ARENA;DRILL PIPE 2 3/8 6,65 S135 NC26;Llave Hidráulica;149;sencillos ;2025-12-07 22:49:06;2,53;4320
ColpetroleumRsu8;MN-48;RIH BHA#1 LIMPIEZA_ARENA;DRILL PIPE 2 3/8 6,65 S135 NC26;Llave Hidráulica;150;sencillos ;2025-12-07 22:51:38;2,27;4319
ColpetroleumRsu8;MN-48;RIH BHA#1 LIMPIEZA_ARENA;DRILL PIPE 2 3/8 6,65 S135 NC26;Llave Hidráulica;151;sencillos ;2025-12-07 22:53:54;2;4316
ColpetroleumRsu8;MN-48;RIH BHA#1 LIMPIEZA_ARENA;DRILL PIPE 2 3/8 6,65 S135 NC26;Llave Hidráulica;152;sencillos ;2025-12-07 22:55:54;2,07;4322
ColpetroleumRsu8;MN-48;RIH BHA#1 LIMPIEZA_ARENA;DRILL PIPE 2 3/8 6,65 S135 NC26;Llave Hidráulica;153;sencillos ;2025-12-07 22:57:58;2;4297
ColpetroleumRsu8;MN-48;RIH BHA#1 LIMPIEZA_ARENA;DRILL PIPE 2 3/8 6,65 S135 NC26;Llave Hidráulica;154;sencillos ;2025-12-07 22:59:58;1,87;4318
ColpetroleumRsu8;MN-48;RIH BHA#1 LIMPIEZA_ARENA;DRILL PIPE 2 3/8 6,65 S135 NC26;Llave Hidráulica;155;sencillos ;2025-12-07 23:01:50;2;4317
ColpetroleumRsu8;MN-48;RIH BHA#1 LIMPIEZA_ARENA;DRILL PIPE 2 3/8 6,65 S135 NC26;Llave Hidráulica;156;sencillos ;2025-12-07 23:03:50;1,88;4316
ColpetroleumRsu8;MN-48;RIH BHA#1 LIMPIEZA_ARENA;DRILL PIPE 2 3/8 6,65 S135 NC26;Llave Hidráulica;157;sencillos ;2025-12-07 23:05:43;1,87;4319
ColpetroleumRsu8;MN-48;RIH BHA#1 LIMPIEZA_ARENA;DRILL PIPE 2 3/8 6,65 S135 NC26;Llave Hidráulica;158;sencillos ;2025-12-07 23:07:35;1,93;4229
ColpetroleumRsu8;MN-48;RIH BHA#1 LIMPIEZA_ARENA;DRILL PIPE 2 3/8 6,65 S135 NC26;Llave Hidráulica;159;sencillos ;2025-12-07 23:09:31;1,93;4335
ColpetroleumRsu8;MN-48;RIH BHA#1 LIMPIEZA_ARENA;DRILL PIPE 2 3/8 6,65 S135 NC26;Llave Hidráulica;160;sencillos ;2025-12-07 23:11:27;1,73;4344
ColpetroleumRsu8;MN-48;RIH BHA#1 LIMPIEZA_ARENA;DRILL PIPE 2 3/8 6,65 S135 NC26;Llave Hidráulica;161;sencillos ;2025-12-07 23:13:11;1,73;4318
ColpetroleumRsu8;MN-48;RIH BHA#1 LIMPIEZA_ARENA;DRILL PIPE 2 3/8 6,65 S135 NC26;Llave Hidráulica;162;sencillos ;2025-12-07 23:14:55;1,8;4319
ColpetroleumRsu8;MN-48;RIH BHA#1 LIMPIEZA_ARENA;DRILL PIPE 2 3/8 6,65 S135 NC26;Llave Hidráulica;163;sencillos ;2025-12-07 23:16:43;1,73;4297
ColpetroleumRsu8;MN-48;RIH BHA#1 LIMPIEZA_ARENA;DRILL PIPE 2 3/8 6,65 S135 NC26;Llave Hidráulica;164;sencillos ;2025-12-07 23:18:27;1,92;4341
ColpetroleumRsu8;MN-48;RIH BHA#1 LIMPIEZA_ARENA;DRILL PIPE 2 3/8 6,65 S135 NC26;Llave Hidráulica;165;sencillos ;2025-12-07 23:20:22;2,13;4316
ColpetroleumRsu8;MN-48;RIH BHA#1 LIMPIEZA_ARENA;DRILL PIPE 2 3/8 6,65 S135 NC26;Llave Hidráulica;166;sencillos ;2025-12-07 23:22:30;1,8;4319
ColpetroleumRsu8;MN-48;RIH BHA#1 LIMPIEZA_ARENA;DRILL PIPE 2 3/8 6,65 S135 NC26;Llave Hidráulica;167;sencillos ;2025-12-07 23:24:18;2,13;4310
ColpetroleumRsu8;MN-48;RIH BHA#1 LIMPIEZA_ARENA;DRILL PIPE 2 3/8 6,65 S135 NC26;Llave Hidráulica;168;sencillos ;2025-12-07 23:26:26;1,73;4318
ColpetroleumRsu8;MN-48;RIH BHA#1 LIMPIEZA_ARENA;DRILL PIPE 2 3/8 6,65 S135 NC26;Llave Hidráulica;169;sencillos ;2025-12-07 23:28:10;2,13;4315
ColpetroleumRsu8;MN-48;RIH BHA#1 LIMPIEZA_ARENA;DRILL PIPE 2 3/8 6,65 S135 NC26;Llave Hidráulica;170;sencillos ;2025-12-07 23:30:18;1,73;4313
ColpetroleumRsu8;MN-48;RIH BHA#1 LIMPIEZA_ARENA;DRILL PIPE 2 3/8 6,65 S135 NC26;Llave Hidráulica;171;sencillos ;2025-12-07 23:32:02;2,47;4318
ColpetroleumRsu8;MN-48;RIH BHA#1 LIMPIEZA_ARENA;DRILL PIPE 2 3/8 6,65 S135 NC26;Llave Hidráulica;172;sencillos ;2025-12-07 23:34:30;2,2;4371
ColpetroleumRsu8;MN-48;RIH BHA#1 LIMPIEZA_ARENA;DRILL PIPE 2 3/8 6,65 S135 NC26;Llave Hidráulica;173;sencillos ;2025-12-07 23:36:42;2;4314
ColpetroleumRsu8;MN-48;RIH BHA#1 LIMPIEZA_ARENA;DRILL PIPE 2 3/8 6,65 S135 NC26;Llave Hidráulica;174;sencillos ;2025-12-07 23:38:42;1,87;4318
ColpetroleumRsu8;MN-48;RIH BHA#1 LIMPIEZA_ARENA;DRILL PIPE 2 3/8 6,65 S135 NC26;Llave Hidráulica;175;sencillos ;2025-12-07 23:40:34;1,87;4315
ColpetroleumRsu8;MN-48;RIH BHA#1 LIMPIEZA_ARENA;DRILL PIPE 2 3/8 6,65 S135 NC26;Llave Hidráulica;176;sencillos ;2025-12-07 23:42:26;2,33;4321
ColpetroleumRsu8;MN-48;RIH BHA#1 LIMPIEZA_ARENA;DRILL PIPE 2 3/8 6,65 S135 NC26;Llave Hidráulica;177;sencillos ;2025-12-07 23:44:46;3,13;4314
ColpetroleumRsu8;MN-48;RIH BHA#1 LIMPIEZA_ARENA;DRILL PIPE 2 3/8 6,65 S135 NC26;Llave Hidráulica;178;sencillos ;2025-12-07 23:47:54;2,73;4310
ColpetroleumRsu8;MN-48;RIH BHA#1 LIMPIEZA_ARENA;DRILL PIPE 2 3/8 6,65 S135 NC26;Llave Hidráulica;179;sencillos ;2025-12-07 23:50:38;2,8;4312
ColpetroleumRsu8;MN-48;RIH BHA#1 LIMPIEZA_ARENA;DRILL PIPE 2 3/8 6,65 S135 NC26;Llave Hidráulica;180;sencillos ;2025-12-07 23:53:26;191,12;4449
ColpetroleumRsu8;MN-48;RIH BHA#1 LIMPIEZA_ARENA;DRILL PIPE 2 3/8 6,65 S135 NC26;Llave Hidráulica;181;sencillos ;2025-12-08 03:04:33;1,47;4399
ColpetroleumRsu8;MN-48;RIH BHA#1 LIMPIEZA_ARENA;DRILL PIPE 2 3/8 6,65 S135 NC26;Llave Hidráulica;182;sencillos ;2025-12-08 03:06:01;1,4;4519
ColpetroleumRsu8;MN-48;RIH BHA#1 LIMPIEZA_ARENA;DRILL PIPE 2 3/8 6,65 S135 NC26;Llave Hidráulica;183;sencillos ;2025-12-08 03:07:25;1,73;4379
ColpetroleumRsu8;MN-48;RIH BHA#1 LIMPIEZA_ARENA;DRILL PIPE 2 3/8 6,65 S135 NC26;Llave Hidráulica;184;sencillos ;2025-12-08 03:09:09;1,47;4373
ColpetroleumRsu8;MN-48;RIH BHA#1 LIMPIEZA_ARENA;DRILL PIPE 2 3/8 6,65 S135 NC26;Llave Hidráulica;185;sencillos ;2025-12-08 03:10:37;1,47;4359
ColpetroleumRsu8;MN-48;RIH BHA#1 LIMPIEZA_ARENA;DRILL PIPE 2 3/8 6,65 S135 NC26;Llave Hidráulica;186;sencillos ;2025-12-08 03:12:05;1,53;4377
ColpetroleumRsu8;MN-48;RIH BHA#1 LIMPIEZA_ARENA;DRILL PIPE 2 3/8 6,65 S135 NC26;Llave Hidráulica;187;sencillos ;2025-12-08 03:13:37;1,53;4362
ColpetroleumRsu8;MN-48;RIH BHA#1 LIMPIEZA_ARENA;DRILL PIPE 2 3/8 6,65 S135 NC26;Llave Hidráulica;188;sencillos ;2025-12-08 03:15:09;1,47;4367
ColpetroleumRsu8;MN-48;RIH BHA#1 LIMPIEZA_ARENA;DRILL PIPE 2 3/8 6,65 S135 NC26;Llave Hidráulica;189;sencillos ;2025-12-08 03:16:37;1,53;4371
ColpetroleumRsu8;MN-48;RIH BHA#1 LIMPIEZA_ARENA;DRILL PIPE 2 3/8 6,65 S135 NC26;Llave Hidráulica;190;sencillos ;2025-12-08 03:18:09;1,47;4353
ColpetroleumRsu8;MN-48;RIH BHA#1 LIMPIEZA_ARENA;DRILL PIPE 2 3/8 6,65 S135 NC26;Llave Hidráulica;191;sencillos ;2025-12-08 03:19:37;1,47;4345
ColpetroleumRsu8;MN-48;RIH BHA#1 LIMPIEZA_ARENA;DRILL PIPE 2 3/8 6,65 S135 NC26;Llave Hidráulica;192;sencillos ;2025-12-08 03:21:05;1,47;4421
ColpetroleumRsu8;MN-48;RIH BHA#1 LIMPIEZA_ARENA;DRILL PIPE 2 3/8 6,65 S135 NC26;Llave Hidráulica;193;sencillos ;2025-12-08 03:22:33;1,47;4344
ColpetroleumRsu8;MN-48;RIH BHA#1 LIMPIEZA_ARENA;DRILL PIPE 2 3/8 6,65 S135 NC26;Llave Hidráulica;194;sencillos ;2025-12-08 03:24:01;1,67;4374
ColpetroleumRsu8;MN-48;RIH BHA#1 LIMPIEZA_ARENA;DRILL PIPE 2 3/8 6,65 S135 NC26;Llave Hidráulica;195;sencillos ;2025-12-08 03:25:41;1,47;4345
ColpetroleumRsu8;MN-48;RIH BHA#1 LIMPIEZA_ARENA;DRILL PIPE 2 3/8 6,65 S135 NC26;Llave Hidráulica;196;sencillos ;2025-12-08 03:27:09;1,53;4343
ColpetroleumRsu8;MN-48;RIH BHA#1 LIMPIEZA_ARENA;DRILL PIPE 2 3/8 6,65 S135 NC26;Llave Hidráulica;197;sencillos ;2025-12-08 03:28:41;1,53;4339
ColpetroleumRsu8;MN-48;RIH BHA#1 LIMPIEZA_ARENA;DRILL PIPE 2 3/8 6,65 S135 NC26;Llave Hidráulica;198;sencillos ;2025-12-08 03:30:13;1,4;4343
ColpetroleumRsu8;MN-48;RIH BHA#1 LIMPIEZA_ARENA;DRILL PIPE 2 3/8 6,65 S135 NC26;Llave Hidráulica;199;sencillos ;2025-12-08 03:31:37;1,47;4333
ColpetroleumRsu8;MN-48;RIH BHA#1 LIMPIEZA_ARENA;DRILL PIPE 2 3/8 6,65 S135 NC26;Llave Hidráulica;200;sencillos ;2025-12-08 03:33:05;1,4;4342
ColpetroleumRsu8;MN-48;RIH BHA#1 LIMPIEZA_ARENA;DRILL PIPE 2 3/8 6,65 S135 NC26;Llave Hidráulica;201;sencillos ;2025-12-08 03:34:29;1,6;4338
ColpetroleumRsu8;MN-48;RIH BHA#1 LIMPIEZA_ARENA;DRILL PIPE 2 3/8 6,65 S135 NC26;Llave Hidráulica;202;sencillos ;2025-12-08 03:36:05;2,27;4371
ColpetroleumRsu8;MN-48;RIH BHA#1 LIMPIEZA_ARENA;DRILL PIPE 2 3/8 6,65 S135 NC26;Llave Hidráulica;203;sencillos ;2025-12-08 03:38:21;1,47;4334
ColpetroleumRsu8;MN-48;RIH BHA#1 LIMPIEZA_ARENA;DRILL PIPE 2 3/8 6,65 S135 NC26;Llave Hidráulica;204;sencillos ;2025-12-08 03:39:49;1,6;4336
ColpetroleumRsu8;MN-48;RIH BHA#1 LIMPIEZA_ARENA;DRILL PIPE 2 3/8 6,65 S135 NC26;Llave Hidráulica;205;sencillos ;2025-12-08 03:41:25;1,73;4378
ColpetroleumRsu8;MN-48;RIH BHA#1 LIMPIEZA_ARENA;DRILL PIPE 2 3/8 6,65 S135 NC26;Llave Hidráulica;206;sencillos ;2025-12-08 03:43:09;4,73;4337
ColpetroleumRsu8;MN-48;RIH BHA#1 LIMPIEZA_ARENA;DRILL PIPE 2 3/8 6,65 S135 NC26;Llave Hidráulica;207;sencillos ;2025-12-08 03:47:53;1,47;4336
ColpetroleumRsu8;MN-48;RIH BHA#1 LIMPIEZA_ARENA;DRILL PIPE 2 3/8 6,65 S135 NC26;Llave Hidráulica;208;sencillos ;2025-12-08 03:49:21;1,47;4340
ColpetroleumRsu8;MN-48;RIH BHA#1 LIMPIEZA_ARENA;DRILL PIPE 2 3/8 6,65 S135 NC26;Llave Hidráulica;209;sencillos ;2025-12-08 03:50:49;1,8;4337
ColpetroleumRsu8;MN-48;RIH BHA#1 LIMPIEZA_ARENA;DRILL PIPE 2 3/8 6,65 S135 NC26;Llave Hidráulica;210;sencillos ;2025-12-08 03:52:37;1,55;4339
ColpetroleumRsu8;MN-48;RIH BHA#1 LIMPIEZA_ARENA;DRILL PIPE 2 3/8 6,65 S135 NC26;Llave Hidráulica;211;sencillos ;2025-12-08 03:54:10;1,67;4338
ColpetroleumRsu8;MN-48;RIH BHA#1 LIMPIEZA_ARENA;DRILL PIPE 2 3/8 6,65 S135 NC26;Llave Hidráulica;212;sencillos ;2025-12-08 03:55:50;1,53;4320
ColpetroleumRsu8;MN-48;RIH BHA#1 LIMPIEZA_ARENA;DRILL PIPE 2 3/8 6,65 S135 NC26;Llave Hidráulica;213;sencillos ;2025-12-08 03:57:22;1,93;4338
ColpetroleumRsu8;MN-48;RIH BHA#1 LIMPIEZA_ARENA;DRILL PIPE 2 3/8 6,65 S135 NC26;Llave Hidráulica;214;sencillos ;2025-12-08 03:59:18;1,87;4346
ColpetroleumRsu8;MN-48;RIH BHA#1 LIMPIEZA_ARENA;DRILL PIPE 2 3/8 6,65 S135 NC26;Llave Hidráulica;215;sencillos ;2025-12-08 04:01:10;1,53;4340
ColpetroleumRsu8;MN-48;RIH BHA#1 LIMPIEZA_ARENA;DRILL PIPE 2 3/8 6,65 S135 NC26;Llave Hidráulica;216;sencillos ;2025-12-08 04:02:42;1,8;4317
ColpetroleumRsu8;MN-48;RIH BHA#1 LIMPIEZA_ARENA;DRILL PIPE 2 3/8 6,65 S135 NC26;Llave Hidráulica;217;sencillos ;2025-12-08 04:04:30;1,67;4334
ColpetroleumRsu8;MN-48;RIH BHA#1 LIMPIEZA_ARENA;DRILL PIPE 2 3/8 6,65 S135 NC26;Llave Hidráulica;218;sencillos ;2025-12-08 04:06:10;1,53;4319
ColpetroleumRsu8;MN-48;RIH BHA#1 LIMPIEZA_ARENA;DRILL PIPE 2 3/8 6,65 S135 NC26;Llave Hidráulica;219;sencillos ;2025-12-08 04:07:42;1,47;4339
ColpetroleumRsu8;MN-48;RIH BHA#1 LIMPIEZA_ARENA;DRILL PIPE 2 3/8 6,65 S135 NC26;Llave Hidráulica;220;sencillos ;2025-12-08 04:09:10;1,8;4354
ColpetroleumRsu8;MN-48;RIH BHA#1 LIMPIEZA_ARENA;DRILL PIPE 2 3/8 6,65 S135 NC26;Llave Hidráulica;221;sencillos ;2025-12-08 04:10:58;1,87;4332
ColpetroleumRsu8;MN-48;RIH BHA#1 LIMPIEZA_ARENA;DRILL PIPE 2 3/8 6,65 S135 NC26;Llave Hidráulica;222;sencillos ;2025-12-08 04:12:50;1,53;4398
ColpetroleumRsu8;MN-48;RIH BHA#1 LIMPIEZA_ARENA;DRILL PIPE 2 3/8 6,65 S135 NC26;Llave Hidráulica;223;sencillos ;2025-12-08 04:14:22;1,47;4461
ColpetroleumRsu8;MN-48;RIH BHA#1 LIMPIEZA_ARENA;DRILL PIPE 2 3/8 6,65 S135 NC26;Llave Hidráulica;224;sencillos ;2025-12-08 04:15:50;1,4;4341
ColpetroleumRsu8;MN-48;RIH BHA#1 LIMPIEZA_ARENA;DRILL PIPE 2 3/8 6,65 S135 NC26;Llave Hidráulica;225;sencillos ;2025-12-08 04:17:14;1,33;4338
ColpetroleumRsu8;MN-48;RIH BHA#1 LIMPIEZA_ARENA;DRILL PIPE 2 3/8 6,65 S135 NC26;Llave Hidráulica;226;sencillos ;2025-12-08 04:18:34;1,67;4372
ColpetroleumRsu8;MN-48;RIH BHA#1 LIMPIEZA_ARENA;DRILL PIPE 2 3/8 6,65 S135 NC26;Llave Hidráulica;227;sencillos ;2025-12-08 04:20:14;1,4;4331
ColpetroleumRsu8;MN-48;POOH BHA#1 LIMPIEZA_ARENA;DRILL PIPE 2 3/8 6,65 S135 NC26;Llave Hidráulica;1;sencillos ;2025-12-09 05:10:43;4,07;9158
ColpetroleumRsu8;MN-48;POOH BHA#1 LIMPIEZA_ARENA;DRILL PIPE 2 3/8 6,65 S135 NC26;Llave Hidráulica;2;sencillos ;2025-12-09 05:14:47;2,47;8451
ColpetroleumRsu8;MN-48;POOH BHA#1 LIMPIEZA_ARENA;DRILL PIPE 2 3/8 6,65 S135 NC26;Llave Hidráulica;3;sencillos ;2025-12-09 05:17:15;2,87;9290
ColpetroleumRsu8;MN-48;POOH BHA#1 LIMPIEZA_ARENA;DRILL PIPE 2 3/8 6,65 S135 NC26;Llave Hidráulica;4;sencillos ;2025-12-09 05:20:07;2,53;8706
ColpetroleumRsu8;MN-48;POOH BHA#1 LIMPIEZA_ARENA;DRILL PIPE 2 3/8 6,65 S135 NC26;Llave Hidráulica;5;sencillos ;2025-12-09 05:22:39;2,4;8682
ColpetroleumRsu8;MN-48;POOH BHA#1 LIMPIEZA_ARENA;DRILL PIPE 2 3/8 6,65 S135 NC26;Llave Hidráulica;6;sencillos ;2025-12-09 05:25:03;2,53;8871
ColpetroleumRsu8;MN-48;POOH BHA#1 LIMPIEZA_ARENA;DRILL PIPE 2 3/8 6,65 S135 NC26;Llave Hidráulica;7;sencillos ;2025-12-09 05:27:35;2,53;9097
ColpetroleumRsu8;MN-48;POOH BHA#1 LIMPIEZA_ARENA;DRILL PIPE 2 3/8 6,65 S135 NC26;Llave Hidráulica;8;sencillos ;2025-12-09 05:30:07;2,73;3294
ColpetroleumRsu8;MN-48;POOH BHA#1 LIMPIEZA_ARENA;DRILL PIPE 2 3/8 6,65 S135 NC26;Llave Hidráulica;9;sencillos ;2025-12-09 05:32:51;2,6;8526
ColpetroleumRsu8;MN-48;POOH BHA#1 LIMPIEZA_ARENA;DRILL PIPE 2 3/8 6,65 S135 NC26;Llave Hidráulica;10;sencillos ;2025-12-09 05:35:27;3,13;9575
ColpetroleumRsu8;MN-48;POOH BHA#1 LIMPIEZA_ARENA;DRILL PIPE 2 3/8 6,65 S135 NC26;Llave Hidráulica;11;sencillos ;2025-12-09 05:38:35;2,53;9298
ColpetroleumRsu8;MN-48;POOH BHA#1 LIMPIEZA_ARENA;DRILL PIPE 2 3/8 6,65 S135 NC26;Llave Hidráulica;12;sencillos ;2025-12-09 05:41:07;2,53;9311
ColpetroleumRsu8;MN-48;POOH BHA#1 LIMPIEZA_ARENA;DRILL PIPE 2 3/8 6,65 S135 NC26;Llave Hidráulica;13;sencillos ;2025-12-09 05:43:39;42,35;9329
ColpetroleumRsu8;MN-48;POOH BHA#1 LIMPIEZA_ARENA;DRILL PIPE 2 3/8 6,65 S135 NC26;Llave Hidráulica;14;sencillos ;2025-12-09 06:26:00;3,53;9320
ColpetroleumRsu8;MN-48;POOH BHA#1 LIMPIEZA_ARENA;DRILL PIPE 2 3/8 6,65 S135 NC26;Llave Hidráulica;15;sencillos ;2025-12-09 06:29:32;4,67;9102
ColpetroleumRsu8;MN-48;POOH BHA#1 LIMPIEZA_ARENA;DRILL PIPE 2 3/8 6,65 S135 NC26;Llave Hidráulica;16;sencillos ;2025-12-09 06:34:12;2,8;9708
ColpetroleumRsu8;MN-48;POOH BHA#1 LIMPIEZA_ARENA;DRILL PIPE 2 3/8 6,65 S135 NC26;Llave Hidráulica;17;sencillos ;2025-12-09 06:37:00;2,87;9181
ColpetroleumRsu8;MN-48;POOH BHA#1 LIMPIEZA_ARENA;DRILL PIPE 2 3/8 6,65 S135 NC26;Llave Hidráulica;18;sencillos ;2025-12-09 06:39:52;2,67;9330
ColpetroleumRsu8;MN-48;POOH BHA#1 LIMPIEZA_ARENA;DRILL PIPE 2 3/8 6,65 S135 NC26;Llave Hidráulica;19;sencillos ;2025-12-09 06:42:32;3;9363
ColpetroleumRsu8;MN-48;POOH BHA#1 LIMPIEZA_ARENA;DRILL PIPE 2 3/8 6,65 S135 NC26;Llave Hidráulica;20;sencillos ;2025-12-09 06:45:32;3,07;8829
ColpetroleumRsu8;MN-48;POOH BHA#1 LIMPIEZA_ARENA;DRILL PIPE 2 3/8 6,65 S135 NC26;Llave Hidráulica;21;sencillos ;2025-12-09 06:48:36;3;9345
ColpetroleumRsu8;MN-48;POOH BHA#1 LIMPIEZA_ARENA;DRILL PIPE 2 3/8 6,65 S135 NC26;Llave Hidráulica;22;sencillos ;2025-12-09 06:51:36;2,6;8818
ColpetroleumRsu8;MN-48;POOH BHA#1 LIMPIEZA_ARENA;DRILL PIPE 2 3/8 6,65 S135 NC26;Llave Hidráulica;23;sencillos ;2025-12-09 06:54:12;2,67;8641
ColpetroleumRsu8;MN-48;POOH BHA#1 LIMPIEZA_ARENA;DRILL PIPE 2 3/8 6,65 S135 NC26;Llave Hidráulica;24;sencillos ;2025-12-09 06:56:52;2,6;8141
ColpetroleumRsu8;MN-48;POOH BHA#1 LIMPIEZA_ARENA;DRILL PIPE 2 3/8 6,65 S135 NC26;Llave Hidráulica;25;sencillos ;2025-12-09 06:59:28;2,53;9175
ColpetroleumRsu8;MN-48;POOH BHA#1 LIMPIEZA_ARENA;DRILL PIPE 2 3/8 6,65 S135 NC26;Llave Hidráulica;26;sencillos ;2025-12-09 07:02:00;6;8327
ColpetroleumRsu8;MN-48;POOH BHA#1 LIMPIEZA_ARENA;DRILL PIPE 2 3/8 6,65 S135 NC26;Llave Hidráulica;27;sencillos ;2025-12-09 07:08:00;2,93;8559
ColpetroleumRsu8;MN-48;POOH BHA#1 LIMPIEZA_ARENA;DRILL PIPE 2 3/8 6,65 S135 NC26;Llave Hidráulica;28;sencillos ;2025-12-09 07:10:56;3,07;4642
ColpetroleumRsu8;MN-48;POOH BHA#1 LIMPIEZA_ARENA;DRILL PIPE 2 3/8 6,65 S135 NC26;Llave Hidráulica;29;sencillos ;2025-12-09 07:14:00;2,75;9446
ColpetroleumRsu8;MN-48;POOH BHA#1 LIMPIEZA_ARENA;DRILL PIPE 2 3/8 6,65 S135 NC26;Llave Hidráulica;30;sencillos ;2025-12-09 07:16:45;2,33;9329
ColpetroleumRsu8;MN-48;POOH BHA#1 LIMPIEZA_ARENA;DRILL PIPE 2 3/8 6,65 S135 NC26;Llave Hidráulica;31;sencillos ;2025-12-09 07:19:05;2,67;9151
ColpetroleumRsu8;MN-48;POOH BHA#1 LIMPIEZA_ARENA;DRILL PIPE 2 3/8 6,65 S135 NC26;Llave Hidráulica;32;sencillos ;2025-12-09 07:21:45;2,33;8335
ColpetroleumRsu8;MN-48;POOH BHA#1 LIMPIEZA_ARENA;DRILL PIPE 2 3/8 6,65 S135 NC26;Llave Hidráulica;33;sencillos ;2025-12-09 07:24:05;2,27;9375
ColpetroleumRsu8;MN-48;POOH BHA#1 LIMPIEZA_ARENA;DRILL PIPE 2 3/8 6,65 S135 NC26;Llave Hidráulica;34;sencillos ;2025-12-09 07:26:21;2,13;7448
ColpetroleumRsu8;MN-48;POOH BHA#1 LIMPIEZA_ARENA;DRILL PIPE 2 3/8 6,65 S135 NC26;Llave Hidráulica;35;sencillos ;2025-12-09 07:28:29;2;8716
ColpetroleumRsu8;MN-48;POOH BHA#1 LIMPIEZA_ARENA;DRILL PIPE 2 3/8 6,65 S135 NC26;Llave Hidráulica;36;sencillos ;2025-12-09 07:30:29;2,07;9649
ColpetroleumRsu8;MN-48;POOH BHA#1 LIMPIEZA_ARENA;DRILL PIPE 2 3/8 6,65 S135 NC26;Llave Hidráulica;37;sencillos ;2025-12-09 07:32:33;2,2;7943
ColpetroleumRsu8;MN-48;POOH BHA#1 LIMPIEZA_ARENA;DRILL PIPE 2 3/8 6,65 S135 NC26;Llave Hidráulica;38;sencillos ;2025-12-09 07:34:45;2;9602
ColpetroleumRsu8;MN-48;POOH BHA#1 LIMPIEZA_ARENA;DRILL PIPE 2 3/8 6,65 S135 NC26;Llave Hidráulica;39;sencillos ;2025-12-09 07:36:45;2,07;9525
ColpetroleumRsu8;MN-48;POOH BHA#1 LIMPIEZA_ARENA;DRILL PIPE 2 3/8 6,65 S135 NC26;Llave Hidráulica;40;sencillos ;2025-12-09 07:38:49;2;8423
ColpetroleumRsu8;MN-48;POOH BHA#1 LIMPIEZA_ARENA;DRILL PIPE 2 3/8 6,65 S135 NC26;Llave Hidráulica;41;sencillos ;2025-12-09 07:40:49;2,13;8393
ColpetroleumRsu8;MN-48;POOH BHA#1 LIMPIEZA_ARENA;DRILL PIPE 2 3/8 6,65 S135 NC26;Llave Hidráulica;42;sencillos ;2025-12-09 07:42:57;2,07;8814
ColpetroleumRsu8;MN-48;POOH BHA#1 LIMPIEZA_ARENA;DRILL PIPE 2 3/8 6,65 S135 NC26;Llave Hidráulica;43;sencillos ;2025-12-09 07:45:01;2,07;9409
ColpetroleumRsu8;MN-48;POOH BHA#1 LIMPIEZA_ARENA;DRILL PIPE 2 3/8 6,65 S135 NC26;Llave Hidráulica;44;sencillos ;2025-12-09 07:47:05;2,13;8600
ColpetroleumRsu8;MN-48;POOH BHA#1 LIMPIEZA_ARENA;DRILL PIPE 2 3/8 6,65 S135 NC26;Llave Hidráulica;45;sencillos ;2025-12-09 07:49:13;2,07;8517
ColpetroleumRsu8;MN-48;POOH BHA#1 LIMPIEZA_ARENA;DRILL PIPE 2 3/8 6,65 S135 NC26;Llave Hidráulica;46;sencillos ;2025-12-09 07:51:17;2,13;8578
ColpetroleumRsu8;MN-48;POOH BHA#1 LIMPIEZA_ARENA;DRILL PIPE 2 3/8 6,65 S135 NC26;Llave Hidráulica;47;sencillos ;2025-12-09 07:53:25;2,2;8897
ColpetroleumRsu8;MN-48;POOH BHA#1 LIMPIEZA_ARENA;DRILL PIPE 2 3/8 6,65 S135 NC26;Llave Hidráulica;48;sencillos ;2025-12-09 07:55:37;2,07;8612
ColpetroleumRsu8;MN-48;POOH BHA#1 LIMPIEZA_ARENA;DRILL PIPE 2 3/8 6,65 S135 NC26;Llave Hidráulica;49;sencillos ;2025-12-09 07:57:41;2,07;9228
ColpetroleumRsu8;MN-48;POOH BHA#1 LIMPIEZA_ARENA;DRILL PIPE 2 3/8 6,65 S135 NC26;Llave Hidráulica;50;sencillos ;2025-12-09 07:59:45;2;8784
ColpetroleumRsu8;MN-48;POOH BHA#1 LIMPIEZA_ARENA;DRILL PIPE 2 3/8 6,65 S135 NC26;Llave Hidráulica;51;sencillos ;2025-12-09 08:01:45;2,13;9457
ColpetroleumRsu8;MN-48;POOH BHA#1 LIMPIEZA_ARENA;DRILL PIPE 2 3/8 6,65 S135 NC26;Llave Hidráulica;52;sencillos ;2025-12-09 08:03:53;2,13;9004
ColpetroleumRsu8;MN-48;POOH BHA#1 LIMPIEZA_ARENA;DRILL PIPE 2 3/8 6,65 S135 NC26;Llave Hidráulica;53;sencillos ;2025-12-09 08:06:01;2,2;8783
ColpetroleumRsu8;MN-48;POOH BHA#1 LIMPIEZA_ARENA;DRILL PIPE 2 3/8 6,65 S135 NC26;Llave Hidráulica;54;sencillos ;2025-12-09 08:08:13;2,33;8222
ColpetroleumRsu8;MN-48;POOH BHA#1 LIMPIEZA_ARENA;DRILL PIPE 2 3/8 6,65 S135 NC26;Llave Hidráulica;55;sencillos ;2025-12-09 08:10:33;2,53;9237
ColpetroleumRsu8;MN-48;POOH BHA#1 LIMPIEZA_ARENA;DRILL PIPE 2 3/8 6,65 S135 NC26;Llave Hidráulica;56;sencillos ;2025-12-09 08:13:05;2,6;8102
ColpetroleumRsu8;MN-48;POOH BHA#1 LIMPIEZA_ARENA;DRILL PIPE 2 3/8 6,65 S135 NC26;Llave Hidráulica;57;sencillos ;2025-12-09 08:15:41;2,6;7888
ColpetroleumRsu8;MN-48;POOH BHA#1 LIMPIEZA_ARENA;DRILL PIPE 2 3/8 6,65 S135 NC26;Llave Hidráulica;58;sencillos ;2025-12-09 08:18:17;2,6;9306
ColpetroleumRsu8;MN-48;POOH BHA#1 LIMPIEZA_ARENA;DRILL PIPE 2 3/8 6,65 S135 NC26;Llave Hidráulica;59;sencillos ;2025-12-09 08:20:53;2,27;9489
ColpetroleumRsu8;MN-48;POOH BHA#1 LIMPIEZA_ARENA;DRILL PIPE 2 3/8 6,65 S135 NC26;Llave Hidráulica;60;sencillos ;2025-12-09 08:23:09;2,2;9480
ColpetroleumRsu8;MN-48;POOH BHA#1 LIMPIEZA_ARENA;DRILL PIPE 2 3/8 6,65 S135 NC26;Llave Hidráulica;61;sencillos ;2025-12-09 08:25:21;2,02;8457
ColpetroleumRsu8;MN-48;POOH BHA#1 LIMPIEZA_ARENA;DRILL PIPE 2 3/8 6,65 S135 NC26;Llave Hidráulica;62;sencillos ;2025-12-09 08:27:22;27,07;8419
ColpetroleumRsu8;MN-48;POOH BHA#1 LIMPIEZA_ARENA;DRILL PIPE 2 3/8 6,65 S135 NC26;Llave Hidráulica;63;sencillos ;2025-12-09 08:54:26;2,33;8323
ColpetroleumRsu8;MN-48;POOH BHA#1 LIMPIEZA_ARENA;DRILL PIPE 2 3/8 6,65 S135 NC26;Llave Hidráulica;64;sencillos ;2025-12-09 08:56:46;2;9311
ColpetroleumRsu8;MN-48;POOH BHA#1 LIMPIEZA_ARENA;DRILL PIPE 2 3/8 6,65 S135 NC26;Llave Hidráulica;65;sencillos ;2025-12-09 08:58:46;2,2;9932
ColpetroleumRsu8;MN-48;POOH BHA#1 LIMPIEZA_ARENA;DRILL PIPE 2 3/8 6,65 S135 NC26;Llave Hidráulica;66;sencillos ;2025-12-09 09:00:58;2,27;8859
ColpetroleumRsu8;MN-48;POOH BHA#1 LIMPIEZA_ARENA;DRILL PIPE 2 3/8 6,65 S135 NC26;Llave Hidráulica;67;sencillos ;2025-12-09 09:03:14;2,4;9597
ColpetroleumRsu8;MN-48;POOH BHA#1 LIMPIEZA_ARENA;DRILL PIPE 2 3/8 6,65 S135 NC26;Llave Hidráulica;68;sencillos ;2025-12-09 09:05:38;2,67;9582
ColpetroleumRsu8;MN-48;POOH BHA#1 LIMPIEZA_ARENA;DRILL PIPE 2 3/8 6,65 S135 NC26;Llave Hidráulica;69;sencillos ;2025-12-09 09:08:18;2,6;7628
ColpetroleumRsu8;MN-48;POOH BHA#1 LIMPIEZA_ARENA;DRILL PIPE 2 3/8 6,65 S135 NC26;Llave Hidráulica;70;sencillos ;2025-12-09 09:10:54;2,53;9279
ColpetroleumRsu8;MN-48;POOH BHA#1 LIMPIEZA_ARENA;DRILL PIPE 2 3/8 6,65 S135 NC26;Llave Hidráulica;71;sencillos ;2025-12-09 09:13:26;2,4;8928
ColpetroleumRsu8;MN-48;POOH BHA#1 LIMPIEZA_ARENA;DRILL PIPE 2 3/8 6,65 S135 NC26;Llave Hidráulica;72;sencillos ;2025-12-09 09:15:50;2,67;9429
ColpetroleumRsu8;MN-48;POOH BHA#1 LIMPIEZA_ARENA;DRILL PIPE 2 3/8 6,65 S135 NC26;Llave Hidráulica;73;sencillos ;2025-12-09 09:18:30;2,47;8704
ColpetroleumRsu8;MN-48;POOH BHA#1 LIMPIEZA_ARENA;DRILL PIPE 2 3/8 6,65 S135 NC26;Llave Hidráulica;74;sencillos ;2025-12-09 09:20:58;2,4;9119
ColpetroleumRsu8;MN-48;POOH BHA#1 LIMPIEZA_ARENA;DRILL PIPE 2 3/8 6,65 S135 NC26;Llave Hidráulica;75;sencillos ;2025-12-09 09:23:22;2,8;8939
ColpetroleumRsu8;MN-48;POOH BHA#1 LIMPIEZA_ARENA;DRILL PIPE 2 3/8 6,65 S135 NC26;Llave Hidráulica;76;sencillos ;2025-12-09 09:26:10;2,47;9031
ColpetroleumRsu8;MN-48;POOH BHA#1 LIMPIEZA_ARENA;DRILL PIPE 2 3/8 6,65 S135 NC26;Llave Hidráulica;77;sencillos ;2025-12-09 09:28:38;4,4;8295
ColpetroleumRsu8;MN-48;POOH BHA#1 LIMPIEZA_ARENA;DRILL PIPE 2 3/8 6,65 S135 NC26;Llave Hidráulica;78;sencillos ;2025-12-09 09:33:02;2,27;8557
ColpetroleumRsu8;MN-48;POOH BHA#1 LIMPIEZA_ARENA;DRILL PIPE 2 3/8 6,65 S135 NC26;Llave Hidráulica;79;sencillos ;2025-12-09 09:35:18;2,28;9348
ColpetroleumRsu8;MN-48;POOH BHA#1 LIMPIEZA_ARENA;DRILL PIPE 2 3/8 6,65 S135 NC26;Llave Hidráulica;80;sencillos ;2025-12-09 09:37:35;2,47;9375
ColpetroleumRsu8;MN-48;POOH BHA#1 LIMPIEZA_ARENA;DRILL PIPE 2 3/8 6,65 S135 NC26;Llave Hidráulica;81;sencillos ;2025-12-09 09:40:03;2,27;8917
ColpetroleumRsu8;MN-48;POOH BHA#1 LIMPIEZA_ARENA;DRILL PIPE 2 3/8 6,65 S135 NC26;Llave Hidráulica;82;sencillos ;2025-12-09 09:42:19;2,47;8326
ColpetroleumRsu8;MN-48;POOH BHA#1 LIMPIEZA_ARENA;DRILL PIPE 2 3/8 6,65 S135 NC26;Llave Hidráulica;83;sencillos ;2025-12-09 09:44:47;2,67;7888
ColpetroleumRsu8;MN-48;POOH BHA#1 LIMPIEZA_ARENA;DRILL PIPE 2 3/8 6,65 S135 NC26;Llave Hidráulica;84;sencillos ;2025-12-09 09:47:27;2,67;8633
ColpetroleumRsu8;MN-48;POOH BHA#1 LIMPIEZA_ARENA;DRILL PIPE 2 3/8 6,65 S135 NC26;Llave Hidráulica;85;sencillos ;2025-12-09 09:50:07;2,6;8312
ColpetroleumRsu8;MN-48;POOH BHA#1 LIMPIEZA_ARENA;DRILL PIPE 2 3/8 6,65 S135 NC26;Llave Hidráulica;86;sencillos ;2025-12-09 09:52:43;2,47;8877
ColpetroleumRsu8;MN-48;POOH BHA#1 LIMPIEZA_ARENA;DRILL PIPE 2 3/8 6,65 S135 NC26;Llave Hidráulica;87;sencillos ;2025-12-09 09:55:11;2,4;9299
ColpetroleumRsu8;MN-48;POOH BHA#1 LIMPIEZA_ARENA;DRILL PIPE 2 3/8 6,65 S135 NC26;Llave Hidráulica;88;sencillos ;2025-12-09 09:57:35;2,33;8200
ColpetroleumRsu8;MN-48;POOH BHA#1 LIMPIEZA_ARENA;DRILL PIPE 2 3/8 6,65 S135 NC26;Llave Hidráulica;89;sencillos ;2025-12-09 09:59:55;2,2;9739
ColpetroleumRsu8;MN-48;POOH BHA#1 LIMPIEZA_ARENA;DRILL PIPE 2 3/8 6,65 S135 NC26;Llave Hidráulica;90;sencillos ;2025-12-09 10:02:07;2,67;9668
ColpetroleumRsu8;MN-48;POOH BHA#1 LIMPIEZA_ARENA;DRILL PIPE 2 3/8 6,65 S135 NC26;Llave Hidráulica;91;sencillos ;2025-12-09 10:04:47;2,27;8724
ColpetroleumRsu8;MN-48;POOH BHA#1 LIMPIEZA_ARENA;DRILL PIPE 2 3/8 6,65 S135 NC26;Llave Hidráulica;92;sencillos ;2025-12-09 10:07:03;2,8;8892
ColpetroleumRsu8;MN-48;POOH BHA#1 LIMPIEZA_ARENA;DRILL PIPE 2 3/8 6,65 S135 NC26;Llave Hidráulica;93;sencillos ;2025-12-09 10:09:51;2,47;9543
ColpetroleumRsu8;MN-48;POOH BHA#1 LIMPIEZA_ARENA;DRILL PIPE 2 3/8 6,65 S135 NC26;Llave Hidráulica;94;sencillos ;2025-12-09 10:12:19;2,4;9193
ColpetroleumRsu8;MN-48;POOH BHA#1 LIMPIEZA_ARENA;DRILL PIPE 2 3/8 6,65 S135 NC26;Llave Hidráulica;95;sencillos ;2025-12-09 10:14:43;2,8;8262
ColpetroleumRsu8;MN-48;POOH BHA#1 LIMPIEZA_ARENA;DRILL PIPE 2 3/8 6,65 S135 NC26;Llave Hidráulica;96;sencillos ;2025-12-09 10:17:31;2,6;8895
ColpetroleumRsu8;MN-48;POOH BHA#1 LIMPIEZA_ARENA;DRILL PIPE 2 3/8 6,65 S135 NC26;Llave Hidráulica;97;sencillos ;2025-12-09 10:20:07;2,27;9439
ColpetroleumRsu8;MN-48;POOH BHA#1 LIMPIEZA_ARENA;DRILL PIPE 2 3/8 6,65 S135 NC26;Llave Hidráulica;98;sencillos ;2025-12-09 10:22:23;2,2;8029
ColpetroleumRsu8;MN-48;POOH BHA#1 LIMPIEZA_ARENA;DRILL PIPE 2 3/8 6,65 S135 NC26;Llave Hidráulica;99;sencillos ;2025-12-09 10:24:35;1,8;8363
ColpetroleumRsu8;MN-48;POOH BHA#1 LIMPIEZA_ARENA;DRILL PIPE 2 3/8 6,65 S135 NC26;Llave Hidráulica;100;sencillos ;2025-12-09 10:26:23;1,87;8217
ColpetroleumRsu8;MN-48;POOH BHA#1 LIMPIEZA_ARENA;DRILL PIPE 2 3/8 6,65 S135 NC26;Llave Hidráulica;101;sencillos ;2025-12-09 10:28:15;25,05;8033
ColpetroleumRsu8;MN-48;POOH BHA#1 LIMPIEZA_ARENA;DRILL PIPE 2 3/8 6,65 S135 NC26;Llave Hidráulica;102;sencillos ;2025-12-09 10:53:18;1,93;9127
ColpetroleumRsu8;MN-48;POOH BHA#1 LIMPIEZA_ARENA;DRILL PIPE 2 3/8 6,65 S135 NC26;Llave Hidráulica;103;sencillos ;2025-12-09 10:55:14;1,6;9355
ColpetroleumRsu8;MN-48;POOH BHA#1 LIMPIEZA_ARENA;DRILL PIPE 2 3/8 6,65 S135 NC26;Llave Hidráulica;104;sencillos ;2025-12-09 10:56:50;1,87;8775
ColpetroleumRsu8;MN-48;POOH BHA#1 LIMPIEZA_ARENA;DRILL PIPE 2 3/8 6,65 S135 NC26;Llave Hidráulica;105;sencillos ;2025-12-09 10:58:42;1,6;9070
ColpetroleumRsu8;MN-48;POOH BHA#1 LIMPIEZA_ARENA;DRILL PIPE 2 3/8 6,65 S135 NC26;Llave Hidráulica;106;sencillos ;2025-12-09 11:00:18;1,6;8961
ColpetroleumRsu8;MN-48;POOH BHA#1 LIMPIEZA_ARENA;DRILL PIPE 2 3/8 6,65 S135 NC26;Llave Hidráulica;107;sencillos ;2025-12-09 11:01:54;1,8;5687
ColpetroleumRsu8;MN-48;POOH BHA#1 LIMPIEZA_ARENA;DRILL PIPE 2 3/8 6,65 S135 NC26;Llave Hidráulica;108;sencillos ;2025-12-09 11:03:42;1,67;8651
ColpetroleumRsu8;MN-48;POOH BHA#1 LIMPIEZA_ARENA;DRILL PIPE 2 3/8 6,65 S135 NC26;Llave Hidráulica;109;sencillos ;2025-12-09 11:05:22;1,8;9135
ColpetroleumRsu8;MN-48;POOH BHA#1 LIMPIEZA_ARENA;DRILL PIPE 2 3/8 6,65 S135 NC26;Llave Hidráulica;110;sencillos ;2025-12-09 11:07:10;1,6;8016
ColpetroleumRsu8;MN-48;POOH BHA#1 LIMPIEZA_ARENA;DRILL PIPE 2 3/8 6,65 S135 NC26;Llave Hidráulica;111;sencillos ;2025-12-09 11:08:46;1,8;8309
ColpetroleumRsu8;MN-48;POOH BHA#1 LIMPIEZA_ARENA;DRILL PIPE 2 3/8 6,65 S135 NC26;Llave Hidráulica;112;sencillos ;2025-12-09 11:10:34;1,87;8781
ColpetroleumRsu8;MN-48;POOH BHA#1 LIMPIEZA_ARENA;DRILL PIPE 2 3/8 6,65 S135 NC26;Llave Hidráulica;113;sencillos ;2025-12-09 11:12:26;4,13;8221
ColpetroleumRsu8;MN-48;POOH BHA#1 LIMPIEZA_ARENA;DRILL PIPE 2 3/8 6,65 S135 NC26;Llave Hidráulica;114;sencillos ;2025-12-09 11:16:34;1,47;8598
ColpetroleumRsu8;MN-48;POOH BHA#1 LIMPIEZA_ARENA;DRILL PIPE 2 3/8 6,65 S135 NC26;Llave Hidráulica;115;sencillos ;2025-12-09 11:18:02;1,6;8433
ColpetroleumRsu8;MN-48;POOH BHA#1 LIMPIEZA_ARENA;DRILL PIPE 2 3/8 6,65 S135 NC26;Llave Hidráulica;116;sencillos ;2025-12-09 11:19:38;1,53;8779
ColpetroleumRsu8;MN-48;POOH BHA#1 LIMPIEZA_ARENA;DRILL PIPE 2 3/8 6,65 S135 NC26;Llave Hidráulica;117;sencillos ;2025-12-09 11:21:10;1,73;5519
ColpetroleumRsu8;MN-48;POOH BHA#1 LIMPIEZA_ARENA;DRILL PIPE 2 3/8 6,65 S135 NC26;Llave Hidráulica;118;sencillos ;2025-12-09 11:22:54;2,47;7444
ColpetroleumRsu8;MN-48;POOH BHA#1 LIMPIEZA_ARENA;DRILL PIPE 2 3/8 6,65 S135 NC26;Llave Hidráulica;119;sencillos ;2025-12-09 11:25:22;1,8;8067
ColpetroleumRsu8;MN-48;POOH BHA#1 LIMPIEZA_ARENA;DRILL PIPE 2 3/8 6,65 S135 NC26;Llave Hidráulica;120;sencillos ;2025-12-09 11:27:10;1,67;9199
ColpetroleumRsu8;MN-48;POOH BHA#1 LIMPIEZA_ARENA;DRILL PIPE 2 3/8 6,65 S135 NC26;Llave Hidráulica;121;sencillos ;2025-12-09 11:28:50;1,87;9302
ColpetroleumRsu8;MN-48;POOH BHA#1 LIMPIEZA_ARENA;DRILL PIPE 2 3/8 6,65 S135 NC26;Llave Hidráulica;122;sencillos ;2025-12-09 11:30:42;2,73;8525
ColpetroleumRsu8;MN-48;POOH BHA#1 LIMPIEZA_ARENA;DRILL PIPE 2 3/8 6,65 S135 NC26;Llave Hidráulica;123;sencillos ;2025-12-09 11:33:26;2,6;7739
ColpetroleumRsu8;MN-48;POOH BHA#1 LIMPIEZA_ARENA;DRILL PIPE 2 3/8 6,65 S135 NC26;Llave Hidráulica;124;sencillos ;2025-12-09 11:36:02;3;7907
ColpetroleumRsu8;MN-48;POOH BHA#1 LIMPIEZA_ARENA;DRILL PIPE 2 3/8 6,65 S135 NC26;Llave Hidráulica;125;sencillos ;2025-12-09 11:39:02;2,6;8944
ColpetroleumRsu8;MN-48;POOH BHA#1 LIMPIEZA_ARENA;DRILL PIPE 2 3/8 6,65 S135 NC26;Llave Hidráulica;126;sencillos ;2025-12-09 11:41:38;2,87;7837
ColpetroleumRsu8;MN-48;POOH BHA#1 LIMPIEZA_ARENA;DRILL PIPE 2 3/8 6,65 S135 NC26;Llave Hidráulica;127;sencillos ;2025-12-09 11:44:30;2,73;9553
ColpetroleumRsu8;MN-48;POOH BHA#1 LIMPIEZA_ARENA;DRILL PIPE 2 3/8 6,65 S135 NC26;Llave Hidráulica;128;sencillos ;2025-12-09 11:47:14;1,93;8919
ColpetroleumRsu8;MN-48;POOH BHA#1 LIMPIEZA_ARENA;DRILL PIPE 2 3/8 6,65 S135 NC26;Llave Hidráulica;129;sencillos ;2025-12-09 11:49:10;1,6;8282
ColpetroleumRsu8;MN-48;POOH BHA#1 LIMPIEZA_ARENA;DRILL PIPE 2 3/8 6,65 S135 NC26;Llave Hidráulica;130;sencillos ;2025-12-09 11:50:46;1,8;8774
ColpetroleumRsu8;MN-48;POOH BHA#1 LIMPIEZA_ARENA;DRILL PIPE 2 3/8 6,65 S135 NC26;Llave Hidráulica;131;sencillos ;2025-12-09 11:52:34;1,6;8039
ColpetroleumRsu8;MN-48;POOH BHA#1 LIMPIEZA_ARENA;DRILL PIPE 2 3/8 6,65 S135 NC26;Llave Hidráulica;132;sencillos ;2025-12-09 11:54:10;53,22;8042
ColpetroleumRsu8;MN-48;POOH BHA#1 LIMPIEZA_ARENA;DRILL PIPE 2 3/8 6,65 S135 NC26;Llave Hidráulica;133;sencillos ;2025-12-09 12:47:23;1,47;6308
ColpetroleumRsu8;MN-48;POOH BHA#1 LIMPIEZA_ARENA;DRILL PIPE 2 3/8 6,65 S135 NC26;Llave Hidráulica;134;sencillos ;2025-12-09 12:48:51;1,47;9315
ColpetroleumRsu8;MN-48;POOH BHA#1 LIMPIEZA_ARENA;DRILL PIPE 2 3/8 6,65 S135 NC26;Llave Hidráulica;135;sencillos ;2025-12-09 12:50:19;1,27;9492
ColpetroleumRsu8;MN-48;POOH BHA#1 LIMPIEZA_ARENA;DRILL PIPE 2 3/8 6,65 S135 NC26;Llave Hidráulica;136;sencillos ;2025-12-09 12:51:35;1,2;9087
ColpetroleumRsu8;MN-48;POOH BHA#1 LIMPIEZA_ARENA;DRILL PIPE 2 3/8 6,65 S135 NC26;Llave Hidráulica;137;sencillos ;2025-12-09 12:52:47;1,33;9171
ColpetroleumRsu8;MN-48;POOH BHA#1 LIMPIEZA_ARENA;DRILL PIPE 2 3/8 6,65 S135 NC26;Llave Hidráulica;138;sencillos ;2025-12-09 12:54:07;1,27;8813
ColpetroleumRsu8;MN-48;POOH BHA#1 LIMPIEZA_ARENA;DRILL PIPE 2 3/8 6,65 S135 NC26;Llave Hidráulica;139;sencillos ;2025-12-09 12:55:23;1,4;9316
ColpetroleumRsu8;MN-48;POOH BHA#1 LIMPIEZA_ARENA;DRILL PIPE 2 3/8 6,65 S135 NC26;Llave Hidráulica;140;sencillos ;2025-12-09 12:56:47;1,4;8385
ColpetroleumRsu8;MN-48;POOH BHA#1 LIMPIEZA_ARENA;DRILL PIPE 2 3/8 6,65 S135 NC26;Llave Hidráulica;141;sencillos ;2025-12-09 12:58:11;1,4;9459
ColpetroleumRsu8;MN-48;POOH BHA#1 LIMPIEZA_ARENA;DRILL PIPE 2 3/8 6,65 S135 NC26;Llave Hidráulica;142;sencillos ;2025-12-09 12:59:35;1,33;9309
ColpetroleumRsu8;MN-48;POOH BHA#1 LIMPIEZA_ARENA;DRILL PIPE 2 3/8 6,65 S135 NC26;Llave Hidráulica;143;sencillos ;2025-12-09 13:00:55;1,4;9540
ColpetroleumRsu8;MN-48;POOH BHA#1 LIMPIEZA_ARENA;DRILL PIPE 2 3/8 6,65 S135 NC26;Llave Hidráulica;144;sencillos ;2025-12-09 13:02:19;1,4;9244
ColpetroleumRsu8;MN-48;POOH BHA#1 LIMPIEZA_ARENA;DRILL PIPE 2 3/8 6,65 S135 NC26;Llave Hidráulica;145;sencillos ;2025-12-09 13:03:43;1,53;8742
ColpetroleumRsu8;MN-48;POOH BHA#1 LIMPIEZA_ARENA;DRILL PIPE 2 3/8 6,65 S135 NC26;Llave Hidráulica;146;sencillos ;2025-12-09 13:05:15;1,47;9436
ColpetroleumRsu8;MN-48;POOH BHA#1 LIMPIEZA_ARENA;DRILL PIPE 2 3/8 6,65 S135 NC26;Llave Hidráulica;147;sencillos ;2025-12-09 13:06:43;1,47;8840
ColpetroleumRsu8;MN-48;POOH BHA#1 LIMPIEZA_ARENA;DRILL PIPE 2 3/8 6,65 S135 NC26;Llave Hidráulica;148;sencillos ;2025-12-09 13:08:11;1,67;9365
ColpetroleumRsu8;MN-48;POOH BHA#1 LIMPIEZA_ARENA;DRILL PIPE 2 3/8 6,65 S135 NC26;Llave Hidráulica;149;sencillos ;2025-12-09 13:09:51;1,62;8732
ColpetroleumRsu8;MN-48;POOH BHA#1 LIMPIEZA_ARENA;DRILL PIPE 2 3/8 6,65 S135 NC26;Llave Hidráulica;150;sencillos ;2025-12-09 13:11:28;1,47;9242
ColpetroleumRsu8;MN-48;POOH BHA#1 LIMPIEZA_ARENA;DRILL PIPE 2 3/8 6,65 S135 NC26;Llave Hidráulica;151;sencillos ;2025-12-09 13:12:56;1,6;9031
ColpetroleumRsu8;MN-48;POOH BHA#1 LIMPIEZA_ARENA;DRILL PIPE 2 3/8 6,65 S135 NC26;Llave Hidráulica;152;sencillos ;2025-12-09 13:14:32;1,47;6932
ColpetroleumRsu8;MN-48;POOH BHA#1 LIMPIEZA_ARENA;DRILL PIPE 2 3/8 6,65 S135 NC26;Llave Hidráulica;153;sencillos ;2025-12-09 13:16:00;1,4;9027
ColpetroleumRsu8;MN-48;POOH BHA#1 LIMPIEZA_ARENA;DRILL PIPE 2 3/8 6,65 S135 NC26;Llave Hidráulica;154;sencillos ;2025-12-09 13:17:24;1,4;7747
ColpetroleumRsu8;MN-48;POOH BHA#1 LIMPIEZA_ARENA;DRILL PIPE 2 3/8 6,65 S135 NC26;Llave Hidráulica;155;sencillos ;2025-12-09 13:18:48;1,27;8168
ColpetroleumRsu8;MN-48;POOH BHA#1 LIMPIEZA_ARENA;DRILL PIPE 2 3/8 6,65 S135 NC26;Llave Hidráulica;156;sencillos ;2025-12-09 13:20:04;1,4;8986
ColpetroleumRsu8;MN-48;POOH BHA#1 LIMPIEZA_ARENA;DRILL PIPE 2 3/8 6,65 S135 NC26;Llave Hidráulica;157;sencillos ;2025-12-09 13:21:28;2,27;2564
ColpetroleumRsu8;MN-48;POOH BHA#1 LIMPIEZA_ARENA;DRILL PIPE 2 3/8 6,65 S135 NC26;Llave Hidráulica;158;sencillos ;2025-12-09 13:23:44;1,4;9017
ColpetroleumRsu8;MN-48;POOH BHA#1 LIMPIEZA_ARENA;DRILL PIPE 2 3/8 6,65 S135 NC26;Llave Hidráulica;159;sencillos ;2025-12-09 13:25:08;1,4;8789
ColpetroleumRsu8;MN-48;POOH BHA#1 LIMPIEZA_ARENA;DRILL PIPE 2 3/8 6,65 S135 NC26;Llave Hidráulica;160;sencillos ;2025-12-09 13:26:32;1,4;9202
ColpetroleumRsu8;MN-48;POOH BHA#1 LIMPIEZA_ARENA;DRILL PIPE 2 3/8 6,65 S135 NC26;Llave Hidráulica;161;sencillos ;2025-12-09 13:27:56;1,33;7740
ColpetroleumRsu8;MN-48;POOH BHA#1 LIMPIEZA_ARENA;DRILL PIPE 2 3/8 6,65 S135 NC26;Llave Hidráulica;162;sencillos ;2025-12-09 13:29:16;1,47;8268
ColpetroleumRsu8;MN-48;POOH BHA#1 LIMPIEZA_ARENA;DRILL PIPE 2 3/8 6,65 S135 NC26;Llave Hidráulica;163;sencillos ;2025-12-09 13:30:44;1,4;9425
ColpetroleumRsu8;MN-48;POOH BHA#1 LIMPIEZA_ARENA;DRILL PIPE 2 3/8 6,65 S135 NC26;Llave Hidráulica;164;sencillos ;2025-12-09 13:32:08;1,27;9346
ColpetroleumRsu8;MN-48;POOH BHA#1 LIMPIEZA_ARENA;DRILL PIPE 2 3/8 6,65 S135 NC26;Llave Hidráulica;165;sencillos ;2025-12-09 13:33:24;1,4;9432
ColpetroleumRsu8;MN-48;POOH BHA#1 LIMPIEZA_ARENA;DRILL PIPE 2 3/8 6,65 S135 NC26;Llave Hidráulica;166;sencillos ;2025-12-09 13:34:48;1,4;8670
ColpetroleumRsu8;MN-48;POOH BHA#1 LIMPIEZA_ARENA;DRILL PIPE 2 3/8 6,65 S135 NC26;Llave Hidráulica;167;sencillos ;2025-12-09 13:36:12;1,33;8017
ColpetroleumRsu8;MN-48;POOH BHA#1 LIMPIEZA_ARENA;DRILL PIPE 2 3/8 6,65 S135 NC26;Llave Hidráulica;168;sencillos ;2025-12-09 13:37:32;1,33;8671
ColpetroleumRsu8;MN-48;POOH BHA#1 LIMPIEZA_ARENA;DRILL PIPE 2 3/8 6,65 S135 NC26;Llave Hidráulica;169;sencillos ;2025-12-09 13:38:52;1,33;8371
ColpetroleumRsu8;MN-48;POOH BHA#1 LIMPIEZA_ARENA;DRILL PIPE 2 3/8 6,65 S135 NC26;Llave Hidráulica;170;sencillos ;2025-12-09 13:40:12;2,13;9603
ColpetroleumRsu8;MN-48;POOH BHA#1 LIMPIEZA_ARENA;DRILL PIPE 2 3/8 6,65 S135 NC26;Llave Hidráulica;171;sencillos ;2025-12-09 13:42:20;1,4;9384
ColpetroleumRsu8;MN-48;POOH BHA#1 LIMPIEZA_ARENA;DRILL PIPE 2 3/8 6,65 S135 NC26;Llave Hidráulica;172;sencillos ;2025-12-09 13:43:44;1,4;8542
ColpetroleumRsu8;MN-48;POOH BHA#1 LIMPIEZA_ARENA;DRILL PIPE 2 3/8 6,65 S135 NC26;Llave Hidráulica;173;sencillos ;2025-12-09 13:45:08;1,4;9263
ColpetroleumRsu8;MN-48;POOH BHA#1 LIMPIEZA_ARENA;DRILL PIPE 2 3/8 6,65 S135 NC26;Llave Hidráulica;174;sencillos ;2025-12-09 13:46:32;106,95;8933
ColpetroleumRsu8;MN-48;POOH BHA#1 LIMPIEZA_ARENA;DRILL PIPE 2 3/8 6,65 S135 NC26;Llave Hidráulica;175;sencillos ;2025-12-09 15:33:29;2,2;9821
ColpetroleumRsu8;MN-48;POOH BHA#1 LIMPIEZA_ARENA;DRILL PIPE 2 3/8 6,65 S135 NC26;Llave Hidráulica;176;sencillos ;2025-12-09 15:35:41;2,35;8848
ColpetroleumRsu8;MN-48;POOH BHA#1 LIMPIEZA_ARENA;DRILL PIPE 2 3/8 6,65 S135 NC26;Llave Hidráulica;177;sencillos ;2025-12-09 15:38:02;1,4;9176
ColpetroleumRsu8;MN-48;POOH BHA#1 LIMPIEZA_ARENA;DRILL PIPE 2 3/8 6,65 S135 NC26;Llave Hidráulica;178;sencillos ;2025-12-09 15:39:26;1,47;9337
ColpetroleumRsu8;MN-48;POOH BHA#1 LIMPIEZA_ARENA;DRILL PIPE 2 3/8 6,65 S135 NC26;Llave Hidráulica;179;sencillos ;2025-12-09 15:40:54;1,67;9453
ColpetroleumRsu8;MN-48;POOH BHA#1 LIMPIEZA_ARENA;DRILL PIPE 2 3/8 6,65 S135 NC26;Llave Hidráulica;180;sencillos ;2025-12-09 15:42:34;1,33;9355
ColpetroleumRsu8;MN-48;POOH BHA#1 LIMPIEZA_ARENA;DRILL PIPE 2 3/8 6,65 S135 NC26;Llave Hidráulica;181;sencillos ;2025-12-09 15:43:54;1,4;9428
ColpetroleumRsu8;MN-48;POOH BHA#1 LIMPIEZA_ARENA;DRILL PIPE 2 3/8 6,65 S135 NC26;Llave Hidráulica;182;sencillos ;2025-12-09 15:45:18;1,67;9864
ColpetroleumRsu8;MN-48;POOH BHA#1 LIMPIEZA_ARENA;DRILL PIPE 2 3/8 6,65 S135 NC26;Llave Hidráulica;183;sencillos ;2025-12-09 15:46:58;1,4;9503
ColpetroleumRsu8;MN-48;POOH BHA#1 LIMPIEZA_ARENA;DRILL PIPE 2 3/8 6,65 S135 NC26;Llave Hidráulica;184;sencillos ;2025-12-09 15:48:22;1,53;8981
ColpetroleumRsu8;MN-48;POOH BHA#1 LIMPIEZA_ARENA;DRILL PIPE 2 3/8 6,65 S135 NC26;Llave Hidráulica;185;sencillos ;2025-12-09 15:49:54;1,4;8353
ColpetroleumRsu8;MN-48;POOH BHA#1 LIMPIEZA_ARENA;DRILL PIPE 2 3/8 6,65 S135 NC26;Llave Hidráulica;186;sencillos ;2025-12-09 15:51:18;1,33;9626
ColpetroleumRsu8;MN-48;POOH BHA#1 LIMPIEZA_ARENA;DRILL PIPE 2 3/8 6,65 S135 NC26;Llave Hidráulica;187;sencillos ;2025-12-09 15:52:38;1,33;8818
ColpetroleumRsu8;MN-48;POOH BHA#1 LIMPIEZA_ARENA;DRILL PIPE 2 3/8 6,65 S135 NC26;Llave Hidráulica;188;sencillos ;2025-12-09 15:53:58;1,4;8427
ColpetroleumRsu8;MN-48;POOH BHA#1 LIMPIEZA_ARENA;DRILL PIPE 2 3/8 6,65 S135 NC26;Llave Hidráulica;189;sencillos ;2025-12-09 15:55:22;1,27;8714
ColpetroleumRsu8;MN-48;POOH BHA#1 LIMPIEZA_ARENA;DRILL PIPE 2 3/8 6,65 S135 NC26;Llave Hidráulica;190;sencillos ;2025-12-09 15:56:38;1,8;8940
ColpetroleumRsu8;MN-48;POOH BHA#1 LIMPIEZA_ARENA;DRILL PIPE 2 3/8 6,65 S135 NC26;Llave Hidráulica;191;sencillos ;2025-12-09 15:58:26;1,33;9390
ColpetroleumRsu8;MN-48;POOH BHA#1 LIMPIEZA_ARENA;DRILL PIPE 2 3/8 6,65 S135 NC26;Llave Hidráulica;192;sencillos ;2025-12-09 15:59:46;1,27;9193
ColpetroleumRsu8;MN-48;POOH BHA#1 LIMPIEZA_ARENA;DRILL PIPE 2 3/8 6,65 S135 NC26;Llave Hidráulica;193;sencillos ;2025-12-09 16:01:02;1,27;9173
ColpetroleumRsu8;MN-48;POOH BHA#1 LIMPIEZA_ARENA;DRILL PIPE 2 3/8 6,65 S135 NC26;Llave Hidráulica;194;sencillos ;2025-12-09 16:02:18;2,47;8234
ColpetroleumRsu8;MN-48;POOH BHA#1 LIMPIEZA_ARENA;DRILL PIPE 2 3/8 6,65 S135 NC26;Llave Hidráulica;195;sencillos ;2025-12-09 16:04:46;2,73;9166
ColpetroleumRsu8;MN-48;POOH BHA#1 LIMPIEZA_ARENA;DRILL PIPE 2 3/8 6,65 S135 NC26;Llave Hidráulica;196;sencillos ;2025-12-09 16:07:30;1,47;9264
ColpetroleumRsu8;MN-48;POOH BHA#1 LIMPIEZA_ARENA;DRILL PIPE 2 3/8 6,65 S135 NC26;Llave Hidráulica;197;sencillos ;2025-12-09 16:08:58;1,47;8020
ColpetroleumRsu8;MN-48;POOH BHA#1 LIMPIEZA_ARENA;DRILL PIPE 2 3/8 6,65 S135 NC26;Llave Hidráulica;198;sencillos ;2025-12-09 16:10:26;5,87;9569
ColpetroleumRsu8;MN-48;POOH BHA#1 LIMPIEZA_ARENA;DRILL PIPE 2 3/8 6,65 S135 NC26;Llave Hidráulica;199;sencillos ;2025-12-09 16:16:18;1,33;9118
ColpetroleumRsu8;MN-48;POOH BHA#1 LIMPIEZA_ARENA;DRILL PIPE 2 3/8 6,65 S135 NC26;Llave Hidráulica;200;sencillos ;2025-12-09 16:17:38;1,6;8124
ColpetroleumRsu8;MN-48;POOH BHA#1 LIMPIEZA_ARENA;DRILL PIPE 2 3/8 6,65 S135 NC26;Llave Hidráulica;201;sencillos ;2025-12-09 16:19:14;1,53;8864
ColpetroleumRsu8;MN-48;POOH BHA#1 LIMPIEZA_ARENA;DRILL PIPE 2 3/8 6,65 S135 NC26;Llave Hidráulica;202;sencillos ;2025-12-09 16:20:46;1,67;9450
ColpetroleumRsu8;MN-48;POOH BHA#1 LIMPIEZA_ARENA;DRILL PIPE 2 3/8 6,65 S135 NC26;Llave Hidráulica;203;sencillos ;2025-12-09 16:22:26;3,8;8538
ColpetroleumRsu8;MN-48;POOH BHA#1 LIMPIEZA_ARENA;DRILL PIPE 2 3/8 6,65 S135 NC26;Llave Hidráulica;204;sencillos ;2025-12-09 16:26:14;1,8;9190
ColpetroleumRsu8;MN-48;POOH BHA#1 LIMPIEZA_ARENA;DRILL PIPE 2 3/8 6,65 S135 NC26;Llave Hidráulica;205;sencillos ;2025-12-09 16:28:02;2,33;9293
ColpetroleumRsu8;MN-48;POOH BHA#1 LIMPIEZA_ARENA;DRILL PIPE 2 3/8 6,65 S135 NC26;Llave Hidráulica;206;sencillos ;2025-12-09 16:30:22;1,8;8522
ColpetroleumRsu8;MN-48;POOH BHA#1 LIMPIEZA_ARENA;DRILL PIPE 2 3/8 6,65 S135 NC26;Llave Hidráulica;207;sencillos ;2025-12-09 16:32:10;1,47;7985
ColpetroleumRsu8;MN-48;POOH BHA#1 LIMPIEZA_ARENA;DRILL PIPE 2 3/8 6,65 S135 NC26;Llave Hidráulica;208;sencillos ;2025-12-09 16:33:38;1,6;7865
ColpetroleumRsu8;MN-48;POOH BHA#1 LIMPIEZA_ARENA;DRILL PIPE 2 3/8 6,65 S135 NC26;Llave Hidráulica;209;sencillos ;2025-12-09 16:35:14;1,8;9088
ColpetroleumRsu8;MN-48;POOH BHA#1 LIMPIEZA_ARENA;DRILL PIPE 2 3/8 6,65 S135 NC26;Llave Hidráulica;210;sencillos ;2025-12-09 16:37:02;1,6;8851
ColpetroleumRsu8;MN-48;POOH BHA#1 LIMPIEZA_ARENA;DRILL PIPE 2 3/8 6,65 S135 NC26;Llave Hidráulica;211;sencillos ;2025-12-09 16:38:38;2,8;8118
ColpetroleumRsu8;MN-48;POOH BHA#1 LIMPIEZA_ARENA;DRILL PIPE 2 3/8 6,65 S135 NC26;Llave Hidráulica;212;sencillos ;2025-12-09 16:41:26;1,67;9297
ColpetroleumRsu8;MN-48;POOH BHA#1 LIMPIEZA_ARENA;DRILL PIPE 2 3/8 6,65 S135 NC26;Llave Hidráulica;213;sencillos ;2025-12-09 16:43:06;1,6;9547
ColpetroleumRsu8;MN-48;POOH BHA#1 LIMPIEZA_ARENA;DRILL PIPE 2 3/8 6,65 S135 NC26;Llave Hidráulica;214;sencillos ;2025-12-09 16:44:42;1,67;8025
ColpetroleumRsu8;MN-48;POOH BHA#1 LIMPIEZA_ARENA;DRILL PIPE 2 3/8 6,65 S135 NC26;Llave Hidráulica;215;sencillos ;2025-12-09 16:46:22;1,53;9065
ColpetroleumRsu8;MN-48;POOH BHA#1 LIMPIEZA_ARENA;DRILL PIPE 2 3/8 6,65 S135 NC26;Llave Hidráulica;216;sencillos ;2025-12-09 16:47:54;1,53;9460
ColpetroleumRsu8;MN-48;POOH BHA#1 LIMPIEZA_ARENA;DRILL PIPE 2 3/8 6,65 S135 NC26;Llave Hidráulica;217;sencillos ;2025-12-09 16:49:26;1,68;8907
ColpetroleumRsu8;MN-48;POOH BHA#1 LIMPIEZA_ARENA;DRILL PIPE 2 3/8 6,65 S135 NC26;Llave Hidráulica;218;sencillos ;2025-12-09 16:51:07;1,67;8621
ColpetroleumRsu8;MN-48;POOH BHA#1 LIMPIEZA_ARENA;DRILL PIPE 2 3/8 6,65 S135 NC26;Llave Hidráulica;219;sencillos ;2025-12-09 16:52:47;1,8;9275
ColpetroleumRsu8;MN-48;POOH BHA#1 LIMPIEZA_ARENA;DRILL PIPE 2 3/8 6,65 S135 NC26;Llave Hidráulica;220;sencillos ;2025-12-09 16:54:35;1,93;8353
ColpetroleumRsu8;MN-48;RIH ESP#10 PMM;TUBING 2 3/8 4,7 N-80 EUE;Llave Hidráulica;1;sencillos ;2025-12-13 03:02:51;7,73;1736
ColpetroleumRsu8;MN-48;RIH ESP#10 PMM;TUBING 2 3/8 4,7 N-80 EUE;Llave Hidráulica;2;sencillos ;2025-12-13 03:10:35;8,2;1748
ColpetroleumRsu8;MN-48;RIH ESP#10 PMM;TUBING 2 3/8 4,7 N-80 EUE;Llave Hidráulica;3;sencillos ;2025-12-13 03:18:47;8,27;1719
ColpetroleumRsu8;MN-48;RIH ESP#10 PMM;TUBING 2 3/8 4,7 N-80 EUE;Llave Hidráulica;4;sencillos ;2025-12-13 03:27:03;8,55;1727
ColpetroleumRsu8;MN-48;RIH ESP#10 PMM;TUBING 2 3/8 4,7 N-80 EUE;Llave Hidráulica;5;sencillos ;2025-12-13 03:35:36;7,8;1744
ColpetroleumRsu8;MN-48;RIH ESP#10 PMM;TUBING 2 3/8 4,7 N-80 EUE;Llave Hidráulica;6;sencillos ;2025-12-13 03:43:24;8,47;1724
ColpetroleumRsu8;MN-48;RIH ESP#10 PMM;TUBING 2 3/8 4,7 N-80 EUE;Llave Hidráulica;7;sencillos ;2025-12-13 03:51:52;7,27;1703
ColpetroleumRsu8;MN-48;RIH ESP#10 PMM;TUBING 2 3/8 4,7 N-80 EUE;Llave Hidráulica;8;sencillos ;2025-12-13 03:59:08;7,8;1719
ColpetroleumRsu8;MN-48;RIH ESP#10 PMM;TUBING 2 3/8 4,7 N-80 EUE;Llave Hidráulica;9;sencillos ;2025-12-13 04:06:56;8,87;1738
ColpetroleumRsu8;MN-48;RIH ESP#10 PMM;TUBING 2 3/8 4,7 N-80 EUE;Llave Hidráulica;10;sencillos ;2025-12-13 04:15:48;7,53;1732
ColpetroleumRsu8;MN-48;RIH ESP#10 PMM;TUBING 2 3/8 4,7 N-80 EUE;Llave Hidráulica;11;sencillos ;2025-12-13 04:23:20;7,93;1700
ColpetroleumRsu8;MN-48;RIH ESP#10 PMM;TUBING 2 3/8 4,7 N-80 EUE;Llave Hidráulica;12;sencillos ;2025-12-13 04:31:16;31,22;1715
ColpetroleumRsu8;MN-48;RIH ESP#10 PMM;TUBING 2 3/8 4,7 N-80 EUE;Llave Hidráulica;13;sencillos ;2025-12-13 05:02:29;7,87;1718
ColpetroleumRsu8;MN-48;RIH ESP#10 PMM;TUBING 2 3/8 4,7 N-80 EUE;Llave Hidráulica;14;sencillos ;2025-12-13 05:10:21;8,07;1736
ColpetroleumRsu8;MN-48;RIH ESP#10 PMM;TUBING 2 3/8 4,7 N-80 EUE;Llave Hidráulica;15;sencillos ;2025-12-13 05:18:25;8,07;1703
ColpetroleumRsu8;MN-48;RIH ESP#10 PMM;TUBING 2 3/8 4,7 N-80 EUE;Llave Hidráulica;16;sencillos ;2025-12-13 05:26:29;8,53;1726
ColpetroleumRsu8;MN-48;RIH ESP#10 PMM;TUBING 2 3/8 4,7 N-80 EUE;Llave Hidráulica;17;sencillos ;2025-12-13 05:35:01;8,07;1705
ColpetroleumRsu8;MN-48;RIH ESP#10 PMM;TUBING 2 3/8 4,7 N-80 EUE;Llave Hidráulica;18;sencillos ;2025-12-13 05:43:05;7;1712
ColpetroleumRsu8;MN-48;RIH ESP#10 PMM;TUBING 2 3/8 4,7 N-80 EUE;Llave Hidráulica;19;sencillos ;2025-12-13 05:50:05;78,35;1777
ColpetroleumRsu8;MN-48;RIH ESP#10 PMM;TUBING 2 3/8 4,7 N-80 EUE;Llave Hidráulica;20;sencillos ;2025-12-13 07:08:26;19,15;1910
ColpetroleumRsu8;MN-48;RIH ESP#10 PMM;TUBING 2 3/8 4,7 N-80 EUE;Llave Hidráulica;21;sencillos ;2025-12-13 07:27:35;6,67;1704
ColpetroleumRsu8;MN-48;RIH ESP#10 PMM;TUBING 2 3/8 4,7 N-80 EUE;Llave Hidráulica;22;sencillos ;2025-12-13 07:34:15;6,67;1657
ColpetroleumRsu8;MN-48;RIH ESP#10 PMM;TUBING 2 3/8 4,7 N-80 EUE;Llave Hidráulica;23;sencillos ;2025-12-13 07:40:55;6,87;1660
ColpetroleumRsu8;MN-48;RIH ESP#10 PMM;TUBING 2 3/8 4,7 N-80 EUE;Llave Hidráulica;24;sencillos ;2025-12-13 07:47:47;6,8;1653
ColpetroleumRsu8;MN-48;RIH ESP#10 PMM;TUBING 2 3/8 4,7 N-80 EUE;Llave Hidráulica;25;sencillos ;2025-12-13 07:54:35;37,55;1650
ColpetroleumRsu8;MN-48;RIH ESP#10 PMM;TUBING 2 3/8 4,7 N-80 EUE;Llave Hidráulica;26;sencillos ;2025-12-13 08:32:08;7,73;1664
ColpetroleumRsu8;MN-48;RIH ESP#10 PMM;TUBING 2 3/8 4,7 N-80 EUE;Llave Hidráulica;27;sencillos ;2025-12-13 08:39:52;5,8;1633
ColpetroleumRsu8;MN-48;RIH ESP#10 PMM;TUBING 2 3/8 4,7 N-80 EUE;Llave Hidráulica;28;sencillos ;2025-12-13 08:45:40;6,4;1645
ColpetroleumRsu8;MN-48;RIH ESP#10 PMM;TUBING 2 3/8 4,7 N-80 EUE;Llave Hidráulica;29;sencillos ;2025-12-13 08:52:04;5,53;1640
ColpetroleumRsu8;MN-48;RIH ESP#10 PMM;TUBING 2 3/8 4,7 N-80 EUE;Llave Hidráulica;30;sencillos ;2025-12-13 08:57:36;23,6;1617
ColpetroleumRsu8;MN-48;RIH ESP#10 PMM;TUBING 2 3/8 4,7 N-80 EUE;Llave Hidráulica;31;sencillos ;2025-12-13 09:21:12;6;1616
ColpetroleumRsu8;MN-48;RIH ESP#10 PMM;TUBING 2 3/8 4,7 N-80 EUE;Llave Hidráulica;32;sencillos ;2025-12-13 09:27:12;53,15;1626
ColpetroleumRsu8;MN-48;RIH ESP#10 PMM;TUBING 2 3/8 4,7 N-80 EUE;Llave Hidráulica;33;sencillos ;2025-12-13 10:20:21;5,67;1532
ColpetroleumRsu8;MN-48;RIH ESP#10 PMM;TUBING 2 3/8 4,7 N-80 EUE;Llave Hidráulica;34;sencillos ;2025-12-13 10:26:01;6,67;1768
ColpetroleumRsu8;MN-48;RIH ESP#10 PMM;TUBING 2 3/8 4,7 N-80 EUE;Llave Hidráulica;35;sencillos ;2025-12-13 10:32:41;6;1606
ColpetroleumRsu8;MN-48;RIH ESP#10 PMM;TUBING 2 3/8 4,7 N-80 EUE;Llave Hidráulica;36;sencillos ;2025-12-13 10:38:41;6,32;1596
ColpetroleumRsu8;MN-48;RIH ESP#10 PMM;TUBING 2 3/8 4,7 N-80 EUE;Llave Hidráulica;37;sencillos ;2025-12-13 10:45:00;6,88;1578
ColpetroleumRsu8;MN-48;RIH ESP#10 PMM;TUBING 2 3/8 4,7 N-80 EUE;Llave Hidráulica;38;sencillos ;2025-12-13 10:51:53;6,8;1583
ColpetroleumRsu8;MN-48;RIH ESP#10 PMM;TUBING 2 3/8 4,7 N-80 EUE;Llave Hidráulica;39;sencillos ;2025-12-13 10:58:41;7,8;1587
ColpetroleumRsu8;MN-48;RIH ESP#10 PMM;TUBING 2 3/8 4,7 N-80 EUE;Llave Hidráulica;40;sencillos ;2025-12-13 11:06:29;7,47;1592
ColpetroleumRsu8;MN-48;RIH ESP#10 PMM;TUBING 2 3/8 4,7 N-80 EUE;Llave Hidráulica;41;sencillos ;2025-12-13 11:13:57;8,47;1602
ColpetroleumRsu8;MN-48;RIH ESP#10 PMM;TUBING 2 3/8 4,7 N-80 EUE;Llave Hidráulica;42;sencillos ;2025-12-13 11:22:25;18,8;1574
ColpetroleumRsu8;MN-48;RIH ESP#10 PMM;TUBING 2 3/8 4,7 N-80 EUE;Llave Hidráulica;43;sencillos ;2025-12-13 11:41:13;5,8;1581
ColpetroleumRsu8;MN-48;RIH ESP#10 PMM;TUBING 2 3/8 4,7 N-80 EUE;Llave Hidráulica;44;sencillos ;2025-12-13 11:47:01;6,93;1587
ColpetroleumRsu8;MN-48;RIH ESP#10 PMM;TUBING 2 3/8 4,7 N-80 EUE;Llave Hidráulica;45;sencillos ;2025-12-13 11:53:57;87,5;1683
ColpetroleumRsu8;MN-48;RIH ESP#10 PMM;TUBING 2 3/8 4,7 N-80 EUE;Llave Hidráulica;46;sencillos ;2025-12-13 13:21:27;8,47;1705
ColpetroleumRsu8;MN-48;RIH ESP#10 PMM;TUBING 2 3/8 4,7 N-80 EUE;Llave Hidráulica;47;sencillos ;2025-12-13 13:29:55;5,2;1661
ColpetroleumRsu8;MN-48;RIH ESP#10 PMM;TUBING 2 3/8 4,7 N-80 EUE;Llave Hidráulica;48;sencillos ;2025-12-13 13:35:07;5,93;1659
ColpetroleumRsu8;MN-48;RIH ESP#10 PMM;TUBING 2 3/8 4,7 N-80 EUE;Llave Hidráulica;49;sencillos ;2025-12-13 13:41:03;6,13;1693
ColpetroleumRsu8;MN-48;RIH ESP#10 PMM;TUBING 2 3/8 4,7 N-80 EUE;Llave Hidráulica;50;sencillos ;2025-12-13 13:47:11;12,2;1679
ColpetroleumRsu8;MN-48;RIH ESP#10 PMM;TUBING 2 3/8 4,7 N-80 EUE;Llave Hidráulica;51;sencillos ;2025-12-13 13:59:23;6,67;1692
ColpetroleumRsu8;MN-48;RIH ESP#10 PMM;TUBING 2 3/8 4,7 N-80 EUE;Llave Hidráulica;52;sencillos ;2025-12-13 14:06:03;5,93;1653
ColpetroleumRsu8;MN-48;RIH ESP#10 PMM;TUBING 2 3/8 4,7 N-80 EUE;Llave Hidráulica;53;sencillos ;2025-12-13 14:11:59;6,2;1678
ColpetroleumRsu8;MN-48;RIH ESP#10 PMM;TUBING 2 3/8 4,7 N-80 EUE;Llave Hidráulica;54;sencillos ;2025-12-13 14:18:11;5,73;1669
ColpetroleumRsu8;MN-48;RIH ESP#10 PMM;TUBING 2 3/8 4,7 N-80 EUE;Llave Hidráulica;55;sencillos ;2025-12-13 14:23:55;27,48;1695
ColpetroleumRsu8;MN-48;RIH ESP#10 PMM;TUBING 2 3/8 4,7 N-80 EUE;Llave Hidráulica;56;sencillos ;2025-12-13 14:51:24;5,33;1688
ColpetroleumRsu8;MN-48;RIH ESP#10 PMM;TUBING 2 3/8 4,7 N-80 EUE;Llave Hidráulica;57;sencillos ;2025-12-13 14:56:44;5,27;1671
ColpetroleumRsu8;MN-48;RIH ESP#10 PMM;TUBING 2 3/8 4,7 N-80 EUE;Llave Hidráulica;58;sencillos ;2025-12-13 15:02:00;6,47;1661
ColpetroleumRsu8;MN-48;RIH ESP#10 PMM;TUBING 2 3/8 4,7 N-80 EUE;Llave Hidráulica;59;sencillos ;2025-12-13 15:08:28;5,93;1498
ColpetroleumRsu8;MN-48;RIH ESP#10 PMM;TUBING 2 3/8 4,7 N-80 EUE;Llave Hidráulica;60;sencillos ;2025-12-13 15:14:24;6,6;1675
ColpetroleumRsu8;MN-48;RIH ESP#10 PMM;TUBING 2 3/8 4,7 N-80 EUE;Llave Hidráulica;61;sencillos ;2025-12-13 15:21:00;6,87;1668
ColpetroleumRsu8;MN-48;RIH ESP#10 PMM;TUBING 2 3/8 4,7 N-80 EUE;Llave Hidráulica;62;sencillos ;2025-12-13 15:27:52;9,75;1687
ColpetroleumRsu8;MN-48;RIH ESP#10 PMM;TUBING 2 3/8 4,7 N-80 EUE;Llave Hidráulica;63;sencillos ;2025-12-13 15:37:37;8,87;1677
ColpetroleumRsu8;MN-48;RIH ESP#10 PMM;TUBING 2 3/8 4,7 N-80 EUE;Llave Hidráulica;64;sencillos ;2025-12-13 15:46:29;63,88;1830
ColpetroleumRsu8;MN-48;RIH ESP#10 PMM;TUBING 2 3/8 4,7 N-80 EUE;Llave Hidráulica;65;sencillos ;2025-12-13 16:50:22;8,8;1676
ColpetroleumRsu8;MN-48;RIH ESP#10 PMM;TUBING 2 3/8 4,7 N-80 EUE;Llave Hidráulica;66;sencillos ;2025-12-13 16:59:10;7,93;1658
ColpetroleumRsu8;MN-48;RIH ESP#10 PMM;TUBING 2 3/8 4,7 N-80 EUE;Llave Hidráulica;67;sencillos ;2025-12-13 17:07:06;7,93;1681
ColpetroleumRsu8;MN-48;RIH ESP#10 PMM;TUBING 2 3/8 4,7 N-80 EUE;Llave Hidráulica;68;sencillos ;2025-12-13 17:15:02;8,2;1723
ColpetroleumRsu8;MN-48;RIH ESP#10 PMM;TUBING 2 3/8 4,7 N-80 EUE;Llave Hidráulica;69;sencillos ;2025-12-13 17:23:14;6,87;1693
ColpetroleumRsu8;MN-48;RIH ESP#10 PMM;TUBING 2 3/8 4,7 N-80 EUE;Llave Hidráulica;70;sencillos ;2025-12-13 17:30:06;6,47;1653
ColpetroleumRsu8;MN-48;RIH ESP#10 PMM;TUBING 2 3/8 4,7 N-80 EUE;Llave Hidráulica;71;sencillos ;2025-12-13 17:36:34;7,33;1669
ColpetroleumRsu8;MN-48;RIH ESP#10 PMM;TUBING 2 3/8 4,7 N-80 EUE;Llave Hidráulica;72;sencillos ;2025-12-13 17:43:54;7,2;1678
ColpetroleumRsu8;MN-48;RIH ESP#10 PMM;TUBING 2 3/8 4,7 N-80 EUE;Llave Hidráulica;73;sencillos ;2025-12-13 17:51:06;70,62;1718
ColpetroleumRsu8;MN-48;RIH ESP#10 PMM;TUBING 2 3/8 4,7 N-80 EUE;Llave Hidráulica;74;sencillos ;2025-12-13 19:01:43;7,75;1700
ColpetroleumRsu8;MN-48;RIH ESP#10 PMM;TUBING 2 3/8 4,7 N-80 EUE;Llave Hidráulica;75;sencillos ;2025-12-13 19:09:28;21,13;1721
ColpetroleumRsu8;MN-48;RIH ESP#10 PMM;TUBING 2 3/8 4,7 N-80 EUE;Llave Hidráulica;76;sencillos ;2025-12-13 19:30:36;6,6;1706
ColpetroleumRsu8;MN-48;RIH ESP#10 PMM;TUBING 2 3/8 4,7 N-80 EUE;Llave Hidráulica;77;sencillos ;2025-12-13 19:37:12;6,4;1720
ColpetroleumRsu8;MN-48;RIH ESP#10 PMM;TUBING 2 3/8 4,7 N-80 EUE;Llave Hidráulica;78;sencillos ;2025-12-13 19:43:36;6,73;1713
ColpetroleumRsu8;MN-48;RIH ESP#10 PMM;TUBING 2 3/8 4,7 N-80 EUE;Llave Hidráulica;79;sencillos ;2025-12-13 19:50:20;6,47;1690
ColpetroleumRsu8;MN-48;RIH ESP#10 PMM;TUBING 2 3/8 4,7 N-80 EUE;Llave Hidráulica;80;sencillos ;2025-12-13 19:56:48;6,93;1691
ColpetroleumRsu8;MN-48;RIH ESP#10 PMM;TUBING 2 3/8 4,7 N-80 EUE;Llave Hidráulica;81;sencillos ;2025-12-13 20:03:44;7,07;1707
ColpetroleumRsu8;MN-48;RIH ESP#10 PMM;TUBING 2 3/8 4,7 N-80 EUE;Llave Hidráulica;82;sencillos ;2025-12-13 20:10:48;6,95;1695
ColpetroleumRsu8;MN-48;RIH ESP#10 PMM;TUBING 2 3/8 4,7 N-80 EUE;Llave Hidráulica;83;sencillos ;2025-12-13 20:17:45;6,87;1600
ColpetroleumRsu8;MN-48;RIH ESP#10 PMM;TUBING 2 3/8 4,7 N-80 EUE;Llave Hidráulica;84;sencillos ;2025-12-13 20:24:37;6,67;1721
ColpetroleumRsu8;MN-48;RIH ESP#10 PMM;TUBING 2 3/8 4,7 N-80 EUE;Llave Hidráulica;85;sencillos ;2025-12-13 20:31:17;258,85;1747
ColpetroleumRsu8;MN-48;RIH ESP#10 PMM;TUBING 2 3/8 4,7 N-80 EUE;Llave Hidráulica;86;sencillos ;2025-12-14 00:50:08;8,93;1735
ColpetroleumRsu8;MN-48;RIH ESP#10 PMM;TUBING 2 3/8 4,7 N-80 EUE;Llave Hidráulica;87;sencillos ;2025-12-14 00:59:04;9,42;1729
ColpetroleumRsu8;MN-48;RIH ESP#10 PMM;TUBING 2 3/8 4,7 N-80 EUE;Llave Hidráulica;88;sencillos ;2025-12-14 01:08:29;9,07;1748
ColpetroleumRsu8;MN-48;RIH ESP#10 PMM;TUBING 2 3/8 4,7 N-80 EUE;Llave Hidráulica;89;sencillos ;2025-12-14 01:17:33;9;1735
ColpetroleumRsu8;MN-48;RIH ESP#10 PMM;TUBING 2 3/8 4,7 N-80 EUE;Llave Hidráulica;90;sencillos ;2025-12-14 01:26:33;7,73;1711
ColpetroleumRsu8;MN-48;RIH ESP#10 PMM;TUBING 2 3/8 4,7 N-80 EUE;Llave Hidráulica;91;sencillos ;2025-12-14 01:34:17;7,07;1728
ColpetroleumRsu8;MN-48;RIH ESP#10 PMM;TUBING 2 3/8 4,7 N-80 EUE;Llave Hidráulica;92;sencillos ;2025-12-14 01:41:21;7,07;1711
ColpetroleumRsu8;MN-48;RIH ESP#10 PMM;TUBING 2 3/8 4,7 N-80 EUE;Llave Hidráulica;93;sencillos ;2025-12-14 01:48:25;7,53;1723
ColpetroleumRsu8;MN-48;RIH ESP#10 PMM;TUBING 2 3/8 4,7 N-80 EUE;Llave Hidráulica;94;sencillos ;2025-12-14 01:55:57;399,9;1744
ColpetroleumRsu8;MN-48;RIH ESP#10 PMM;TUBING 2 3/8 4,7 N-80 EUE;Llave Hidráulica;95;sencillos ;2025-12-14 08:35:51;8,53;1677
ColpetroleumRsu8;MN-48;RIH ESP#10 PMM;TUBING 2 3/8 4,7 N-80 EUE;Llave Hidráulica;96;sencillos ;2025-12-14 08:44:23;7,27;1729
ColpetroleumRsu8;MN-48;RIH ESP#10 PMM;TUBING 2 3/8 4,7 N-80 EUE;Llave Hidráulica;97;sencillos ;2025-12-14 08:51:39;6,47;1738
ColpetroleumRsu8;MN-48;RIH ESP#10 PMM;TUBING 2 3/8 4,7 N-80 EUE;Llave Hidráulica;98;sencillos ;2025-12-14 08:58:07;6,27;1714
ColpetroleumRsu8;MN-48;RIH ESP#10 PMM;TUBING 2 3/8 4,7 N-80 EUE;Llave Hidráulica;99;sencillos ;2025-12-14 09:04:23;7,88;1757
ColpetroleumRsu8;MN-48;RIH ESP#10 PMM;TUBING 2 3/8 4,7 N-80 EUE;Llave Hidráulica;100;sencillos ;2025-12-14 09:12:16;7,53;1722
ColpetroleumRsu8;MN-48;RIH ESP#10 PMM;TUBING 2 3/8 4,7 N-80 EUE;Llave Hidráulica;101;sencillos ;2025-12-14 09:19:48;6,47;1723
ColpetroleumRsu8;MN-48;RIH ESP#10 PMM;TUBING 2 3/8 4,7 N-80 EUE;Llave Hidráulica;102;sencillos ;2025-12-14 09:26:16;7,67;1738
ColpetroleumRsu8;MN-48;RIH ESP#10 PMM;TUBING 2 3/8 4,7 N-80 EUE;Llave Hidráulica;103;sencillos ;2025-12-14 09:33:56;8,33;1712
ColpetroleumRsu8;MN-48;RIH ESP#10 PMM;TUBING 2 3/8 4,7 N-80 EUE;Llave Hidráulica;104;sencillos ;2025-12-14 09:42:16;9,07;1711
ColpetroleumRsu8;MN-48;RIH ESP#10 PMM;TUBING 2 3/8 4,7 N-80 EUE;Llave Hidráulica;105;sencillos ;2025-12-14 09:51:20;6,6;1664
ColpetroleumRsu8;MN-48;RIH ESP#10 PMM;TUBING 2 3/8 4,7 N-80 EUE;Llave Hidráulica;106;sencillos ;2025-12-14 09:57:56;30,35;1711
ColpetroleumRsu8;MN-48;RIH ESP#10 PMM;TUBING 2 3/8 4,7 N-80 EUE;Llave Hidráulica;107;sencillos ;2025-12-14 10:28:17;7,13;1698
ColpetroleumRsu8;MN-48;RIH ESP#10 PMM;TUBING 2 3/8 4,7 N-80 EUE;Llave Hidráulica;108;sencillos ;2025-12-14 10:35:25;7,4;1689
ColpetroleumRsu8;MN-48;RIH ESP#10 PMM;TUBING 2 3/8 4,7 N-80 EUE;Llave Hidráulica;109;sencillos ;2025-12-14 10:42:49;7,8;1682
ColpetroleumRsu8;MN-48;RIH ESP#10 PMM;TUBING 2 3/8 4,7 N-80 EUE;Llave Hidráulica;110;sencillos ;2025-12-14 10:50:37;6,6;1681
ColpetroleumRsu8;MN-48;RIH ESP#10 PMM;TUBING 2 3/8 4,7 N-80 EUE;Llave Hidráulica;111;sencillos ;2025-12-14 10:57:13;6,67;1689
ColpetroleumRsu8;MN-48;RIH ESP#10 PMM;TUBING 2 3/8 4,7 N-80 EUE;Llave Hidráulica;112;sencillos ;2025-12-14 11:03:53;7,87;1716
ColpetroleumRsu8;MN-48;RIH ESP#10 PMM;TUBING 2 3/8 4,7 N-80 EUE;Llave Hidráulica;113;sencillos ;2025-12-14 11:11:45;8,33;1705
ColpetroleumRsu8;MN-48;RIH ESP#10 PMM;TUBING 2 3/8 4,7 N-80 EUE;Llave Hidráulica;114;sencillos ;2025-12-14 11:20:05;8,33;1679
ColpetroleumRsu8;MN-48;RIH ESP#10 PMM;TUBING 2 3/8 4,7 N-80 EUE;Llave Hidráulica;115;sencillos ;2025-12-14 11:28:25;7,33;1674
ColpetroleumRsu8;MN-48;RIH ESP#10 PMM;TUBING 2 3/8 4,7 N-80 EUE;Llave Hidráulica;116;sencillos ;2025-12-14 11:35:45;6,2;1728
ColpetroleumRsu8;MN-48;RIH ESP#10 PMM;TUBING 2 3/8 4,7 N-80 EUE;Llave Hidráulica;117;sencillos ;2025-12-14 11:41:57;10;1664
ColpetroleumRsu8;MN-48;RIH ESP#10 PMM;TUBING 2 3/8 4,7 N-80 EUE;Llave Hidráulica;118;sencillos ;2025-12-14 11:51:57;52,75;1679
ColpetroleumRsu8;MN-48;RIH ESP#10 PMM;TUBING 2 3/8 4,7 N-80 EUE;Llave Hidráulica;119;sencillos ;2025-12-14 12:44:42;6,73;1663
ColpetroleumRsu8;MN-48;RIH ESP#10 PMM;TUBING 2 3/8 4,7 N-80 EUE;Llave Hidráulica;120;sencillos ;2025-12-14 12:51:26;6,2;1664
ColpetroleumRsu8;MN-48;RIH ESP#10 PMM;TUBING 2 3/8 4,7 N-80 EUE;Llave Hidráulica;121;sencillos ;2025-12-14 12:57:38;7,13;1664
ColpetroleumRsu8;MN-48;RIH ESP#10 PMM;TUBING 2 3/8 4,7 N-80 EUE;Llave Hidráulica;122;sencillos ;2025-12-14 13:04:46;6,2;1657
ColpetroleumRsu8;MN-48;RIH ESP#10 PMM;TUBING 2 3/8 4,7 N-80 EUE;Llave Hidráulica;123;sencillos ;2025-12-14 13:10:58;6,67;1672
ColpetroleumRsu8;MN-48;RIH ESP#10 PMM;TUBING 2 3/8 4,7 N-80 EUE;Llave Hidráulica;124;sencillos ;2025-12-14 13:17:38;7,4;1654
ColpetroleumRsu8;MN-48;RIH ESP#10 PMM;TUBING 2 3/8 4,7 N-80 EUE;Llave Hidráulica;125;sencillos ;2025-12-14 13:25:02;7,95;1686
ColpetroleumRsu8;MN-48;RIH ESP#10 PMM;TUBING 2 3/8 4,7 N-80 EUE;Llave Hidráulica;126;sencillos ;2025-12-14 13:32:59;9,53;1643
ColpetroleumRsu8;MN-48;RIH ESP#10 PMM;TUBING 2 3/8 4,7 N-80 EUE;Llave Hidráulica;127;sencillos ;2025-12-14 13:42:31;17,93;1656
ColpetroleumRsu8;MN-48;RIH ESP#10 PMM;TUBING 2 3/8 4,7 N-80 EUE;Llave Hidráulica;128;sencillos ;2025-12-14 14:00:27;5,8;1648
ColpetroleumRsu8;MN-48;RIH ESP#10 PMM;TUBING 2 3/8 4,7 N-80 EUE;Llave Hidráulica;129;sencillos ;2025-12-14 14:06:15;6,2;1648
ColpetroleumRsu8;MN-48;RIH ESP#10 PMM;TUBING 2 3/8 4,7 N-80 EUE;Llave Hidráulica;130;sencillos ;2025-12-14 14:12:27;7;1661
ColpetroleumRsu8;MN-48;RIH ESP#10 PMM;TUBING 2 3/8 4,7 N-80 EUE;Llave Hidráulica;131;sencillos ;2025-12-14 14:19:27;6,13;1639
ColpetroleumRsu8;MN-48;RIH ESP#10 PMM;TUBING 2 3/8 4,7 N-80 EUE;Llave Hidráulica;132;sencillos ;2025-12-14 14:25:35;26,48;1665
ColpetroleumRsu8;MN-48;RIH ESP#10 PMM;TUBING 2 3/8 4,7 N-80 EUE;Llave Hidráulica;133;sencillos ;2025-12-14 14:52:04;7,33;1678
ColpetroleumRsu8;MN-48;RIH ESP#10 PMM;TUBING 2 3/8 4,7 N-80 EUE;Llave Hidráulica;134;sencillos ;2025-12-14 14:59:24;6,93;1632
ColpetroleumRsu8;MN-48;RIH ESP#10 PMM;TUBING 2 3/8 4,7 N-80 EUE;Llave Hidráulica;135;sencillos ;2025-12-14 15:06:20;6,73;1655
ColpetroleumRsu8;MN-48;RIH ESP#10 PMM;TUBING 2 3/8 4,7 N-80 EUE;Llave Hidráulica;136;sencillos ;2025-12-14 15:13:04;7,47;1653
ColpetroleumRsu8;MN-48;RIH ESP#10 PMM;TUBING 2 3/8 4,7 N-80 EUE;Llave Hidráulica;137;sencillos ;2025-12-14 15:20:32;8,07;1630
ColpetroleumRsu8;MN-48;RIH ESP#10 PMM;TUBING 2 3/8 4,7 N-80 EUE;Llave Hidráulica;138;sencillos ;2025-12-14 15:28:36;7,8;1622
ColpetroleumRsu8;MN-48;RIH ESP#10 PMM;TUBING 2 3/8 4,7 N-80 EUE;Llave Hidráulica;139;sencillos ;2025-12-14 15:36:24;8,07;1624
ColpetroleumRsu8;MN-48;RIH ESP#10 PMM;TUBING 2 3/8 4,7 N-80 EUE;Llave Hidráulica;140;sencillos ;2025-12-14 15:44:28;8,93;1629
ColpetroleumRsu8;MN-48;RIH ESP#10 PMM;TUBING 2 3/8 4,7 N-80 EUE;Llave Hidráulica;141;sencillos ;2025-12-14 15:53:24;7,48;1669
ColpetroleumRsu8;MN-48;RIH ESP#10 PMM;TUBING 2 3/8 4,7 N-80 EUE;Llave Hidráulica;142;sencillos ;2025-12-14 16:00:53;8,4;1653
ColpetroleumRsu8;MN-48;RIH ESP#10 PMM;TUBING 2 3/8 4,7 N-80 EUE;Llave Hidráulica;143;sencillos ;2025-12-14 16:09:17;9,93;1640
ColpetroleumRsu8;MN-48;RIH ESP#10 PMM;TUBING 2 3/8 4,7 N-80 EUE;Llave Hidráulica;144;sencillos ;2025-12-14 16:19:13;29,13;1646
ColpetroleumRsu8;MN-48;RIH ESP#10 PMM;TUBING 2 3/8 4,7 N-80 EUE;Llave Hidráulica;145;sencillos ;2025-12-14 16:48:21;7,4;1672
ColpetroleumRsu8;MN-48;RIH ESP#10 PMM;TUBING 2 3/8 4,7 N-80 EUE;Llave Hidráulica;146;sencillos ;2025-12-14 16:55:45;6,33;1638
ColpetroleumRsu8;MN-48;RIH ESP#10 PMM;TUBING 2 3/8 4,7 N-80 EUE;Llave Hidráulica;147;sencillos ;2025-12-14 17:02:05;7,68;1642
ColpetroleumRsu8;MN-48;RIH ESP#10 PMM;TUBING 2 3/8 4,7 N-80 EUE;Llave Hidráulica;148;sencillos ;2025-12-14 17:09:46;8,47;1634
ColpetroleumRsu8;MN-48;RIH ESP#10 PMM;TUBING 2 3/8 4,7 N-80 EUE;Llave Hidráulica;149;sencillos ;2025-12-14 17:18:14;8,47;1662
ColpetroleumRsu8;MN-48;RIH ESP#10 PMM;TUBING 2 3/8 4,7 N-80 EUE;Llave Hidráulica;150;sencillos ;2025-12-14 17:26:42;8,2;1654
ColpetroleumRsu8;MN-48;RIH ESP#10 PMM;TUBING 2 3/8 4,7 N-80 EUE;Llave Hidráulica;151;sencillos ;2025-12-14 17:34:54;7,2;1635
ColpetroleumRsu8;MN-48;RIH ESP#10 PMM;TUBING 2 3/8 4,7 N-80 EUE;Llave Hidráulica;152;sencillos ;2025-12-14 17:42:06;7,67;1643
ColpetroleumRsu8;MN-48;RIH ESP#10 PMM;TUBING 2 3/8 4,7 N-80 EUE;Llave Hidráulica;153;sencillos ;2025-12-14 17:49:46;157,97;1742
ColpetroleumRsu8;MN-48;RIH ESP#10 PMM;TUBING 2 3/8 4,7 N-80 EUE;Llave Hidráulica;154;sencillos ;2025-12-14 20:27:44;11,08;1739
ColpetroleumRsu8;MN-48;RIH ESP#10 PMM;TUBING 2 3/8 4,7 N-80 EUE;Llave Hidráulica;155;sencillos ;2025-12-14 20:38:49;9,47;1706
