deviceId;fecha_hora;pozo;caudal;presion;actividad;numero_prueba
ColpetroleumRsu8;2025-12-06 21:13:02;MN-48;0;2,51;FUERA DE VIAJE;1
ColpetroleumRsu8;2025-12-06 21:13:06;MN-48;0;2,51;FUERA DE VIAJE;1
ColpetroleumRsu8;2025-12-06 21:13:10;MN-48;0;2,51;FUERA DE VIAJE;1
ColpetroleumRsu8;2025-12-06 21:13:14;MN-48;0;2,51;FUERA DE VIAJE;1
ColpetroleumRsu8;2025-12-06 21:13:18;MN-48;0;2,51;FUERA DE VIAJE;1
ColpetroleumRsu8;2025-12-06 21:13:22;MN-48;0;2,51;FUERA DE VIAJE;1
ColpetroleumRsu8;2025-12-06 21:13:26;MN-48;0;1,88;FUERA DE VIAJE;1
ColpetroleumRsu8;2025-12-06 21:13:30;MN-48;0;1,88;FUERA DE VIAJE;1
ColpetroleumRsu8;2025-12-06 21:13:34;MN-48;0;1,88;FUERA DE VIAJE;1
ColpetroleumRsu8;2025-12-06 21:13:38;MN-48;0;1,88;FUERA DE VIAJE;1
ColpetroleumRsu8;2025-12-06 21:13:42;MN-48;0;1,88;FUERA DE VIAJE;1
ColpetroleumRsu8;2025-12-06 21:13:46;MN-48;0;1,88;FUERA DE VIAJE;1
ColpetroleumRsu8;2025-12-06 21:13:50;MN-48;0;1,88;FUERA DE VIAJE;1
ColpetroleumRsu8;2025-12-06 21:13:54;MN-48;0;1,88;FUERA DE VIAJE;1
ColpetroleumRsu8;2025-12-06 21:13:58;MN-48;0;1,88;FUERA DE VIAJE;1
ColpetroleumRsu8;2025-12-06 21:14:02;MN-48;0;1,88;FUERA DE VIAJE;1
ColpetroleumRsu8;2025-12-06 21:14:06;MN-48;0;1,88;FUERA DE VIAJE;1
ColpetroleumRsu8;2025-12-06 21:14:10;MN-48;0;1,88;FUERA DE VIAJE;1
ColpetroleumRsu8;2025-12-06 21:14:14;MN-48;0;1,88;FUERA DE VIAJE;1
ColpetroleumRsu8;2025-12-06 21:14:18;MN-48;0;1,88;FUERA DE VIAJE;1
ColpetroleumRsu8;2025-12-06 21:14:22;MN-48;0;1,88;FUERA DE VIAJE;1
ColpetroleumRsu8;2025-12-06 21:14:26;MN-48;0;1,88;FUERA DE VIAJE;1
ColpetroleumRsu8;2025-12-06 21:14:30;MN-48;0;1,88;FUERA DE VIAJE;1
ColpetroleumRsu8;2025-12-06 21:14:34;MN-48;0;1,88;FUERA DE VIAJE;1
ColpetroleumRsu8;2025-12-06 21:14:38;MN-48;0;1,88;FUERA DE VIAJE;1
ColpetroleumRsu8;2025-12-06 21:14:42;MN-48;0;1,88;FUERA DE VIAJE;1
ColpetroleumRsu8;2025-12-06 21:14:46;MN-48;0;46,7;FUERA DE VIAJE;1
ColpetroleumRsu8;2025-12-06 21:14:50;MN-48;0;37,61;FUERA DE VIAJE;1
ColpetroleumRsu8;2025-12-06 21:14:54;MN-48;0;37,61;FUERA DE VIAJE;1
ColpetroleumRsu8;2025-12-06 21:14:58;MN-48;0;37,61;FUERA DE VIAJE;1
ColpetroleumRsu8;2025-12-06 21:15:02;MN-48;0;2,82;FUERA DE VIAJE;1
ColpetroleumRsu8;2025-12-06 21:15:06;MN-48;0;3,76;FUERA DE VIAJE;1
ColpetroleumRsu8;2025-12-06 21:15:10;MN-48;0;3,76;FUERA DE VIAJE;1
ColpetroleumRsu8;2025-12-06 21:15:14;MN-48;0;3,13;FUERA DE VIAJE;1
ColpetroleumRsu8;2025-12-06 21:15:18;MN-48;0;3,76;FUERA DE VIAJE;1
ColpetroleumRsu8;2025-12-06 21:15:22;MN-48;0;3,76;FUERA DE VIAJE;1
ColpetroleumRsu8;2025-12-06 21:15:26;MN-48;0;3,76;FUERA DE VIAJE;1
ColpetroleumRsu8;2025-12-06 21:15:30;MN-48;0;3,76;FUERA DE VIAJE;1
ColpetroleumRsu8;2025-12-06 21:15:34;MN-48;0;3,76;FUERA DE VIAJE;1
ColpetroleumRsu8;2025-12-06 21:15:38;MN-48;0;3,13;FUERA DE VIAJE;1
ColpetroleumRsu8;2025-12-06 21:15:42;MN-48;0;3,13;FUERA DE VIAJE;1
ColpetroleumRsu8;2025-12-06 21:15:46;MN-48;0;3,13;FUERA DE VIAJE;1
ColpetroleumRsu8;2025-12-06 21:15:50;MN-48;0;3,13;FUERA DE VIAJE;1
ColpetroleumRsu8;2025-12-06 21:15:54;MN-48;0;3,13;FUERA DE VIAJE;1
ColpetroleumRsu8;2025-12-06 21:15:58;MN-48;0;3,13;FUERA DE VIAJE;1
ColpetroleumRsu8;2025-12-06 21:16:02;MN-48;0;3,13;FUERA DE VIAJE;1
ColpetroleumRsu8;2025-12-06 21:16:06;MN-48;0;3,13;FUERA DE VIAJE;1
ColpetroleumRsu8;2025-12-06 21:16:10;MN-48;0;3,13;FUERA DE VIAJE;1
ColpetroleumRsu8;2025-12-06 21:16:14;MN-48;0;3,13;FUERA DE VIAJE;1
ColpetroleumRsu8;2025-12-06 21:16:18;MN-48;0;3,13;FUERA DE VIAJE;1
ColpetroleumRsu8;2025-12-06 21:16:22;MN-48;0;3,13;FUERA DE VIAJE;1
ColpetroleumRsu8;2025-12-06 21:16:26;MN-48;0;3,13;FUERA DE VIAJE;1
ColpetroleumRsu8;2025-12-06 21:16:30;MN-48;0;3,76;FUERA DE VIAJE;1
ColpetroleumRsu8;2025-12-06 21:16:34;MN-48;0;3,13;FUERA DE VIAJE;1
ColpetroleumRsu8;2025-12-06 21:16:38;MN-48;0;3,76;FUERA DE VIAJE;1
ColpetroleumRsu8;2025-12-06 21:16:42;MN-48;0;3,76;FUERA DE VIAJE;1
ColpetroleumRsu8;2025-12-06 21:16:46;MN-48;0;3,76;FUERA DE VIAJE;1
ColpetroleumRsu8;2025-12-06 21:16:50;MN-48;0;3,13;FUERA DE VIAJE;1
ColpetroleumRsu8;2025-12-06 21:16:54;MN-48;0;3,76;FUERA DE VIAJE;1
ColpetroleumRsu8;2025-12-06 21:16:58;MN-48;0;3,76;FUERA DE VIAJE;1
ColpetroleumRsu8;2025-12-06 21:17:02;MN-48;0;3,76;FUERA DE VIAJE;1
ColpetroleumRsu8;2025-12-06 21:17:06;MN-48;0;3,76;FUERA DE VIAJE;1
ColpetroleumRsu8;2025-12-06 21:17:10;MN-48;0;60,8;FUERA DE VIAJE;1
ColpetroleumRsu8;2025-12-06 21:17:14;MN-48;0;60,8;FUERA DE VIAJE;1
ColpetroleumRsu8;2025-12-06 21:17:18;MN-48;0;58,92;FUERA DE VIAJE;1
ColpetroleumRsu8;2025-12-06 21:17:22;MN-48;0;250,09;FUERA DE VIAJE;1
ColpetroleumRsu8;2025-12-06 21:17:26;MN-48;0;598,6;FUERA DE VIAJE;1
ColpetroleumRsu8;2025-12-06 21:17:30;MN-48;0;586,37;FUERA DE VIAJE;1
ColpetroleumRsu8;2025-12-06 21:17:34;MN-48;0;581,67;FUERA DE VIAJE;1
ColpetroleumRsu8;2025-12-06 21:17:38;MN-48;0;578,85;FUERA DE VIAJE;1
ColpetroleumRsu8;2025-12-06 21:17:42;MN-48;0;576,03;FUERA DE VIAJE;1
ColpetroleumRsu8;2025-12-06 21:17:46;MN-48;0;572,58;FUERA DE VIAJE;1
ColpetroleumRsu8;2025-12-06 21:17:50;MN-48;0;570,7;FUERA DE VIAJE;1
ColpetroleumRsu8;2025-12-06 21:17:54;MN-48;0;568,51;FUERA DE VIAJE;1
ColpetroleumRsu8;2025-12-06 21:17:58;MN-48;0;566,63;FUERA DE VIAJE;1
ColpetroleumRsu8;2025-12-06 21:18:02;MN-48;0;565,06;FUERA DE VIAJE;1
ColpetroleumRsu8;2025-12-06 21:18:06;MN-48;0;562,55;FUERA DE VIAJE;1
ColpetroleumRsu8;2025-12-06 21:18:10;MN-48;0;560,67;FUERA DE VIAJE;1
ColpetroleumRsu8;2025-12-06 21:18:14;MN-48;0;559,11;FUERA DE VIAJE;1
ColpetroleumRsu8;2025-12-06 21:18:18;MN-48;0;557,85;FUERA DE VIAJE;1
ColpetroleumRsu8;2025-12-06 21:18:22;MN-48;0;555,35;FUERA DE VIAJE;1
ColpetroleumRsu8;2025-12-06 21:18:26;MN-48;0;553,78;FUERA DE VIAJE;1
ColpetroleumRsu8;2025-12-06 21:18:30;MN-48;0;552,53;FUERA DE VIAJE;1
ColpetroleumRsu8;2025-12-06 21:18:34;MN-48;0;550,96;FUERA DE VIAJE;1
ColpetroleumRsu8;2025-12-06 21:18:38;MN-48;0;549,71;FUERA DE VIAJE;1
ColpetroleumRsu8;2025-12-06 21:18:42;MN-48;0;547,2;FUERA DE VIAJE;1
ColpetroleumRsu8;2025-12-06 21:18:46;MN-48;0;545,94;FUERA DE VIAJE;1
ColpetroleumRsu8;2025-12-06 21:18:50;MN-48;0;544,69;FUERA DE VIAJE;1
ColpetroleumRsu8;2025-12-06 21:18:54;MN-48;0;543,12;FUERA DE VIAJE;1
ColpetroleumRsu8;2025-12-06 21:18:58;MN-48;0;542,18;FUERA DE VIAJE;1
ColpetroleumRsu8;2025-12-06 21:19:02;MN-48;0;539,68;FUERA DE VIAJE;1
ColpetroleumRsu8;2025-12-06 21:19:06;MN-48;0;538,42;FUERA DE VIAJE;1
ColpetroleumRsu8;2025-12-06 21:19:10;MN-48;0;536,86;FUERA DE VIAJE;1
ColpetroleumRsu8;2025-12-06 21:19:14;MN-48;0;535,6;FUERA DE VIAJE;1
ColpetroleumRsu8;2025-12-06 21:19:18;MN-48;0;533,72;FUERA DE VIAJE;1
ColpetroleumRsu8;2025-12-06 21:19:22;MN-48;0;532,47;FUERA DE VIAJE;1
ColpetroleumRsu8;2025-12-06 21:19:26;MN-48;0;531,21;FUERA DE VIAJE;1
ColpetroleumRsu8;2025-12-06 21:19:30;MN-48;0;530,59;FUERA DE VIAJE;1
ColpetroleumRsu8;2025-12-06 21:19:34;MN-48;0;529,02;FUERA DE VIAJE;1
ColpetroleumRsu8;2025-12-06 21:19:38;MN-48;0;527,14;FUERA DE VIAJE;1
ColpetroleumRsu8;2025-12-06 21:19:42;MN-48;0;526,2;FUERA DE VIAJE;1
ColpetroleumRsu8;2025-12-06 21:19:46;MN-48;0;524,95;FUERA DE VIAJE;1
ColpetroleumRsu8;2025-12-06 21:19:50;MN-48;0;524,01;FUERA DE VIAJE;1
ColpetroleumRsu8;2025-12-06 21:19:54;MN-48;0;522,75;FUERA DE VIAJE;1
ColpetroleumRsu8;2025-12-06 21:19:58;MN-48;0;521,5;FUERA DE VIAJE;1
ColpetroleumRsu8;2025-12-06 21:20:02;MN-48;0;520,87;FUERA DE VIAJE;1
ColpetroleumRsu8;2025-12-06 21:20:06;MN-48;0;519,31;FUERA DE VIAJE;1
ColpetroleumRsu8;2025-12-06 21:20:10;MN-48;0;518,37;FUERA DE VIAJE;1
ColpetroleumRsu8;2025-12-06 21:20:14;MN-48;0;516,48;FUERA DE VIAJE;1
ColpetroleumRsu8;2025-12-06 21:20:18;MN-48;0;515,86;FUERA DE VIAJE;1
ColpetroleumRsu8;2025-12-06 21:20:22;MN-48;0;514,6;FUERA DE VIAJE;1
ColpetroleumRsu8;2025-12-06 21:20:26;MN-48;0;513,66;FUERA DE VIAJE;1
ColpetroleumRsu8;2025-12-06 21:20:30;MN-48;0;512,72;FUERA DE VIAJE;1
ColpetroleumRsu8;2025-12-06 21:20:34;MN-48;0;511,16;FUERA DE VIAJE;1
ColpetroleumRsu8;2025-12-06 21:20:38;MN-48;0;510,22;FUERA DE VIAJE;1
ColpetroleumRsu8;2025-12-06 21:20:42;MN-48;0;509,59;FUERA DE VIAJE;1
ColpetroleumRsu8;2025-12-06 21:20:46;MN-48;0;508,34;FUERA DE VIAJE;1
ColpetroleumRsu8;2025-12-06 21:20:50;MN-48;0;507,08;FUERA DE VIAJE;1
ColpetroleumRsu8;2025-12-06 21:20:54;MN-48;0;506,46;FUERA DE VIAJE;1
ColpetroleumRsu8;2025-12-06 21:20:58;MN-48;0;505,2;FUERA DE VIAJE;1
ColpetroleumRsu8;2025-12-06 21:21:02;MN-48;0;503,95;FUERA DE VIAJE;1
ColpetroleumRsu8;2025-12-06 21:21:06;MN-48;0;502,38;FUERA DE VIAJE;1
ColpetroleumRsu8;2025-12-06 21:21:10;MN-48;0;501,76;FUERA DE VIAJE;1
ColpetroleumRsu8;2025-12-06 21:21:14;MN-48;0;501,13;FUERA DE VIAJE;1
ColpetroleumRsu8;2025-12-06 21:21:18;MN-48;0;500,19;FUERA DE VIAJE;1
ColpetroleumRsu8;2025-12-06 21:21:22;MN-48;0;498,93;FUERA DE VIAJE;1
ColpetroleumRsu8;2025-12-06 21:21:26;MN-48;0;507,71;FUERA DE VIAJE;1
ColpetroleumRsu8;2025-12-06 21:21:30;MN-48;0;510,84;FUERA DE VIAJE;1
ColpetroleumRsu8;2025-12-06 21:21:34;MN-48;0;513,98;FUERA DE VIAJE;1
ColpetroleumRsu8;2025-12-06 21:21:38;MN-48;0;518,99;FUERA DE VIAJE;1
ColpetroleumRsu8;2025-12-06 21:21:42;MN-48;0;521,81;FUERA DE VIAJE;1
ColpetroleumRsu8;2025-12-06 21:21:46;MN-48;0;525,26;FUERA DE VIAJE;1
ColpetroleumRsu8;2025-12-06 21:21:50;MN-48;0;524,01;FUERA DE VIAJE;1
ColpetroleumRsu8;2025-12-06 21:21:54;MN-48;0;522,75;FUERA DE VIAJE;1
ColpetroleumRsu8;2025-12-06 21:21:58;MN-48;0;521,19;FUERA DE VIAJE;1
ColpetroleumRsu8;2025-12-06 21:22:02;MN-48;0;519,62;FUERA DE VIAJE;1
ColpetroleumRsu8;2025-12-06 21:22:06;MN-48;0;518,99;FUERA DE VIAJE;1
ColpetroleumRsu8;2025-12-06 21:22:10;MN-48;0;517,74;FUERA DE VIAJE;1
ColpetroleumRsu8;2025-12-06 21:22:14;MN-48;0;516,48;FUERA DE VIAJE;1
ColpetroleumRsu8;2025-12-06 21:22:18;MN-48;0;515,23;FUERA DE VIAJE;1
ColpetroleumRsu8;2025-12-06 21:22:22;MN-48;0;513,04;FUERA DE VIAJE;1
ColpetroleumRsu8;2025-12-06 21:22:26;MN-48;0;512,1;FUERA DE VIAJE;1
ColpetroleumRsu8;2025-12-06 21:22:30;MN-48;0;511,47;FUERA DE VIAJE;1
ColpetroleumRsu8;2025-12-06 21:22:34;MN-48;0;510,22;FUERA DE VIAJE;1
ColpetroleumRsu8;2025-12-06 21:22:38;MN-48;0;508,96;FUERA DE VIAJE;1
ColpetroleumRsu8;2025-12-06 21:22:42;MN-48;0;507,71;FUERA DE VIAJE;1
ColpetroleumRsu8;2025-12-06 21:22:46;MN-48;0;505,83;FUERA DE VIAJE;1
ColpetroleumRsu8;2025-12-06 21:22:50;MN-48;0;505,2;FUERA DE VIAJE;1
ColpetroleumRsu8;2025-12-06 21:22:54;MN-48;0;503,64;FUERA DE VIAJE;1
ColpetroleumRsu8;2025-12-06 21:22:58;MN-48;0;502,7;FUERA DE VIAJE;1
ColpetroleumRsu8;2025-12-06 21:23:02;MN-48;0;501,44;FUERA DE VIAJE;1
ColpetroleumRsu8;2025-12-06 21:23:06;MN-48;0;500,19;FUERA DE VIAJE;1
ColpetroleumRsu8;2025-12-06 21:23:10;MN-48;0;498,93;FUERA DE VIAJE;1
ColpetroleumRsu8;2025-12-06 21:23:14;MN-48;0;497,68;FUERA DE VIAJE;1
ColpetroleumRsu8;2025-12-06 21:23:18;MN-48;0;497,05;FUERA DE VIAJE;1
ColpetroleumRsu8;2025-12-06 21:23:22;MN-48;0;495,8;FUERA DE VIAJE;1
ColpetroleumRsu8;2025-12-06 21:23:26;MN-48;0;494,55;FUERA DE VIAJE;1
ColpetroleumRsu8;2025-12-06 21:23:30;MN-48;0;493,92;FUERA DE VIAJE;1
ColpetroleumRsu8;2025-12-06 21:23:34;MN-48;0;492,04;FUERA DE VIAJE;1
ColpetroleumRsu8;2025-12-06 21:23:38;MN-48;0;491,41;FUERA DE VIAJE;1
ColpetroleumRsu8;2025-12-06 21:23:42;MN-48;0;489,85;FUERA DE VIAJE;1
ColpetroleumRsu8;2025-12-06 21:23:46;MN-48;0;489,22;FUERA DE VIAJE;1
ColpetroleumRsu8;2025-12-06 21:23:50;MN-48;0;487,03;FUERA DE VIAJE;1
ColpetroleumRsu8;2025-12-06 21:23:54;MN-48;0;486,4;FUERA DE VIAJE;1
ColpetroleumRsu8;2025-12-06 21:23:58;MN-48;0;485,14;FUERA DE VIAJE;1
ColpetroleumRsu8;2025-12-06 21:24:02;MN-48;0;484,52;FUERA DE VIAJE;1
ColpetroleumRsu8;2025-12-06 21:24:06;MN-48;0;483,26;FUERA DE VIAJE;1
ColpetroleumRsu8;2025-12-06 21:24:10;MN-48;0;481,38;FUERA DE VIAJE;1
ColpetroleumRsu8;2025-12-06 21:24:14;MN-48;0;480,76;FUERA DE VIAJE;1
ColpetroleumRsu8;2025-12-06 21:24:18;MN-48;0;479,5;FUERA DE VIAJE;1
ColpetroleumRsu8;2025-12-06 21:24:22;MN-48;0;478,88;FUERA DE VIAJE;1
ColpetroleumRsu8;2025-12-06 21:24:26;MN-48;0;477,62;FUERA DE VIAJE;1
ColpetroleumRsu8;2025-12-06 21:24:30;MN-48;0;476,37;FUERA DE VIAJE;1
ColpetroleumRsu8;2025-12-06 21:24:34;MN-48;0;475,12;FUERA DE VIAJE;1
ColpetroleumRsu8;2025-12-06 21:24:38;MN-48;0;474,49;FUERA DE VIAJE;1
ColpetroleumRsu8;2025-12-06 21:24:42;MN-48;0;473,86;FUERA DE VIAJE;1
ColpetroleumRsu8;2025-12-06 21:24:46;MN-48;0;472,61;FUERA DE VIAJE;1
ColpetroleumRsu8;2025-12-06 21:24:50;MN-48;0;471,67;FUERA DE VIAJE;1
ColpetroleumRsu8;2025-12-06 21:24:54;MN-48;0;470,41;FUERA DE VIAJE;1
ColpetroleumRsu8;2025-12-06 21:24:58;MN-48;0;469,79;FUERA DE VIAJE;1
ColpetroleumRsu8;2025-12-06 21:25:02;MN-48;0;469,16;FUERA DE VIAJE;1
ColpetroleumRsu8;2025-12-06 21:25:06;MN-48;0;467,59;FUERA DE VIAJE;1
ColpetroleumRsu8;2025-12-06 21:25:10;MN-48;0;466,97;FUERA DE VIAJE;1
ColpetroleumRsu8;2025-12-06 21:25:14;MN-48;0;465,71;FUERA DE VIAJE;1
ColpetroleumRsu8;2025-12-06 21:25:18;MN-48;0;464,46;FUERA DE VIAJE;1
ColpetroleumRsu8;2025-12-06 21:25:22;MN-48;0;463,21;FUERA DE VIAJE;1
ColpetroleumRsu8;2025-12-06 21:25:26;MN-48;0;462,58;FUERA DE VIAJE;1
ColpetroleumRsu8;2025-12-06 21:25:30;MN-48;0;461,33;FUERA DE VIAJE;1
ColpetroleumRsu8;2025-12-06 21:25:34;MN-48;0;460,7;FUERA DE VIAJE;1
ColpetroleumRsu8;2025-12-06 21:25:38;MN-48;0;459,76;FUERA DE VIAJE;1
ColpetroleumRsu8;2025-12-06 21:25:42;MN-48;0;458,82;FUERA DE VIAJE;1
ColpetroleumRsu8;2025-12-06 21:25:46;MN-48;0;457,57;FUERA DE VIAJE;1
ColpetroleumRsu8;2025-12-06 21:25:50;MN-48;0;456,94;FUERA DE VIAJE;1
ColpetroleumRsu8;2025-12-06 21:25:54;MN-48;0;458,19;FUERA DE VIAJE;1
ColpetroleumRsu8;2025-12-06 21:25:58;MN-48;0;442,21;FUERA DE VIAJE;1
ColpetroleumRsu8;2025-12-06 21:26:02;MN-48;0;430,3;FUERA DE VIAJE;1
ColpetroleumRsu8;2025-12-06 21:26:06;MN-48;0;21,31;FUERA DE VIAJE;1
ColpetroleumRsu8;2025-12-06 21:26:10;MN-48;0;3,45;FUERA DE VIAJE;1
ColpetroleumRsu8;2025-12-06 21:26:14;MN-48;0;5,33;FUERA DE VIAJE;1
ColpetroleumRsu8;2025-12-06 21:26:18;MN-48;0;5,95;FUERA DE VIAJE;1
ColpetroleumRsu8;2025-12-06 21:26:22;MN-48;0;5,95;FUERA DE VIAJE;1
ColpetroleumRsu8;2025-12-06 21:26:26;MN-48;0;5,95;FUERA DE VIAJE;1
ColpetroleumRsu8;2025-12-06 21:26:30;MN-48;0;5,95;FUERA DE VIAJE;1
ColpetroleumRsu8;2025-12-06 21:26:34;MN-48;0;5,95;FUERA DE VIAJE;1
ColpetroleumRsu8;2025-12-06 21:26:38;MN-48;0;5,95;FUERA DE VIAJE;1
ColpetroleumRsu8;2025-12-06 21:26:42;MN-48;0;5,95;FUERA DE VIAJE;1
ColpetroleumRsu8;2025-12-06 21:26:46;MN-48;0;5,95;FUERA DE VIAJE;1
ColpetroleumRsu8;2025-12-06 21:26:50;MN-48;0;5,95;FUERA DE VIAJE;1
ColpetroleumRsu8;2025-12-06 21:26:54;MN-48;0;5,33;FUERA DE VIAJE;1
ColpetroleumRsu8;2025-12-06 21:26:58;MN-48;0;5,33;FUERA DE VIAJE;1
ColpetroleumRsu8;2025-12-06 21:27:02;MN-48;0;90,89;FUERA DE VIAJE;1
ColpetroleumRsu8;2025-12-06 21:27:06;MN-48;0;66,44;FUERA DE VIAJE;1
ColpetroleumRsu8;2025-12-06 21:27:10;MN-48;0;66,44;FUERA DE VIAJE;1
ColpetroleumRsu8;2025-12-06 21:27:14;MN-48;0;1625,3;FUERA DE VIAJE;1
ColpetroleumRsu8;2025-12-06 21:27:18;MN-48;0;2851,01;FUERA DE VIAJE;1
ColpetroleumRsu8;2025-12-06 21:27:22;MN-48;0;2697,13;FUERA DE VIAJE;1
ColpetroleumRsu8;2025-12-06 21:27:26;MN-48;0;2594,02;FUERA DE VIAJE;1
ColpetroleumRsu8;2025-12-06 21:27:30;MN-48;0;2487,46;FUERA DE VIAJE;1
ColpetroleumRsu8;2025-12-06 21:27:34;MN-48;0;2420,71;FUERA DE VIAJE;1
ColpetroleumRsu8;2025-12-06 21:27:38;MN-48;0;2350,82;FUERA DE VIAJE;1
ColpetroleumRsu8;2025-12-06 21:27:42;MN-48;0;2289,08;FUERA DE VIAJE;1
ColpetroleumRsu8;2025-12-06 21:27:46;MN-48;0;2238,94;FUERA DE VIAJE;1
ColpetroleumRsu8;2025-12-06 21:27:50;MN-48;0;2179,08;FUERA DE VIAJE;1
ColpetroleumRsu8;2025-12-06 21:27:54;MN-48;0;8,15;FUERA DE VIAJE;1
ColpetroleumRsu8;2025-12-06 21:27:58;MN-48;0;3,13;FUERA DE VIAJE;1
ColpetroleumRsu8;2025-12-06 21:28:02;MN-48;0;3,76;FUERA DE VIAJE;1
ColpetroleumRsu8;2025-12-06 21:28:06;MN-48;0;3,76;FUERA DE VIAJE;1
ColpetroleumRsu8;2025-12-06 21:28:10;MN-48;0;3,76;FUERA DE VIAJE;1
ColpetroleumRsu8;2025-12-06 21:28:14;MN-48;0;3,76;FUERA DE VIAJE;1
ColpetroleumRsu8;2025-12-06 21:28:18;MN-48;0;4,39;FUERA DE VIAJE;1
ColpetroleumRsu8;2025-12-06 21:28:22;MN-48;0;3,76;FUERA DE VIAJE;1
ColpetroleumRsu8;2025-12-06 21:28:26;MN-48;0;3,45;FUERA DE VIAJE;1
ColpetroleumRsu8;2025-12-06 21:28:30;MN-48;0;3,45;FUERA DE VIAJE;1
ColpetroleumRsu8;2025-12-06 21:28:34;MN-48;0;4,07;FUERA DE VIAJE;1
ColpetroleumRsu8;2025-12-06 21:28:38;MN-48;0;4,07;FUERA DE VIAJE;1
ColpetroleumRsu8;2025-12-06 21:28:42;MN-48;0;3,45;FUERA DE VIAJE;1
ColpetroleumRsu8;2025-12-06 21:28:46;MN-48;0;3,45;FUERA DE VIAJE;1
ColpetroleumRsu8;2025-12-06 21:28:50;MN-48;0;3,45;FUERA DE VIAJE;1
ColpetroleumRsu8;2025-12-06 21:28:54;MN-48;0;3,45;FUERA DE VIAJE;1
ColpetroleumRsu8;2025-12-06 21:28:58;MN-48;0;3,45;FUERA DE VIAJE;1
ColpetroleumRsu8;2025-12-06 21:32:02;MN-48;0;3,76;FUERA DE VIAJE;2
ColpetroleumRsu8;2025-12-06 21:32:06;MN-48;0;3,76;FUERA DE VIAJE;2
ColpetroleumRsu8;2025-12-06 21:32:10;MN-48;0;3,76;FUERA DE VIAJE;2
ColpetroleumRsu8;2025-12-06 21:32:14;MN-48;0;3,76;FUERA DE VIAJE;2
ColpetroleumRsu8;2025-12-06 21:32:18;MN-48;0;3,76;FUERA DE VIAJE;2
ColpetroleumRsu8;2025-12-06 21:32:22;MN-48;0;3,76;FUERA DE VIAJE;2
ColpetroleumRsu8;2025-12-06 21:32:26;MN-48;0;3,76;FUERA DE VIAJE;2
ColpetroleumRsu8;2025-12-06 21:32:30;MN-48;0;3,13;FUERA DE VIAJE;2
ColpetroleumRsu8;2025-12-06 21:32:34;MN-48;0;3,76;FUERA DE VIAJE;2
ColpetroleumRsu8;2025-12-06 21:32:38;MN-48;0;3,76;FUERA DE VIAJE;2
ColpetroleumRsu8;2025-12-06 21:32:42;MN-48;0;3,76;FUERA DE VIAJE;2
ColpetroleumRsu8;2025-12-06 21:32:46;MN-48;0;3,76;FUERA DE VIAJE;2
ColpetroleumRsu8;2025-12-06 21:32:50;MN-48;0;3,76;FUERA DE VIAJE;2
ColpetroleumRsu8;2025-12-06 21:32:54;MN-48;0;3,76;FUERA DE VIAJE;2
ColpetroleumRsu8;2025-12-06 21:32:58;MN-48;0;3,76;FUERA DE VIAJE;2
ColpetroleumRsu8;2025-12-06 21:33:02;MN-48;0;3,76;FUERA DE VIAJE;2
ColpetroleumRsu8;2025-12-06 21:33:06;MN-48;0;3,76;FUERA DE VIAJE;2
ColpetroleumRsu8;2025-12-06 21:33:10;MN-48;0;3,76;FUERA DE VIAJE;2
ColpetroleumRsu8;2025-12-06 21:33:14;MN-48;0;3,76;FUERA DE VIAJE;2
ColpetroleumRsu8;2025-12-06 21:33:18;MN-48;0;3,76;FUERA DE VIAJE;2
ColpetroleumRsu8;2025-12-06 21:33:22;MN-48;0;3,76;FUERA DE VIAJE;2
ColpetroleumRsu8;2025-12-06 21:33:26;MN-48;0;3,76;FUERA DE VIAJE;2
ColpetroleumRsu8;2025-12-06 21:33:30;MN-48;0;3,13;FUERA DE VIAJE;2
ColpetroleumRsu8;2025-12-06 21:33:34;MN-48;0;3,76;FUERA DE VIAJE;2
ColpetroleumRsu8;2025-12-06 21:33:38;MN-48;0;3,13;FUERA DE VIAJE;2
ColpetroleumRsu8;2025-12-06 21:33:42;MN-48;0;3,76;FUERA DE VIAJE;2
ColpetroleumRsu8;2025-12-06 21:33:46;MN-48;0;3,76;FUERA DE VIAJE;2
ColpetroleumRsu8;2025-12-06 21:33:50;MN-48;0;3,76;FUERA DE VIAJE;2
ColpetroleumRsu8;2025-12-06 21:33:54;MN-48;0;3,76;FUERA DE VIAJE;2
ColpetroleumRsu8;2025-12-06 21:33:58;MN-48;0;3,76;FUERA DE VIAJE;2
ColpetroleumRsu8;2025-12-06 21:34:02;MN-48;0;3,76;FUERA DE VIAJE;2
ColpetroleumRsu8;2025-12-06 21:34:06;MN-48;0;3,76;FUERA DE VIAJE;2
ColpetroleumRsu8;2025-12-06 21:34:10;MN-48;0;3,76;FUERA DE VIAJE;2
ColpetroleumRsu8;2025-12-06 21:34:14;MN-48;0;3,76;FUERA DE VIAJE;2
ColpetroleumRsu8;2025-12-06 21:34:18;MN-48;0;3,76;FUERA DE VIAJE;2
ColpetroleumRsu8;2025-12-06 21:34:22;MN-48;0;3,76;FUERA DE VIAJE;2
ColpetroleumRsu8;2025-12-06 21:34:26;MN-48;0;3,76;FUERA DE VIAJE;2
ColpetroleumRsu8;2025-12-06 21:34:30;MN-48;0;3,76;FUERA DE VIAJE;2
ColpetroleumRsu8;2025-12-06 21:34:34;MN-48;0;3,76;FUERA DE VIAJE;2
ColpetroleumRsu8;2025-12-06 21:34:38;MN-48;0;3,76;FUERA DE VIAJE;2
ColpetroleumRsu8;2025-12-06 21:34:42;MN-48;0;3,76;FUERA DE VIAJE;2
ColpetroleumRsu8;2025-12-06 21:34:46;MN-48;0;3,76;FUERA DE VIAJE;2
ColpetroleumRsu8;2025-12-06 21:34:50;MN-48;0;3,76;FUERA DE VIAJE;2
ColpetroleumRsu8;2025-12-06 21:34:54;MN-48;0;3,76;FUERA DE VIAJE;2
ColpetroleumRsu8;2025-12-06 21:34:58;MN-48;0;3,76;FUERA DE VIAJE;2
ColpetroleumRsu8;2025-12-06 21:35:02;MN-48;0;3,76;FUERA DE VIAJE;2
ColpetroleumRsu8;2025-12-06 21:35:06;MN-48;0;3,76;FUERA DE VIAJE;2
ColpetroleumRsu8;2025-12-06 21:35:10;MN-48;0;3,76;FUERA DE VIAJE;2
ColpetroleumRsu8;2025-12-06 21:35:14;MN-48;0;3,76;FUERA DE VIAJE;2
ColpetroleumRsu8;2025-12-06 21:35:18;MN-48;0;3,76;FUERA DE VIAJE;2
ColpetroleumRsu8;2025-12-06 21:35:22;MN-48;0;3,76;FUERA DE VIAJE;2
ColpetroleumRsu8;2025-12-06 21:35:26;MN-48;0;3,76;FUERA DE VIAJE;2
ColpetroleumRsu8;2025-12-06 21:35:30;MN-48;0;3,76;FUERA DE VIAJE;2
ColpetroleumRsu8;2025-12-06 21:35:34;MN-48;0;3,76;FUERA DE VIAJE;2
ColpetroleumRsu8;2025-12-06 21:35:38;MN-48;0;3,76;FUERA DE VIAJE;2
ColpetroleumRsu8;2025-12-06 21:35:42;MN-48;0;3,76;FUERA DE VIAJE;2
ColpetroleumRsu8;2025-12-06 21:35:46;MN-48;0;3,76;FUERA DE VIAJE;2
ColpetroleumRsu8;2025-12-06 21:35:50;MN-48;0;3,76;FUERA DE VIAJE;2
ColpetroleumRsu8;2025-12-06 21:35:54;MN-48;0;3,76;FUERA DE VIAJE;2
ColpetroleumRsu8;2025-12-06 21:35:58;MN-48;0;3,76;FUERA DE VIAJE;2
ColpetroleumRsu8;2025-12-06 21:36:02;MN-48;0;3,76;FUERA DE VIAJE;2
ColpetroleumRsu8;2025-12-06 21:36:06;MN-48;0;3,76;FUERA DE VIAJE;2
ColpetroleumRsu8;2025-12-06 21:36:10;MN-48;0;3,76;FUERA DE VIAJE;2
ColpetroleumRsu8;2025-12-06 21:36:14;MN-48;0;3,76;FUERA DE VIAJE;2
ColpetroleumRsu8;2025-12-06 21:36:18;MN-48;0;4,39;FUERA DE VIAJE;2
ColpetroleumRsu8;2025-12-06 21:36:22;MN-48;0;68,32;FUERA DE VIAJE;2
ColpetroleumRsu8;2025-12-06 21:36:26;MN-48;0;67,07;FUERA DE VIAJE;2
ColpetroleumRsu8;2025-12-06 21:36:30;MN-48;0;90,89;FUERA DE VIAJE;2
ColpetroleumRsu8;2025-12-06 21:36:34;MN-48;0;2336,09;FUERA DE VIAJE;2
ColpetroleumRsu8;2025-12-06 21:36:38;MN-48;0;2262,76;FUERA DE VIAJE;2
ColpetroleumRsu8;2025-12-06 21:36:42;MN-48;0;2243,32;FUERA DE VIAJE;2
ColpetroleumRsu8;2025-12-06 21:36:46;MN-48;0;2223,27;FUERA DE VIAJE;2
ColpetroleumRsu8;2025-12-06 21:36:50;MN-48;0;2218,88;FUERA DE VIAJE;2
ColpetroleumRsu8;2025-12-06 21:36:54;MN-48;0;2213,86;FUERA DE VIAJE;2
ColpetroleumRsu8;2025-12-06 21:36:58;MN-48;0;2211,98;FUERA DE VIAJE;2
ColpetroleumRsu8;2025-12-06 21:37:02;MN-48;0;2212,3;FUERA DE VIAJE;2
ColpetroleumRsu8;2025-12-06 21:37:06;MN-48;0;2210,1;FUERA DE VIAJE;2
ColpetroleumRsu8;2025-12-06 21:37:10;MN-48;0;2205,09;FUERA DE VIAJE;2
ColpetroleumRsu8;2025-12-06 21:37:14;MN-48;0;2199,14;FUERA DE VIAJE;2
ColpetroleumRsu8;2025-12-06 21:37:18;MN-48;0;2194,43;FUERA DE VIAJE;2
ColpetroleumRsu8;2025-12-06 21:37:22;MN-48;0;2189,42;FUERA DE VIAJE;2
ColpetroleumRsu8;2025-12-06 21:37:26;MN-48;0;2183,78;FUERA DE VIAJE;2
ColpetroleumRsu8;2025-12-06 21:37:30;MN-48;0;2178,76;FUERA DE VIAJE;2
ColpetroleumRsu8;2025-12-06 21:37:34;MN-48;0;2173,75;FUERA DE VIAJE;2
ColpetroleumRsu8;2025-12-06 21:37:38;MN-48;0;2169,68;FUERA DE VIAJE;2
ColpetroleumRsu8;2025-12-06 21:37:42;MN-48;0;2164,97;FUERA DE VIAJE;2
ColpetroleumRsu8;2025-12-06 21:37:46;MN-48;0;2160,59;FUERA DE VIAJE;2
ColpetroleumRsu8;2025-12-06 21:37:50;MN-48;0;2154,95;FUERA DE VIAJE;2
ColpetroleumRsu8;2025-12-06 21:37:54;MN-48;0;2151,18;FUERA DE VIAJE;2
ColpetroleumRsu8;2025-12-06 21:37:58;MN-48;0;2147,42;FUERA DE VIAJE;2
ColpetroleumRsu8;2025-12-06 21:38:02;MN-48;0;2143,04;FUERA DE VIAJE;2
ColpetroleumRsu8;2025-12-06 21:38:06;MN-48;0;2137,4;FUERA DE VIAJE;2
ColpetroleumRsu8;2025-12-06 21:38:10;MN-48;0;2133,63;FUERA DE VIAJE;2
ColpetroleumRsu8;2025-12-06 21:38:14;MN-48;0;2129,87;FUERA DE VIAJE;2
ColpetroleumRsu8;2025-12-06 21:38:18;MN-48;0;2125,17;FUERA DE VIAJE;2
ColpetroleumRsu8;2025-12-06 21:38:22;MN-48;0;2121,72;FUERA DE VIAJE;2
ColpetroleumRsu8;2025-12-06 21:38:26;MN-48;0;2117,34;FUERA DE VIAJE;2
ColpetroleumRsu8;2025-12-06 21:38:30;MN-48;0;2113,89;FUERA DE VIAJE;2
ColpetroleumRsu8;2025-12-06 21:38:34;MN-48;0;2109,82;FUERA DE VIAJE;2
ColpetroleumRsu8;2025-12-06 21:38:38;MN-48;0;2105,43;FUERA DE VIAJE;2
ColpetroleumRsu8;2025-12-06 21:38:42;MN-48;0;2101,98;FUERA DE VIAJE;2
ColpetroleumRsu8;2025-12-06 21:38:46;MN-48;0;2098,53;FUERA DE VIAJE;2
ColpetroleumRsu8;2025-12-06 21:38:50;MN-48;0;2095,09;FUERA DE VIAJE;2
ColpetroleumRsu8;2025-12-06 21:38:54;MN-48;0;2090,07;FUERA DE VIAJE;2
ColpetroleumRsu8;2025-12-06 21:38:58;MN-48;0;2086,94;FUERA DE VIAJE;2
ColpetroleumRsu8;2025-12-06 21:39:02;MN-48;0;2081,92;FUERA DE VIAJE;2
ColpetroleumRsu8;2025-12-06 21:39:06;MN-48;0;2078,48;FUERA DE VIAJE;2
ColpetroleumRsu8;2025-12-06 21:39:10;MN-48;0;2075,34;FUERA DE VIAJE;2
ColpetroleumRsu8;2025-12-06 21:39:14;MN-48;0;2071,58;FUERA DE VIAJE;2
ColpetroleumRsu8;2025-12-06 21:39:18;MN-48;0;2068,45;FUERA DE VIAJE;2
ColpetroleumRsu8;2025-12-06 21:39:22;MN-48;0;2064,06;FUERA DE VIAJE;2
ColpetroleumRsu8;2025-12-06 21:39:26;MN-48;0;2060,93;FUERA DE VIAJE;2
ColpetroleumRsu8;2025-12-06 21:39:30;MN-48;0;2057,79;FUERA DE VIAJE;2
ColpetroleumRsu8;2025-12-06 21:39:34;MN-48;0;2055,28;FUERA DE VIAJE;2
ColpetroleumRsu8;2025-12-06 21:39:38;MN-48;0;2050,58;FUERA DE VIAJE;2
ColpetroleumRsu8;2025-12-06 21:39:42;MN-48;0;2047,76;FUERA DE VIAJE;2
ColpetroleumRsu8;2025-12-06 21:39:46;MN-48;0;2044,94;FUERA DE VIAJE;2
ColpetroleumRsu8;2025-12-06 21:39:50;MN-48;0;2041,18;FUERA DE VIAJE;2
ColpetroleumRsu8;2025-12-06 21:39:54;MN-48;0;2037,11;FUERA DE VIAJE;2
ColpetroleumRsu8;2025-12-06 21:39:58;MN-48;0;2035,54;FUERA DE VIAJE;2
ColpetroleumRsu8;2025-12-06 21:40:02;MN-48;0;2032,09;FUERA DE VIAJE;2
ColpetroleumRsu8;2025-12-06 21:40:06;MN-48;0;2029,27;FUERA DE VIAJE;2
ColpetroleumRsu8;2025-12-06 21:40:10;MN-48;0;2026,14;FUERA DE VIAJE;2
ColpetroleumRsu8;2025-12-06 21:40:14;MN-48;0;2023,94;FUERA DE VIAJE;2
ColpetroleumRsu8;2025-12-06 21:40:18;MN-48;0;2019,56;FUERA DE VIAJE;2
ColpetroleumRsu8;2025-12-06 21:40:22;MN-48;0;2017,05;FUERA DE VIAJE;2
ColpetroleumRsu8;2025-12-06 21:40:26;MN-48;0;2013,92;FUERA DE VIAJE;2
ColpetroleumRsu8;2025-12-06 21:40:30;MN-48;0;2010,47;FUERA DE VIAJE;2
ColpetroleumRsu8;2025-12-06 21:40:34;MN-48;0;2007,65;FUERA DE VIAJE;2
ColpetroleumRsu8;2025-12-06 21:40:38;MN-48;0;2005,14;FUERA DE VIAJE;2
ColpetroleumRsu8;2025-12-06 21:40:42;MN-48;0;2002,63;FUERA DE VIAJE;2
ColpetroleumRsu8;2025-12-06 21:40:46;MN-48;0;1999,81;FUERA DE VIAJE;2
ColpetroleumRsu8;2025-12-06 21:40:50;MN-48;0;1996,68;FUERA DE VIAJE;2
ColpetroleumRsu8;2025-12-06 21:40:54;MN-48;0;1993,86;FUERA DE VIAJE;2
ColpetroleumRsu8;2025-12-06 21:40:58;MN-48;0;1991,66;FUERA DE VIAJE;2
ColpetroleumRsu8;2025-12-06 21:41:02;MN-48;0;1989,16;FUERA DE VIAJE;2
ColpetroleumRsu8;2025-12-06 21:41:06;MN-48;0;1986,34;FUERA DE VIAJE;2
ColpetroleumRsu8;2025-12-06 21:41:10;MN-48;0;1983,2;FUERA DE VIAJE;2
ColpetroleumRsu8;2025-12-06 21:41:14;MN-48;0;1980,69;FUERA DE VIAJE;2
ColpetroleumRsu8;2025-12-06 21:41:18;MN-48;0;1978,5;FUERA DE VIAJE;2
ColpetroleumRsu8;2025-12-06 21:41:22;MN-48;0;1975,99;FUERA DE VIAJE;2
ColpetroleumRsu8;2025-12-06 21:41:26;MN-48;0;1974,11;FUERA DE VIAJE;2
ColpetroleumRsu8;2025-12-06 21:41:30;MN-48;0;1970,35;FUERA DE VIAJE;2
ColpetroleumRsu8;2025-12-06 21:41:34;MN-48;0;1967,85;FUERA DE VIAJE;2
ColpetroleumRsu8;2025-12-06 21:41:38;MN-48;0;1965,65;FUERA DE VIAJE;2
ColpetroleumRsu8;2025-12-06 21:41:42;MN-48;0;1963,14;FUERA DE VIAJE;2
ColpetroleumRsu8;2025-12-06 21:41:46;MN-48;0;1960,64;FUERA DE VIAJE;2
ColpetroleumRsu8;2025-12-06 21:41:50;MN-48;0;1958,44;FUERA DE VIAJE;2
ColpetroleumRsu8;2025-12-06 21:41:54;MN-48;0;1955,62;FUERA DE VIAJE;2
ColpetroleumRsu8;2025-12-06 21:41:58;MN-48;0;1953,74;FUERA DE VIAJE;2
ColpetroleumRsu8;2025-12-06 21:42:02;MN-48;0;1951,23;FUERA DE VIAJE;2
ColpetroleumRsu8;2025-12-06 21:42:06;MN-48;0;1948,73;FUERA DE VIAJE;2
ColpetroleumRsu8;2025-12-06 21:42:10;MN-48;0;1946,22;FUERA DE VIAJE;2
ColpetroleumRsu8;2025-12-06 21:42:14;MN-48;0;1944,34;FUERA DE VIAJE;2
ColpetroleumRsu8;2025-12-06 21:42:18;MN-48;0;1942,15;FUERA DE VIAJE;2
ColpetroleumRsu8;2025-12-06 21:42:22;MN-48;0;1939,01;FUERA DE VIAJE;2
ColpetroleumRsu8;2025-12-06 21:42:26;MN-48;0;1936,82;FUERA DE VIAJE;2
ColpetroleumRsu8;2025-12-06 21:42:30;MN-48;0;1934,94;FUERA DE VIAJE;2
ColpetroleumRsu8;2025-12-06 21:42:34;MN-48;0;1933,06;FUERA DE VIAJE;2
ColpetroleumRsu8;2025-12-06 21:42:38;MN-48;0;1930,24;FUERA DE VIAJE;2
ColpetroleumRsu8;2025-12-06 21:42:42;MN-48;0;1928,04;FUERA DE VIAJE;2
ColpetroleumRsu8;2025-12-06 21:42:46;MN-48;0;1926,16;FUERA DE VIAJE;2
ColpetroleumRsu8;2025-12-06 21:42:50;MN-48;0;1924,28;FUERA DE VIAJE;2
ColpetroleumRsu8;2025-12-06 21:42:54;MN-48;0;1922,4;FUERA DE VIAJE;2
ColpetroleumRsu8;2025-12-06 21:42:58;MN-48;0;1920,52;FUERA DE VIAJE;2
ColpetroleumRsu8;2025-12-06 21:43:02;MN-48;0;1917,7;FUERA DE VIAJE;2
ColpetroleumRsu8;2025-12-06 21:43:06;MN-48;0;1915,51;FUERA DE VIAJE;2
ColpetroleumRsu8;2025-12-06 21:43:10;MN-48;0;1913,94;FUERA DE VIAJE;2
ColpetroleumRsu8;2025-12-06 21:43:14;MN-48;0;1912,06;FUERA DE VIAJE;2
ColpetroleumRsu8;2025-12-06 21:43:18;MN-48;0;1909,24;FUERA DE VIAJE;2
ColpetroleumRsu8;2025-12-06 21:43:22;MN-48;0;1907,36;FUERA DE VIAJE;2
ColpetroleumRsu8;2025-12-06 21:43:26;MN-48;0;1906,11;FUERA DE VIAJE;2
ColpetroleumRsu8;2025-12-06 21:43:30;MN-48;0;1904,22;FUERA DE VIAJE;2
ColpetroleumRsu8;2025-12-06 21:43:34;MN-48;0;1902,34;FUERA DE VIAJE;2
ColpetroleumRsu8;2025-12-06 21:43:38;MN-48;0;1900,15;FUERA DE VIAJE;2
ColpetroleumRsu8;2025-12-06 21:43:42;MN-48;0;1897,96;FUERA DE VIAJE;2
ColpetroleumRsu8;2025-12-06 21:43:46;MN-48;0;1896,08;FUERA DE VIAJE;2
ColpetroleumRsu8;2025-12-06 21:43:50;MN-48;0;1894,51;FUERA DE VIAJE;2
ColpetroleumRsu8;2025-12-06 21:43:54;MN-48;0;1892,32;FUERA DE VIAJE;2
ColpetroleumRsu8;2025-12-06 21:43:58;MN-48;0;1890,44;FUERA DE VIAJE;2
ColpetroleumRsu8;2025-12-06 21:44:02;MN-48;0;1888,55;FUERA DE VIAJE;2
ColpetroleumRsu8;2025-12-06 21:44:06;MN-48;0;1887,3;FUERA DE VIAJE;2
ColpetroleumRsu8;2025-12-06 21:44:10;MN-48;0;1884,79;FUERA DE VIAJE;2
ColpetroleumRsu8;2025-12-06 21:44:14;MN-48;0;1882,91;FUERA DE VIAJE;2
ColpetroleumRsu8;2025-12-06 21:44:18;MN-48;0;1881,03;FUERA DE VIAJE;2
ColpetroleumRsu8;2025-12-06 21:44:22;MN-48;0;1879,78;FUERA DE VIAJE;2
ColpetroleumRsu8;2025-12-06 21:44:26;MN-48;0;1877,9;FUERA DE VIAJE;2
ColpetroleumRsu8;2025-12-06 21:44:30;MN-48;0;1876,02;FUERA DE VIAJE;2
ColpetroleumRsu8;2025-12-06 21:44:34;MN-48;0;1874,14;FUERA DE VIAJE;2
ColpetroleumRsu8;2025-12-06 21:44:38;MN-48;0;1872,88;FUERA DE VIAJE;2
ColpetroleumRsu8;2025-12-06 21:44:42;MN-48;0;1871;FUERA DE VIAJE;2
ColpetroleumRsu8;2025-12-06 21:44:46;MN-48;0;1869,12;FUERA DE VIAJE;2
ColpetroleumRsu8;2025-12-06 21:44:50;MN-48;0;1867,87;FUERA DE VIAJE;2
ColpetroleumRsu8;2025-12-06 21:44:54;MN-48;0;1865,99;FUERA DE VIAJE;2
ColpetroleumRsu8;2025-12-06 21:44:58;MN-48;0;1864,74;FUERA DE VIAJE;2
ColpetroleumRsu8;2025-12-06 21:45:02;MN-48;0;1862,86;FUERA DE VIAJE;2
ColpetroleumRsu8;2025-12-06 21:45:06;MN-48;0;1860,66;FUERA DE VIAJE;2
ColpetroleumRsu8;2025-12-06 21:45:10;MN-48;0;1859,09;FUERA DE VIAJE;2
ColpetroleumRsu8;2025-12-06 21:45:14;MN-48;0;1857,84;FUERA DE VIAJE;2
ColpetroleumRsu8;2025-12-06 21:45:18;MN-48;0;1855,96;FUERA DE VIAJE;2
ColpetroleumRsu8;2025-12-06 21:45:22;MN-48;0;1854,71;FUERA DE VIAJE;2
ColpetroleumRsu8;2025-12-06 21:45:26;MN-48;0;1852,51;FUERA DE VIAJE;2
ColpetroleumRsu8;2025-12-06 21:45:30;MN-48;0;1850,95;FUERA DE VIAJE;2
ColpetroleumRsu8;2025-12-06 21:45:34;MN-48;0;1849,69;FUERA DE VIAJE;2
ColpetroleumRsu8;2025-12-06 21:45:38;MN-48;0;1848,44;FUERA DE VIAJE;2
ColpetroleumRsu8;2025-12-06 21:45:42;MN-48;0;1846,56;FUERA DE VIAJE;2
ColpetroleumRsu8;2025-12-06 21:45:46;MN-48;0;1844,68;FUERA DE VIAJE;2
ColpetroleumRsu8;2025-12-06 21:45:50;MN-48;0;1843,42;FUERA DE VIAJE;2
ColpetroleumRsu8;2025-12-06 21:45:54;MN-48;0;1842,48;FUERA DE VIAJE;2
ColpetroleumRsu8;2025-12-06 21:45:58;MN-48;0;1840,29;FUERA DE VIAJE;2
ColpetroleumRsu8;2025-12-06 21:46:02;MN-48;0;1838,41;FUERA DE VIAJE;2
ColpetroleumRsu8;2025-12-06 21:46:06;MN-48;0;1837,16;FUERA DE VIAJE;2
ColpetroleumRsu8;2025-12-06 21:46:10;MN-48;0;1835,9;FUERA DE VIAJE;2
ColpetroleumRsu8;2025-12-06 21:46:14;MN-48;0;1834,02;FUERA DE VIAJE;2
ColpetroleumRsu8;2025-12-06 21:46:18;MN-48;0;1832,77;FUERA DE VIAJE;2
ColpetroleumRsu8;2025-12-06 21:46:22;MN-48;0;1830,89;FUERA DE VIAJE;2
ColpetroleumRsu8;2025-12-06 21:46:26;MN-48;0;1829,32;FUERA DE VIAJE;2
ColpetroleumRsu8;2025-12-06 21:46:30;MN-48;0;1827,75;FUERA DE VIAJE;2
ColpetroleumRsu8;2025-12-06 21:46:34;MN-48;0;1826,5;FUERA DE VIAJE;2
ColpetroleumRsu8;2025-12-06 21:46:38;MN-48;0;1824,62;FUERA DE VIAJE;2
ColpetroleumRsu8;2025-12-06 21:46:42;MN-48;0;1823,37;FUERA DE VIAJE;2
ColpetroleumRsu8;2025-12-06 21:46:46;MN-48;0;1822,11;FUERA DE VIAJE;2
ColpetroleumRsu8;2025-12-06 21:46:50;MN-48;0;1820,86;FUERA DE VIAJE;2
ColpetroleumRsu8;2025-12-06 21:46:54;MN-48;0;1818,98;FUERA DE VIAJE;2
ColpetroleumRsu8;2025-12-06 21:46:58;MN-48;0;1818,35;FUERA DE VIAJE;2
ColpetroleumRsu8;2025-12-06 21:47:02;MN-48;0;1816,16;FUERA DE VIAJE;2
ColpetroleumRsu8;2025-12-06 21:47:06;MN-48;0;1815,22;FUERA DE VIAJE;2
ColpetroleumRsu8;2025-12-06 21:47:10;MN-48;0;1813,97;FUERA DE VIAJE;2
ColpetroleumRsu8;2025-12-06 21:47:14;MN-48;0;1812,71;FUERA DE VIAJE;2
ColpetroleumRsu8;2025-12-06 21:47:18;MN-48;0;1810,83;FUERA DE VIAJE;2
ColpetroleumRsu8;2025-12-06 21:47:22;MN-48;0;1809,58;FUERA DE VIAJE;2
ColpetroleumRsu8;2025-12-06 21:47:26;MN-48;0;1808,32;FUERA DE VIAJE;2
ColpetroleumRsu8;2025-12-06 21:47:30;MN-48;0;1806,44;FUERA DE VIAJE;2
ColpetroleumRsu8;2025-12-06 21:47:34;MN-48;0;1805,19;FUERA DE VIAJE;2
ColpetroleumRsu8;2025-12-06 21:47:38;MN-48;0;1803,94;FUERA DE VIAJE;2
ColpetroleumRsu8;2025-12-06 21:47:42;MN-48;0;1803;FUERA DE VIAJE;2
ColpetroleumRsu8;2025-12-06 21:47:46;MN-48;0;1801,43;FUERA DE VIAJE;2
ColpetroleumRsu8;2025-12-06 21:47:50;MN-48;0;1800,49;FUERA DE VIAJE;2
ColpetroleumRsu8;2025-12-06 21:47:54;MN-48;0;1799,24;FUERA DE VIAJE;2
ColpetroleumRsu8;2025-12-06 21:47:58;MN-48;0;1797,35;FUERA DE VIAJE;2
ColpetroleumRsu8;2025-12-06 21:48:02;MN-48;0;1796,1;FUERA DE VIAJE;2
ColpetroleumRsu8;2025-12-06 21:48:06;MN-48;0;1794,85;FUERA DE VIAJE;2
ColpetroleumRsu8;2025-12-06 21:48:10;MN-48;0;1793,28;FUERA DE VIAJE;2
ColpetroleumRsu8;2025-12-06 21:48:14;MN-48;0;1792,34;FUERA DE VIAJE;2
ColpetroleumRsu8;2025-12-06 21:48:18;MN-48;0;1791,09;FUERA DE VIAJE;2
ColpetroleumRsu8;2025-12-06 21:48:22;MN-48;0;1789,52;FUERA DE VIAJE;2
ColpetroleumRsu8;2025-12-06 21:48:26;MN-48;0;1788,27;FUERA DE VIAJE;2
ColpetroleumRsu8;2025-12-06 21:48:30;MN-48;0;1787,01;FUERA DE VIAJE;2
ColpetroleumRsu8;2025-12-06 21:48:34;MN-48;0;1785,76;FUERA DE VIAJE;2
ColpetroleumRsu8;2025-12-06 21:48:38;MN-48;0;1784,51;FUERA DE VIAJE;2
ColpetroleumRsu8;2025-12-06 21:48:42;MN-48;0;1783,25;FUERA DE VIAJE;2
ColpetroleumRsu8;2025-12-06 21:48:46;MN-48;0;1782;FUERA DE VIAJE;2
ColpetroleumRsu8;2025-12-06 21:48:50;MN-48;0;1780,74;FUERA DE VIAJE;2
ColpetroleumRsu8;2025-12-06 21:48:54;MN-48;0;1779,8;FUERA DE VIAJE;2
ColpetroleumRsu8;2025-12-06 21:48:58;MN-48;0;1778,86;FUERA DE VIAJE;2
ColpetroleumRsu8;2025-12-06 21:49:02;MN-48;0;1776,36;FUERA DE VIAJE;2
ColpetroleumRsu8;2025-12-06 21:49:06;MN-48;0;1775,73;FUERA DE VIAJE;2
ColpetroleumRsu8;2025-12-06 21:49:10;MN-48;0;1774,48;FUERA DE VIAJE;2
ColpetroleumRsu8;2025-12-06 21:49:14;MN-48;0;1773,22;FUERA DE VIAJE;2
ColpetroleumRsu8;2025-12-06 21:49:18;MN-48;0;1771,97;FUERA DE VIAJE;2
ColpetroleumRsu8;2025-12-06 21:49:22;MN-48;0;1770,72;FUERA DE VIAJE;2
ColpetroleumRsu8;2025-12-06 21:49:26;MN-48;0;1769,46;FUERA DE VIAJE;2
ColpetroleumRsu8;2025-12-06 21:49:30;MN-48;0;1768,21;FUERA DE VIAJE;2
ColpetroleumRsu8;2025-12-06 21:49:34;MN-48;0;1767,27;FUERA DE VIAJE;2
ColpetroleumRsu8;2025-12-06 21:49:38;MN-48;0;1766,01;FUERA DE VIAJE;2
ColpetroleumRsu8;2025-12-06 21:49:42;MN-48;0;1765,07;FUERA DE VIAJE;2
ColpetroleumRsu8;2025-12-06 21:49:46;MN-48;0;1763,82;FUERA DE VIAJE;2
ColpetroleumRsu8;2025-12-06 21:49:50;MN-48;0;1762,57;FUERA DE VIAJE;2
ColpetroleumRsu8;2025-12-06 21:49:54;MN-48;0;1761,31;FUERA DE VIAJE;2
ColpetroleumRsu8;2025-12-06 21:49:58;MN-48;0;1759,75;FUERA DE VIAJE;2
ColpetroleumRsu8;2025-12-06 21:50:02;MN-48;0;1758,49;FUERA DE VIAJE;2
ColpetroleumRsu8;2025-12-06 21:50:06;MN-48;0;1757,55;FUERA DE VIAJE;2
ColpetroleumRsu8;2025-12-06 21:50:10;MN-48;0;1759,12;FUERA DE VIAJE;2
ColpetroleumRsu8;2025-12-06 21:50:14;MN-48;0;1796,1;FUERA DE VIAJE;2
ColpetroleumRsu8;2025-12-06 21:50:18;MN-48;0;1766,95;FUERA DE VIAJE;2
ColpetroleumRsu8;2025-12-06 21:50:22;MN-48;0;1743,76;FUERA DE VIAJE;2
ColpetroleumRsu8;2025-12-06 21:50:26;MN-48;0;136,02;FUERA DE VIAJE;2
ColpetroleumRsu8;2025-12-06 21:50:30;MN-48;0;2,19;FUERA DE VIAJE;2
ColpetroleumRsu8;2025-12-06 21:50:34;MN-48;0;2,19;FUERA DE VIAJE;2
ColpetroleumRsu8;2025-12-06 21:50:38;MN-48;0;2,19;FUERA DE VIAJE;2
ColpetroleumRsu8;2025-12-06 21:50:42;MN-48;0;2,82;FUERA DE VIAJE;2
ColpetroleumRsu8;2025-12-06 21:50:46;MN-48;0;3,45;FUERA DE VIAJE;2
ColpetroleumRsu8;2025-12-06 21:50:50;MN-48;0;3,45;FUERA DE VIAJE;2
ColpetroleumRsu8;2025-12-06 21:50:54;MN-48;0;3,45;FUERA DE VIAJE;2
ColpetroleumRsu8;2025-12-06 21:50:58;MN-48;0;3,45;FUERA DE VIAJE;2
ColpetroleumRsu8;2025-12-06 21:51:02;MN-48;0;3,13;FUERA DE VIAJE;2
ColpetroleumRsu8;2025-12-06 21:51:06;MN-48;0;3,76;FUERA DE VIAJE;2
ColpetroleumRsu8;2025-12-06 21:51:10;MN-48;0;3,76;FUERA DE VIAJE;2
ColpetroleumRsu8;2025-12-06 21:51:14;MN-48;0;3,76;FUERA DE VIAJE;2
ColpetroleumRsu8;2025-12-06 21:51:18;MN-48;0;3,76;FUERA DE VIAJE;2
ColpetroleumRsu8;2025-12-06 21:51:22;MN-48;0;3,76;FUERA DE VIAJE;2
ColpetroleumRsu8;2025-12-06 21:51:26;MN-48;0;3,76;FUERA DE VIAJE;2
ColpetroleumRsu8;2025-12-06 21:51:30;MN-48;0;3,76;FUERA DE VIAJE;2
ColpetroleumRsu8;2025-12-06 21:51:34;MN-48;0;3,13;FUERA DE VIAJE;2
ColpetroleumRsu8;2025-12-06 21:51:38;MN-48;0;3,13;FUERA DE VIAJE;2
ColpetroleumRsu8;2025-12-06 21:51:42;MN-48;0;3,13;FUERA DE VIAJE;2
ColpetroleumRsu8;2025-12-06 21:51:46;MN-48;0;3,13;FUERA DE VIAJE;2
ColpetroleumRsu8;2025-12-06 21:51:50;MN-48;0;3,76;FUERA DE VIAJE;2
ColpetroleumRsu8;2025-12-06 21:51:54;MN-48;0;3,76;FUERA DE VIAJE;2
ColpetroleumRsu8;2025-12-06 21:51:58;MN-48;0;3,76;FUERA DE VIAJE;2
ColpetroleumRsu8;2025-12-06 21:52:02;MN-48;0;3,13;FUERA DE VIAJE;2
ColpetroleumRsu8;2025-12-06 21:52:06;MN-48;0;3,13;FUERA DE VIAJE;2
ColpetroleumRsu8;2025-12-06 21:52:10;MN-48;0;3,76;FUERA DE VIAJE;2
ColpetroleumRsu8;2025-12-06 21:52:14;MN-48;0;3,76;FUERA DE VIAJE;2
ColpetroleumRsu8;2025-12-06 21:52:18;MN-48;0;3,76;FUERA DE VIAJE;2
ColpetroleumRsu8;2025-12-06 21:52:22;MN-48;0;3,13;FUERA DE VIAJE;2
ColpetroleumRsu8;2025-12-06 21:52:26;MN-48;0;3,13;FUERA DE VIAJE;2
ColpetroleumRsu8;2025-12-06 21:52:30;MN-48;0;3,76;FUERA DE VIAJE;2
ColpetroleumRsu8;2025-12-06 21:52:34;MN-48;0;3,13;FUERA DE VIAJE;2
ColpetroleumRsu8;2025-12-06 21:52:38;MN-48;0;3,13;FUERA DE VIAJE;2
ColpetroleumRsu8;2025-12-06 21:52:42;MN-48;0;3,13;FUERA DE VIAJE;2
ColpetroleumRsu8;2025-12-06 21:52:46;MN-48;0;3,76;FUERA DE VIAJE;2
ColpetroleumRsu8;2025-12-06 21:52:50;MN-48;0;3,13;FUERA DE VIAJE;2
ColpetroleumRsu8;2025-12-06 21:52:54;MN-48;0;3,76;FUERA DE VIAJE;2
ColpetroleumRsu8;2025-12-06 21:52:58;MN-48;0;3,76;FUERA DE VIAJE;2
ColpetroleumRsu8;2025-12-06 23:35:03;MN-48;0;3,13;FUERA DE VIAJE;3
ColpetroleumRsu8;2025-12-06 23:35:07;MN-48;0;3,13;FUERA DE VIAJE;3
ColpetroleumRsu8;2025-12-06 23:35:11;MN-48;0;3,13;FUERA DE VIAJE;3
ColpetroleumRsu8;2025-12-06 23:35:15;MN-48;0;3,13;FUERA DE VIAJE;3
ColpetroleumRsu8;2025-12-06 23:35:19;MN-48;0;3,13;FUERA DE VIAJE;3
ColpetroleumRsu8;2025-12-06 23:35:23;MN-48;0;3,13;FUERA DE VIAJE;3
ColpetroleumRsu8;2025-12-06 23:35:27;MN-48;0;3,13;FUERA DE VIAJE;3
ColpetroleumRsu8;2025-12-06 23:35:31;MN-48;0;3,13;FUERA DE VIAJE;3
ColpetroleumRsu8;2025-12-06 23:35:35;MN-48;0;3,13;FUERA DE VIAJE;3
ColpetroleumRsu8;2025-12-06 23:35:39;MN-48;0;2,51;FUERA DE VIAJE;3
ColpetroleumRsu8;2025-12-06 23:35:43;MN-48;0;2,82;FUERA DE VIAJE;3
ColpetroleumRsu8;2025-12-06 23:35:47;MN-48;0;2,82;FUERA DE VIAJE;3
ColpetroleumRsu8;2025-12-06 23:35:51;MN-48;0;2,82;FUERA DE VIAJE;3
ColpetroleumRsu8;2025-12-06 23:35:55;MN-48;0;3,13;FUERA DE VIAJE;3
ColpetroleumRsu8;2025-12-06 23:35:59;MN-48;0;3,13;FUERA DE VIAJE;3
ColpetroleumRsu8;2025-12-06 23:36:03;MN-48;0;3,13;FUERA DE VIAJE;3
ColpetroleumRsu8;2025-12-06 23:36:07;MN-48;0;3,13;FUERA DE VIAJE;3
ColpetroleumRsu8;2025-12-06 23:36:11;MN-48;0;3,13;FUERA DE VIAJE;3
ColpetroleumRsu8;2025-12-06 23:36:15;MN-48;0;3,13;FUERA DE VIAJE;3
ColpetroleumRsu8;2025-12-06 23:36:19;MN-48;0;3,13;FUERA DE VIAJE;3
ColpetroleumRsu8;2025-12-06 23:36:23;MN-48;0;3,13;FUERA DE VIAJE;3
ColpetroleumRsu8;2025-12-06 23:36:27;MN-48;0;3,13;FUERA DE VIAJE;3
ColpetroleumRsu8;2025-12-06 23:36:31;MN-48;0;3,13;FUERA DE VIAJE;3
ColpetroleumRsu8;2025-12-06 23:36:35;MN-48;0;3,13;FUERA DE VIAJE;3
ColpetroleumRsu8;2025-12-06 23:36:39;MN-48;0;3,13;FUERA DE VIAJE;3
ColpetroleumRsu8;2025-12-06 23:36:43;MN-48;0;2,51;FUERA DE VIAJE;3
ColpetroleumRsu8;2025-12-06 23:36:47;MN-48;0;3,13;FUERA DE VIAJE;3
ColpetroleumRsu8;2025-12-06 23:36:51;MN-48;0;3,13;FUERA DE VIAJE;3
ColpetroleumRsu8;2025-12-06 23:36:55;MN-48;0;3,13;FUERA DE VIAJE;3
ColpetroleumRsu8;2025-12-06 23:36:59;MN-48;0;3,13;FUERA DE VIAJE;3
ColpetroleumRsu8;2025-12-06 23:37:03;MN-48;0;2,51;FUERA DE VIAJE;3
ColpetroleumRsu8;2025-12-06 23:37:07;MN-48;0;3,13;FUERA DE VIAJE;3
ColpetroleumRsu8;2025-12-06 23:37:11;MN-48;0;3,76;FUERA DE VIAJE;3
ColpetroleumRsu8;2025-12-06 23:37:15;MN-48;0;3,13;FUERA DE VIAJE;3
ColpetroleumRsu8;2025-12-06 23:37:19;MN-48;0;3,13;FUERA DE VIAJE;3
ColpetroleumRsu8;2025-12-06 23:37:23;MN-48;0;3,13;FUERA DE VIAJE;3
ColpetroleumRsu8;2025-12-06 23:37:27;MN-48;0;3,13;FUERA DE VIAJE;3
ColpetroleumRsu8;2025-12-06 23:37:31;MN-48;0;3,13;FUERA DE VIAJE;3
ColpetroleumRsu8;2025-12-06 23:37:35;MN-48;0;3,13;FUERA DE VIAJE;3
ColpetroleumRsu8;2025-12-06 23:37:39;MN-48;0;3,13;FUERA DE VIAJE;3
ColpetroleumRsu8;2025-12-06 23:37:43;MN-48;0;3,13;FUERA DE VIAJE;3
ColpetroleumRsu8;2025-12-06 23:37:47;MN-48;0;3,13;FUERA DE VIAJE;3
ColpetroleumRsu8;2025-12-06 23:37:51;MN-48;0;3,13;FUERA DE VIAJE;3
ColpetroleumRsu8;2025-12-06 23:37:55;MN-48;0;3,13;FUERA DE VIAJE;3
ColpetroleumRsu8;2025-12-06 23:37:59;MN-48;0;3,13;FUERA DE VIAJE;3
ColpetroleumRsu8;2025-12-06 23:38:03;MN-48;0;2,51;FUERA DE VIAJE;3
ColpetroleumRsu8;2025-12-06 23:38:07;MN-48;0;3,13;FUERA DE VIAJE;3
ColpetroleumRsu8;2025-12-06 23:38:11;MN-48;0;3,13;FUERA DE VIAJE;3
ColpetroleumRsu8;2025-12-06 23:38:15;MN-48;0;3,13;FUERA DE VIAJE;3
ColpetroleumRsu8;2025-12-06 23:38:19;MN-48;0;3,76;FUERA DE VIAJE;3
ColpetroleumRsu8;2025-12-06 23:38:23;MN-48;0;3,13;FUERA DE VIAJE;3
ColpetroleumRsu8;2025-12-06 23:38:27;MN-48;0;3,76;FUERA DE VIAJE;3
ColpetroleumRsu8;2025-12-06 23:38:31;MN-48;0;3,13;FUERA DE VIAJE;3
ColpetroleumRsu8;2025-12-06 23:38:35;MN-48;0;3,76;FUERA DE VIAJE;3
ColpetroleumRsu8;2025-12-06 23:38:39;MN-48;0;3,76;FUERA DE VIAJE;3
ColpetroleumRsu8;2025-12-06 23:38:43;MN-48;0;3,13;FUERA DE VIAJE;3
ColpetroleumRsu8;2025-12-06 23:38:47;MN-48;0;3,13;FUERA DE VIAJE;3
ColpetroleumRsu8;2025-12-06 23:38:51;MN-48;0;3,13;FUERA DE VIAJE;3
ColpetroleumRsu8;2025-12-06 23:38:55;MN-48;0;3,13;FUERA DE VIAJE;3
ColpetroleumRsu8;2025-12-06 23:38:59;MN-48;0;3,13;FUERA DE VIAJE;3
ColpetroleumRsu8;2025-12-06 23:39:03;MN-48;0;59,23;FUERA DE VIAJE;3
ColpetroleumRsu8;2025-12-06 23:39:07;MN-48;0;59,86;FUERA DE VIAJE;3
ColpetroleumRsu8;2025-12-06 23:39:11;MN-48;0;82,11;FUERA DE VIAJE;3
ColpetroleumRsu8;2025-12-06 23:39:15;MN-48;0;120,97;FUERA DE VIAJE;3
ColpetroleumRsu8;2025-12-06 23:39:19;MN-48;0;119,09;FUERA DE VIAJE;3
ColpetroleumRsu8;2025-12-06 23:39:23;MN-48;0;169,86;FUERA DE VIAJE;3
ColpetroleumRsu8;2025-12-06 23:39:27;MN-48;0;176,76;FUERA DE VIAJE;3
ColpetroleumRsu8;2025-12-06 23:39:31;MN-48;0;798,55;FUERA DE VIAJE;3
ColpetroleumRsu8;2025-12-06 23:39:35;MN-48;0;769,71;FUERA DE VIAJE;3
ColpetroleumRsu8;2025-12-06 23:39:39;MN-48;0;746,21;FUERA DE VIAJE;3
ColpetroleumRsu8;2025-12-06 23:39:43;MN-48;0;736,81;FUERA DE VIAJE;3
ColpetroleumRsu8;2025-12-06 23:39:47;MN-48;0;743,7;FUERA DE VIAJE;3
ColpetroleumRsu8;2025-12-06 23:39:51;MN-48;0;751,54;FUERA DE VIAJE;3
ColpetroleumRsu8;2025-12-06 23:39:55;MN-48;0;756,55;FUERA DE VIAJE;3
ColpetroleumRsu8;2025-12-06 23:39:59;MN-48;0;758,74;FUERA DE VIAJE;3
ColpetroleumRsu8;2025-12-06 23:40:03;MN-48;0;754,36;FUERA DE VIAJE;3
ColpetroleumRsu8;2025-12-06 23:40:07;MN-48;0;746,21;FUERA DE VIAJE;3
ColpetroleumRsu8;2025-12-06 23:40:11;MN-48;0;733,67;FUERA DE VIAJE;3
ColpetroleumRsu8;2025-12-06 23:40:15;MN-48;0;724,58;FUERA DE VIAJE;3
ColpetroleumRsu8;2025-12-06 23:40:19;MN-48;0;716,75;FUERA DE VIAJE;3
ColpetroleumRsu8;2025-12-06 23:40:23;MN-48;0;707,35;FUERA DE VIAJE;3
ColpetroleumRsu8;2025-12-06 23:40:27;MN-48;0;700,76;FUERA DE VIAJE;3
ColpetroleumRsu8;2025-12-06 23:40:31;MN-48;0;694,18;FUERA DE VIAJE;3
ColpetroleumRsu8;2025-12-06 23:40:35;MN-48;0;688,54;FUERA DE VIAJE;3
ColpetroleumRsu8;2025-12-06 23:40:39;MN-48;0;681,33;FUERA DE VIAJE;3
ColpetroleumRsu8;2025-12-06 23:40:43;MN-48;0;676,63;FUERA DE VIAJE;3
ColpetroleumRsu8;2025-12-06 23:40:47;MN-48;0;672,87;FUERA DE VIAJE;3
ColpetroleumRsu8;2025-12-06 23:40:51;MN-48;0;668,48;FUERA DE VIAJE;3
ColpetroleumRsu8;2025-12-06 23:40:55;MN-48;0;665,04;FUERA DE VIAJE;3
ColpetroleumRsu8;2025-12-06 23:40:59;MN-48;0;659,71;FUERA DE VIAJE;3
ColpetroleumRsu8;2025-12-06 23:41:03;MN-48;0;656,58;FUERA DE VIAJE;3
ColpetroleumRsu8;2025-12-06 23:41:07;MN-48;0;653,44;FUERA DE VIAJE;3
ColpetroleumRsu8;2025-12-06 23:41:11;MN-48;0;650,62;FUERA DE VIAJE;3
ColpetroleumRsu8;2025-12-06 23:41:15;MN-48;0;647,8;FUERA DE VIAJE;3
ColpetroleumRsu8;2025-12-06 23:41:19;MN-48;0;644,35;FUERA DE VIAJE;3
ColpetroleumRsu8;2025-12-06 23:41:23;MN-48;0;641,85;FUERA DE VIAJE;3
ColpetroleumRsu8;2025-12-06 23:41:27;MN-48;0;639,34;FUERA DE VIAJE;3
ColpetroleumRsu8;2025-12-06 23:41:31;MN-48;0;637,46;FUERA DE VIAJE;3
ColpetroleumRsu8;2025-12-06 23:41:35;MN-48;0;634,64;FUERA DE VIAJE;3
ColpetroleumRsu8;2025-12-06 23:41:39;MN-48;0;632,76;FUERA DE VIAJE;3
ColpetroleumRsu8;2025-12-06 23:41:43;MN-48;0;630,88;FUERA DE VIAJE;3
ColpetroleumRsu8;2025-12-06 23:41:47;MN-48;0;629;FUERA DE VIAJE;3
ColpetroleumRsu8;2025-12-06 23:41:51;MN-48;0;627,43;FUERA DE VIAJE;3
ColpetroleumRsu8;2025-12-06 23:41:55;MN-48;0;624,92;FUERA DE VIAJE;3
ColpetroleumRsu8;2025-12-06 23:41:59;MN-48;0;623,04;FUERA DE VIAJE;3
ColpetroleumRsu8;2025-12-06 23:42:03;MN-48;0;621,79;FUERA DE VIAJE;3
ColpetroleumRsu8;2025-12-06 23:42:07;MN-48;0;619,59;FUERA DE VIAJE;3
ColpetroleumRsu8;2025-12-06 23:42:11;MN-48;0;618,65;FUERA DE VIAJE;3
ColpetroleumRsu8;2025-12-06 23:42:15;MN-48;0;616,77;FUERA DE VIAJE;3
ColpetroleumRsu8;2025-12-06 23:42:19;MN-48;0;615,21;FUERA DE VIAJE;3
ColpetroleumRsu8;2025-12-06 23:42:23;MN-48;0;613,64;FUERA DE VIAJE;3
ColpetroleumRsu8;2025-12-06 23:42:27;MN-48;0;612,39;FUERA DE VIAJE;3
ColpetroleumRsu8;2025-12-06 23:42:31;MN-48;0;610,51;FUERA DE VIAJE;3
ColpetroleumRsu8;2025-12-06 23:42:35;MN-48;0;609,57;FUERA DE VIAJE;3
ColpetroleumRsu8;2025-12-06 23:42:39;MN-48;0;608,31;FUERA DE VIAJE;3
ColpetroleumRsu8;2025-12-06 23:42:43;MN-48;0;607,06;FUERA DE VIAJE;3
ColpetroleumRsu8;2025-12-06 23:42:47;MN-48;0;605,49;FUERA DE VIAJE;3
ColpetroleumRsu8;2025-12-06 23:42:51;MN-48;0;604,24;FUERA DE VIAJE;3
ColpetroleumRsu8;2025-12-06 23:42:55;MN-48;0;602,98;FUERA DE VIAJE;3
ColpetroleumRsu8;2025-12-06 23:42:59;MN-48;0;602,36;FUERA DE VIAJE;3
ColpetroleumRsu8;2025-12-06 23:43:03;MN-48;0;601,1;FUERA DE VIAJE;3
ColpetroleumRsu8;2025-12-06 23:43:07;MN-48;0;600,16;FUERA DE VIAJE;3
ColpetroleumRsu8;2025-12-06 23:43:11;MN-48;0;598,6;FUERA DE VIAJE;3
ColpetroleumRsu8;2025-12-06 23:43:15;MN-48;0;597,34;FUERA DE VIAJE;3
ColpetroleumRsu8;2025-12-06 23:43:19;MN-48;0;596,72;FUERA DE VIAJE;3
ColpetroleumRsu8;2025-12-06 23:43:23;MN-48;0;594,84;FUERA DE VIAJE;3
ColpetroleumRsu8;2025-12-06 23:43:27;MN-48;0;594,21;FUERA DE VIAJE;3
ColpetroleumRsu8;2025-12-06 23:43:31;MN-48;0;593,27;FUERA DE VIAJE;3
ColpetroleumRsu8;2025-12-06 23:43:35;MN-48;0;591,39;FUERA DE VIAJE;3
ColpetroleumRsu8;2025-12-06 23:43:39;MN-48;0;590,45;FUERA DE VIAJE;3
ColpetroleumRsu8;2025-12-06 23:43:43;MN-48;0;589,19;FUERA DE VIAJE;3
ColpetroleumRsu8;2025-12-06 23:43:47;MN-48;0;587,63;FUERA DE VIAJE;3
ColpetroleumRsu8;2025-12-06 23:43:51;MN-48;0;586,69;FUERA DE VIAJE;3
ColpetroleumRsu8;2025-12-06 23:43:55;MN-48;0;585,12;FUERA DE VIAJE;3
ColpetroleumRsu8;2025-12-06 23:43:59;MN-48;0;584,49;FUERA DE VIAJE;3
ColpetroleumRsu8;2025-12-06 23:44:03;MN-48;0;583,87;FUERA DE VIAJE;3
ColpetroleumRsu8;2025-12-06 23:44:07;MN-48;0;582,93;FUERA DE VIAJE;3
ColpetroleumRsu8;2025-12-06 23:44:11;MN-48;0;581,67;FUERA DE VIAJE;3
ColpetroleumRsu8;2025-12-06 23:44:15;MN-48;0;580,42;FUERA DE VIAJE;3
ColpetroleumRsu8;2025-12-06 23:44:19;MN-48;0;579,79;FUERA DE VIAJE;3
ColpetroleumRsu8;2025-12-06 23:44:23;MN-48;0;578,54;FUERA DE VIAJE;3
ColpetroleumRsu8;2025-12-06 23:44:27;MN-48;0;577,28;FUERA DE VIAJE;3
ColpetroleumRsu8;2025-12-06 23:44:31;MN-48;0;576,66;FUERA DE VIAJE;3
ColpetroleumRsu8;2025-12-06 23:44:35;MN-48;0;575,4;FUERA DE VIAJE;3
ColpetroleumRsu8;2025-12-06 23:44:39;MN-48;0;574,78;FUERA DE VIAJE;3
ColpetroleumRsu8;2025-12-06 23:44:43;MN-48;0;573,84;FUERA DE VIAJE;3
ColpetroleumRsu8;2025-12-06 23:44:47;MN-48;0;572,58;FUERA DE VIAJE;3
ColpetroleumRsu8;2025-12-06 23:44:51;MN-48;0;571,96;FUERA DE VIAJE;3
ColpetroleumRsu8;2025-12-06 23:44:55;MN-48;0;572,9;FUERA DE VIAJE;3
ColpetroleumRsu8;2025-12-06 23:44:59;MN-48;0;573,52;FUERA DE VIAJE;3
ColpetroleumRsu8;2025-12-06 23:45:03;MN-48;0;426,54;FUERA DE VIAJE;3
ColpetroleumRsu8;2025-12-06 23:45:07;MN-48;0;139,78;FUERA DE VIAJE;3
ColpetroleumRsu8;2025-12-06 23:45:11;MN-48;0;7,52;FUERA DE VIAJE;3
ColpetroleumRsu8;2025-12-06 23:45:15;MN-48;0;1,25;FUERA DE VIAJE;3
ColpetroleumRsu8;2025-12-06 23:45:19;MN-48;0;1,88;FUERA DE VIAJE;3
ColpetroleumRsu8;2025-12-06 23:45:23;MN-48;0;1,88;FUERA DE VIAJE;3
ColpetroleumRsu8;2025-12-06 23:45:27;MN-48;0;2,51;FUERA DE VIAJE;3
ColpetroleumRsu8;2025-12-06 23:45:31;MN-48;0;2,51;FUERA DE VIAJE;3
ColpetroleumRsu8;2025-12-06 23:45:35;MN-48;0;2,51;FUERA DE VIAJE;3
ColpetroleumRsu8;2025-12-06 23:45:39;MN-48;0;2,51;FUERA DE VIAJE;3
ColpetroleumRsu8;2025-12-06 23:45:43;MN-48;0;2,51;FUERA DE VIAJE;3
ColpetroleumRsu8;2025-12-06 23:45:47;MN-48;0;2,51;FUERA DE VIAJE;3
ColpetroleumRsu8;2025-12-06 23:45:51;MN-48;0;2,51;FUERA DE VIAJE;3
ColpetroleumRsu8;2025-12-06 23:45:55;MN-48;0;1,88;FUERA DE VIAJE;3
ColpetroleumRsu8;2025-12-06 23:45:59;MN-48;0;1,88;FUERA DE VIAJE;3
ColpetroleumRsu8;2025-12-06 23:46:03;MN-48;0;1,88;FUERA DE VIAJE;3
ColpetroleumRsu8;2025-12-06 23:46:07;MN-48;0;1,88;FUERA DE VIAJE;3
ColpetroleumRsu8;2025-12-06 23:46:11;MN-48;0;1,88;FUERA DE VIAJE;3
ColpetroleumRsu8;2025-12-06 23:46:15;MN-48;0;1,88;FUERA DE VIAJE;3
ColpetroleumRsu8;2025-12-06 23:46:19;MN-48;0;2,51;FUERA DE VIAJE;3
ColpetroleumRsu8;2025-12-06 23:46:23;MN-48;0;2,51;FUERA DE VIAJE;3
ColpetroleumRsu8;2025-12-06 23:46:27;MN-48;0;1,57;FUERA DE VIAJE;3
ColpetroleumRsu8;2025-12-06 23:46:31;MN-48;0;2,19;FUERA DE VIAJE;3
ColpetroleumRsu8;2025-12-06 23:46:35;MN-48;0;1,57;FUERA DE VIAJE;3
ColpetroleumRsu8;2025-12-06 23:46:39;MN-48;0;1,57;FUERA DE VIAJE;3
ColpetroleumRsu8;2025-12-06 23:46:43;MN-48;0;2,51;FUERA DE VIAJE;3
ColpetroleumRsu8;2025-12-06 23:46:47;MN-48;0;1,88;FUERA DE VIAJE;3
ColpetroleumRsu8;2025-12-06 23:47:11;MN-48;0;3,45;FUERA DE VIAJE;4
ColpetroleumRsu8;2025-12-06 23:47:15;MN-48;0;3,76;FUERA DE VIAJE;4
ColpetroleumRsu8;2025-12-06 23:47:19;MN-48;0;3,76;FUERA DE VIAJE;4
ColpetroleumRsu8;2025-12-06 23:47:23;MN-48;0;3,76;FUERA DE VIAJE;4
ColpetroleumRsu8;2025-12-06 23:47:27;MN-48;0;3,76;FUERA DE VIAJE;4
ColpetroleumRsu8;2025-12-06 23:47:31;MN-48;0;3,45;FUERA DE VIAJE;4
ColpetroleumRsu8;2025-12-06 23:47:35;MN-48;0;4,7;FUERA DE VIAJE;4
ColpetroleumRsu8;2025-12-06 23:47:39;MN-48;0;3,76;FUERA DE VIAJE;4
ColpetroleumRsu8;2025-12-06 23:47:43;MN-48;0;3,76;FUERA DE VIAJE;4
ColpetroleumRsu8;2025-12-06 23:47:47;MN-48;0;3,76;FUERA DE VIAJE;4
ColpetroleumRsu8;2025-12-06 23:47:51;MN-48;0;3,76;FUERA DE VIAJE;4
ColpetroleumRsu8;2025-12-06 23:47:55;MN-48;0;4,39;FUERA DE VIAJE;4
ColpetroleumRsu8;2025-12-06 23:47:59;MN-48;0;4,39;FUERA DE VIAJE;4
ColpetroleumRsu8;2025-12-06 23:48:03;MN-48;0;59,55;FUERA DE VIAJE;4
ColpetroleumRsu8;2025-12-06 23:48:07;MN-48;0;64,25;FUERA DE VIAJE;4
ColpetroleumRsu8;2025-12-06 23:48:11;MN-48;0;92,77;FUERA DE VIAJE;4
ColpetroleumRsu8;2025-12-06 23:48:15;MN-48;0;166,1;FUERA DE VIAJE;4
ColpetroleumRsu8;2025-12-06 23:48:19;MN-48;0;138,52;FUERA DE VIAJE;4
ColpetroleumRsu8;2025-12-06 23:48:23;MN-48;0;189,92;FUERA DE VIAJE;4
ColpetroleumRsu8;2025-12-06 23:48:27;MN-48;0;169,24;FUERA DE VIAJE;4
ColpetroleumRsu8;2025-12-06 23:48:31;MN-48;0;594,21;FUERA DE VIAJE;4
ColpetroleumRsu8;2025-12-06 23:48:35;MN-48;0;517,11;FUERA DE VIAJE;4
ColpetroleumRsu8;2025-12-06 23:48:39;MN-48;0;509,9;FUERA DE VIAJE;4
ColpetroleumRsu8;2025-12-06 23:48:43;MN-48;0;510,22;FUERA DE VIAJE;4
ColpetroleumRsu8;2025-12-06 23:48:47;MN-48;0;512,41;FUERA DE VIAJE;4
ColpetroleumRsu8;2025-12-06 23:48:51;MN-48;0;517,74;FUERA DE VIAJE;4
ColpetroleumRsu8;2025-12-06 23:48:55;MN-48;0;508,02;FUERA DE VIAJE;4
ColpetroleumRsu8;2025-12-06 23:48:59;MN-48;0;499,25;FUERA DE VIAJE;4
ColpetroleumRsu8;2025-12-06 23:49:03;MN-48;0;491,41;FUERA DE VIAJE;4
ColpetroleumRsu8;2025-12-06 23:49:07;MN-48;0;486,4;FUERA DE VIAJE;4
ColpetroleumRsu8;2025-12-06 23:49:11;MN-48;0;481,07;FUERA DE VIAJE;4
ColpetroleumRsu8;2025-12-06 23:49:15;MN-48;0;477,94;FUERA DE VIAJE;4
ColpetroleumRsu8;2025-12-06 23:49:19;MN-48;0;475,12;FUERA DE VIAJE;4
ColpetroleumRsu8;2025-12-06 23:49:23;MN-48;0;472,61;FUERA DE VIAJE;4
ColpetroleumRsu8;2025-12-06 23:49:27;MN-48;0;469,79;FUERA DE VIAJE;4
ColpetroleumRsu8;2025-12-06 23:49:31;MN-48;0;466,34;FUERA DE VIAJE;4
ColpetroleumRsu8;2025-12-06 23:49:35;MN-48;0;464,46;FUERA DE VIAJE;4
ColpetroleumRsu8;2025-12-06 23:49:39;MN-48;0;461,95;FUERA DE VIAJE;4
ColpetroleumRsu8;2025-12-06 23:49:43;MN-48;0;460,07;FUERA DE VIAJE;4
ColpetroleumRsu8;2025-12-06 23:49:47;MN-48;0;457,57;FUERA DE VIAJE;4
ColpetroleumRsu8;2025-12-06 23:49:51;MN-48;0;456,31;FUERA DE VIAJE;4
ColpetroleumRsu8;2025-12-06 23:49:55;MN-48;0;454,74;FUERA DE VIAJE;4
ColpetroleumRsu8;2025-12-06 23:49:59;MN-48;0;452,55;FUERA DE VIAJE;4
ColpetroleumRsu8;2025-12-06 23:50:03;MN-48;0;451,3;FUERA DE VIAJE;4
ColpetroleumRsu8;2025-12-06 23:50:07;MN-48;0;448,79;FUERA DE VIAJE;4
ColpetroleumRsu8;2025-12-06 23:50:11;MN-48;0;448,16;FUERA DE VIAJE;4
ColpetroleumRsu8;2025-12-06 23:50:15;MN-48;0;446,91;FUERA DE VIAJE;4
ColpetroleumRsu8;2025-12-06 23:50:19;MN-48;0;444,72;FUERA DE VIAJE;4
ColpetroleumRsu8;2025-12-06 23:50:23;MN-48;0;444,09;FUERA DE VIAJE;4
ColpetroleumRsu8;2025-12-06 23:50:27;MN-48;0;442,52;FUERA DE VIAJE;4
ColpetroleumRsu8;2025-12-06 23:50:31;MN-48;0;441,9;FUERA DE VIAJE;4
ColpetroleumRsu8;2025-12-06 23:50:35;MN-48;0;440,64;FUERA DE VIAJE;4
ColpetroleumRsu8;2025-12-06 23:50:39;MN-48;0;438,76;FUERA DE VIAJE;4
ColpetroleumRsu8;2025-12-06 23:50:43;MN-48;0;438,13;FUERA DE VIAJE;4
ColpetroleumRsu8;2025-12-06 23:50:47;MN-48;0;436,88;FUERA DE VIAJE;4
ColpetroleumRsu8;2025-12-06 23:50:51;MN-48;0;436,57;FUERA DE VIAJE;4
ColpetroleumRsu8;2025-12-06 23:50:55;MN-48;0;434,69;FUERA DE VIAJE;4
ColpetroleumRsu8;2025-12-06 23:50:59;MN-48;0;434,69;FUERA DE VIAJE;4
ColpetroleumRsu8;2025-12-06 23:51:03;MN-48;0;434,06;FUERA DE VIAJE;4
ColpetroleumRsu8;2025-12-06 23:51:07;MN-48;0;433,12;FUERA DE VIAJE;4
ColpetroleumRsu8;2025-12-06 23:51:11;MN-48;0;432,18;FUERA DE VIAJE;4
ColpetroleumRsu8;2025-12-06 23:51:15;MN-48;0;430,61;FUERA DE VIAJE;4
ColpetroleumRsu8;2025-12-06 23:51:19;MN-48;0;430,61;FUERA DE VIAJE;4
ColpetroleumRsu8;2025-12-06 23:51:23;MN-48;0;429,36;FUERA DE VIAJE;4
ColpetroleumRsu8;2025-12-06 23:51:27;MN-48;0;428,42;FUERA DE VIAJE;4
ColpetroleumRsu8;2025-12-06 23:51:31;MN-48;0;427,48;FUERA DE VIAJE;4
ColpetroleumRsu8;2025-12-06 23:51:35;MN-48;0;426,54;FUERA DE VIAJE;4
ColpetroleumRsu8;2025-12-06 23:51:39;MN-48;0;425,91;FUERA DE VIAJE;4
ColpetroleumRsu8;2025-12-06 23:51:43;MN-48;0;425,29;FUERA DE VIAJE;4
ColpetroleumRsu8;2025-12-06 23:51:47;MN-48;0;424,66;FUERA DE VIAJE;4
ColpetroleumRsu8;2025-12-06 23:51:51;MN-48;0;423,72;FUERA DE VIAJE;4
ColpetroleumRsu8;2025-12-06 23:51:55;MN-48;0;422,46;FUERA DE VIAJE;4
ColpetroleumRsu8;2025-12-06 23:51:59;MN-48;0;422,15;FUERA DE VIAJE;4
ColpetroleumRsu8;2025-12-06 23:52:03;MN-48;0;421,52;FUERA DE VIAJE;4
ColpetroleumRsu8;2025-12-06 23:52:07;MN-48;0;420,9;FUERA DE VIAJE;4
ColpetroleumRsu8;2025-12-06 23:52:11;MN-48;0;419,96;FUERA DE VIAJE;4
ColpetroleumRsu8;2025-12-06 23:52:15;MN-48;0;419,33;FUERA DE VIAJE;4
ColpetroleumRsu8;2025-12-06 23:52:19;MN-48;0;418,7;FUERA DE VIAJE;4
ColpetroleumRsu8;2025-12-06 23:52:23;MN-48;0;418,08;FUERA DE VIAJE;4
ColpetroleumRsu8;2025-12-06 23:52:27;MN-48;0;417,45;FUERA DE VIAJE;4
ColpetroleumRsu8;2025-12-06 23:52:31;MN-48;0;416,82;FUERA DE VIAJE;4
ColpetroleumRsu8;2025-12-06 23:52:35;MN-48;0;416,2;FUERA DE VIAJE;4
ColpetroleumRsu8;2025-12-06 23:52:39;MN-48;0;415,57;FUERA DE VIAJE;4
ColpetroleumRsu8;2025-12-06 23:52:43;MN-48;0;415,57;FUERA DE VIAJE;4
ColpetroleumRsu8;2025-12-06 23:52:47;MN-48;0;414,94;FUERA DE VIAJE;4
ColpetroleumRsu8;2025-12-06 23:52:51;MN-48;0;414,32;FUERA DE VIAJE;4
ColpetroleumRsu8;2025-12-06 23:52:55;MN-48;0;413,69;FUERA DE VIAJE;4
ColpetroleumRsu8;2025-12-06 23:52:59;MN-48;0;413,06;FUERA DE VIAJE;4
ColpetroleumRsu8;2025-12-06 23:53:03;MN-48;0;412,44;FUERA DE VIAJE;4
ColpetroleumRsu8;2025-12-06 23:53:07;MN-48;0;412,44;FUERA DE VIAJE;4
ColpetroleumRsu8;2025-12-06 23:53:11;MN-48;0;411,5;FUERA DE VIAJE;4
ColpetroleumRsu8;2025-12-06 23:53:15;MN-48;0;410,87;FUERA DE VIAJE;4
ColpetroleumRsu8;2025-12-06 23:53:19;MN-48;0;411,81;FUERA DE VIAJE;4
ColpetroleumRsu8;2025-12-06 23:53:23;MN-48;0;410,56;FUERA DE VIAJE;4
ColpetroleumRsu8;2025-12-06 23:53:27;MN-48;0;409,93;FUERA DE VIAJE;4
ColpetroleumRsu8;2025-12-06 23:53:31;MN-48;0;409,3;FUERA DE VIAJE;4
ColpetroleumRsu8;2025-12-06 23:53:35;MN-48;0;409,3;FUERA DE VIAJE;4
ColpetroleumRsu8;2025-12-06 23:53:39;MN-48;0;408,67;FUERA DE VIAJE;4
ColpetroleumRsu8;2025-12-06 23:53:43;MN-48;0;408,05;FUERA DE VIAJE;4
ColpetroleumRsu8;2025-12-06 23:53:47;MN-48;0;407,42;FUERA DE VIAJE;4
ColpetroleumRsu8;2025-12-06 23:53:51;MN-48;0;406,79;FUERA DE VIAJE;4
ColpetroleumRsu8;2025-12-06 23:53:55;MN-48;0;406,17;FUERA DE VIAJE;4
ColpetroleumRsu8;2025-12-06 23:53:59;MN-48;0;405,54;FUERA DE VIAJE;4
ColpetroleumRsu8;2025-12-06 23:54:03;MN-48;0;404,91;FUERA DE VIAJE;4
ColpetroleumRsu8;2025-12-06 23:54:07;MN-48;0;404,29;FUERA DE VIAJE;4
ColpetroleumRsu8;2025-12-06 23:54:11;MN-48;0;403,66;FUERA DE VIAJE;4
ColpetroleumRsu8;2025-12-06 23:54:15;MN-48;0;403,03;FUERA DE VIAJE;4
ColpetroleumRsu8;2025-12-06 23:54:19;MN-48;0;402,41;FUERA DE VIAJE;4
ColpetroleumRsu8;2025-12-06 23:54:23;MN-48;0;401,78;FUERA DE VIAJE;4
ColpetroleumRsu8;2025-12-06 23:54:27;MN-48;0;403,35;FUERA DE VIAJE;4
ColpetroleumRsu8;2025-12-06 23:54:31;MN-48;0;402,09;FUERA DE VIAJE;4
ColpetroleumRsu8;2025-12-06 23:54:35;MN-48;0;426,23;FUERA DE VIAJE;4
ColpetroleumRsu8;2025-12-06 23:54:39;MN-48;0;419,96;FUERA DE VIAJE;4
ColpetroleumRsu8;2025-12-06 23:54:43;MN-48;0;413,69;FUERA DE VIAJE;4
ColpetroleumRsu8;2025-12-06 23:54:47;MN-48;0;404,91;FUERA DE VIAJE;4
ColpetroleumRsu8;2025-12-06 23:54:51;MN-48;0;393,95;FUERA DE VIAJE;4
ColpetroleumRsu8;2025-12-06 23:54:55;MN-48;0;391,44;FUERA DE VIAJE;4
ColpetroleumRsu8;2025-12-06 23:54:59;MN-48;0;67,69;FUERA DE VIAJE;4
ColpetroleumRsu8;2025-12-06 23:55:03;MN-48;0;3,45;FUERA DE VIAJE;4
ColpetroleumRsu8;2025-12-06 23:55:07;MN-48;0;3,45;FUERA DE VIAJE;4
ColpetroleumRsu8;2025-12-06 23:55:11;MN-48;0;3,45;FUERA DE VIAJE;4
ColpetroleumRsu8;2025-12-06 23:55:15;MN-48;0;3,45;FUERA DE VIAJE;4
ColpetroleumRsu8;2025-12-06 23:55:19;MN-48;0;3,45;FUERA DE VIAJE;4
ColpetroleumRsu8;2025-12-06 23:55:23;MN-48;0;3,45;FUERA DE VIAJE;4
ColpetroleumRsu8;2025-12-06 23:55:27;MN-48;0;3,45;FUERA DE VIAJE;4
ColpetroleumRsu8;2025-12-06 23:55:31;MN-48;0;3,45;FUERA DE VIAJE;4
ColpetroleumRsu8;2025-12-06 23:55:35;MN-48;0;4,07;FUERA DE VIAJE;4
ColpetroleumRsu8;2025-12-06 23:55:39;MN-48;0;4,07;FUERA DE VIAJE;4
ColpetroleumRsu8;2025-12-06 23:55:43;MN-48;0;4,07;FUERA DE VIAJE;4
ColpetroleumRsu8;2025-12-06 23:55:47;MN-48;0;3,76;FUERA DE VIAJE;4
ColpetroleumRsu8;2025-12-06 23:55:51;MN-48;0;3,13;FUERA DE VIAJE;4
ColpetroleumRsu8;2025-12-06 23:55:55;MN-48;0;4,07;FUERA DE VIAJE;4
ColpetroleumRsu8;2025-12-06 23:55:59;MN-48;0;4,39;FUERA DE VIAJE;4
ColpetroleumRsu8;2025-12-06 23:56:03;MN-48;0;3,76;FUERA DE VIAJE;4
ColpetroleumRsu8;2025-12-06 23:56:07;MN-48;0;3,76;FUERA DE VIAJE;4
ColpetroleumRsu8;2025-12-06 23:56:11;MN-48;0;3,76;FUERA DE VIAJE;4
ColpetroleumRsu8;2025-12-06 23:56:15;MN-48;0;3,76;FUERA DE VIAJE;4
ColpetroleumRsu8;2025-12-06 23:56:19;MN-48;0;3,76;FUERA DE VIAJE;4
ColpetroleumRsu8;2025-12-06 23:56:23;MN-48;0;3,13;FUERA DE VIAJE;4
ColpetroleumRsu8;2025-12-06 23:56:27;MN-48;0;3,76;FUERA DE VIAJE;4
ColpetroleumRsu8;2025-12-06 23:56:31;MN-48;0;3,76;FUERA DE VIAJE;4
ColpetroleumRsu8;2025-12-06 23:56:35;MN-48;0;3,76;FUERA DE VIAJE;4
ColpetroleumRsu8;2025-12-06 23:56:39;MN-48;0;3,76;FUERA DE VIAJE;4
ColpetroleumRsu8;2025-12-06 23:56:43;MN-48;0;3,13;FUERA DE VIAJE;4
ColpetroleumRsu8;2025-12-06 23:56:47;MN-48;0;3,76;FUERA DE VIAJE;4
ColpetroleumRsu8;2025-12-06 23:57:11;MN-48;0;3,76;FUERA DE VIAJE;5
ColpetroleumRsu8;2025-12-06 23:57:15;MN-48;0;3,76;FUERA DE VIAJE;5
ColpetroleumRsu8;2025-12-06 23:57:19;MN-48;0;3,45;FUERA DE VIAJE;5
ColpetroleumRsu8;2025-12-06 23:57:23;MN-48;0;4,07;FUERA DE VIAJE;5
ColpetroleumRsu8;2025-12-06 23:57:27;MN-48;0;3,76;FUERA DE VIAJE;5
ColpetroleumRsu8;2025-12-06 23:57:31;MN-48;0;3,76;FUERA DE VIAJE;5
ColpetroleumRsu8;2025-12-06 23:57:35;MN-48;0;3,76;FUERA DE VIAJE;5
ColpetroleumRsu8;2025-12-06 23:57:39;MN-48;0;3,13;FUERA DE VIAJE;5
ColpetroleumRsu8;2025-12-06 23:57:43;MN-48;0;3,13;FUERA DE VIAJE;5
ColpetroleumRsu8;2025-12-06 23:57:47;MN-48;0;3,13;FUERA DE VIAJE;5
ColpetroleumRsu8;2025-12-06 23:57:51;MN-48;0;3,13;FUERA DE VIAJE;5
ColpetroleumRsu8;2025-12-06 23:57:55;MN-48;0;3,13;FUERA DE VIAJE;5
ColpetroleumRsu8;2025-12-06 23:57:59;MN-48;0;3,76;FUERA DE VIAJE;5
ColpetroleumRsu8;2025-12-06 23:58:03;MN-48;0;3,13;FUERA DE VIAJE;5
ColpetroleumRsu8;2025-12-06 23:58:07;MN-48;0;3,13;FUERA DE VIAJE;5
ColpetroleumRsu8;2025-12-06 23:58:11;MN-48;0;3,13;FUERA DE VIAJE;5
ColpetroleumRsu8;2025-12-06 23:58:15;MN-48;0;3,13;FUERA DE VIAJE;5
ColpetroleumRsu8;2025-12-06 23:58:19;MN-48;0;3,76;FUERA DE VIAJE;5
ColpetroleumRsu8;2025-12-06 23:58:23;MN-48;0;3,13;FUERA DE VIAJE;5
ColpetroleumRsu8;2025-12-06 23:58:27;MN-48;0;3,13;FUERA DE VIAJE;5
ColpetroleumRsu8;2025-12-06 23:58:31;MN-48;0;3,45;FUERA DE VIAJE;5
ColpetroleumRsu8;2025-12-06 23:58:35;MN-48;0;3,45;FUERA DE VIAJE;5
ColpetroleumRsu8;2025-12-06 23:58:39;MN-48;0;3,45;FUERA DE VIAJE;5
ColpetroleumRsu8;2025-12-06 23:58:43;MN-48;0;3,45;FUERA DE VIAJE;5
ColpetroleumRsu8;2025-12-06 23:58:47;MN-48;0;3,45;FUERA DE VIAJE;5
ColpetroleumRsu8;2025-12-06 23:58:51;MN-48;0;3,45;FUERA DE VIAJE;5
ColpetroleumRsu8;2025-12-06 23:58:55;MN-48;0;3,45;FUERA DE VIAJE;5
ColpetroleumRsu8;2025-12-06 23:58:59;MN-48;0;119,09;FUERA DE VIAJE;5
ColpetroleumRsu8;2025-12-06 23:59:03;MN-48;0;58,61;FUERA DE VIAJE;5
ColpetroleumRsu8;2025-12-06 23:59:07;MN-48;0;402,41;FUERA DE VIAJE;5
ColpetroleumRsu8;2025-12-06 23:59:11;MN-48;0;362,29;FUERA DE VIAJE;5
ColpetroleumRsu8;2025-12-06 23:59:15;MN-48;0;342,86;FUERA DE VIAJE;5
ColpetroleumRsu8;2025-12-06 23:59:19;MN-48;0;327,19;FUERA DE VIAJE;5
ColpetroleumRsu8;2025-12-06 23:59:23;MN-48;0;315,28;FUERA DE VIAJE;5
ColpetroleumRsu8;2025-12-06 23:59:27;MN-48;0;304;FUERA DE VIAJE;5
ColpetroleumRsu8;2025-12-06 23:59:31;MN-48;0;343,49;FUERA DE VIAJE;5
ColpetroleumRsu8;2025-12-06 23:59:35;MN-48;0;385,8;FUERA DE VIAJE;5
ColpetroleumRsu8;2025-12-06 23:59:39;MN-48;0;461,95;FUERA DE VIAJE;5
ColpetroleumRsu8;2025-12-06 23:59:43;MN-48;0;427,17;FUERA DE VIAJE;5
ColpetroleumRsu8;2025-12-06 23:59:47;MN-48;0;467,28;FUERA DE VIAJE;5
ColpetroleumRsu8;2025-12-06 23:59:51;MN-48;0;497,99;FUERA DE VIAJE;5
ColpetroleumRsu8;2025-12-06 23:59:55;MN-48;0;522,44;FUERA DE VIAJE;5
ColpetroleumRsu8;2025-12-06 23:59:59;MN-48;0;553,47;FUERA DE VIAJE;5
ColpetroleumRsu8;2025-12-07 00:00:03;MN-48;0;584,18;FUERA DE VIAJE;5
ColpetroleumRsu8;2025-12-07 00:00:07;MN-48;0;678,83;FUERA DE VIAJE;5
ColpetroleumRsu8;2025-12-07 00:00:11;MN-48;0;669,42;FUERA DE VIAJE;5
ColpetroleumRsu8;2025-12-07 00:00:15;MN-48;0;663,16;FUERA DE VIAJE;5
ColpetroleumRsu8;2025-12-07 00:00:19;MN-48;0;657,83;FUERA DE VIAJE;5
ColpetroleumRsu8;2025-12-07 00:00:23;MN-48;0;653,13;FUERA DE VIAJE;5
ColpetroleumRsu8;2025-12-07 00:00:27;MN-48;0;647,8;FUERA DE VIAJE;5
ColpetroleumRsu8;2025-12-07 00:00:31;MN-48;0;643,73;FUERA DE VIAJE;5
ColpetroleumRsu8;2025-12-07 00:00:35;MN-48;0;639,96;FUERA DE VIAJE;5
ColpetroleumRsu8;2025-12-07 00:00:39;MN-48;0;636,83;FUERA DE VIAJE;5
ColpetroleumRsu8;2025-12-07 00:00:43;MN-48;0;632,13;FUERA DE VIAJE;5
ColpetroleumRsu8;2025-12-07 00:00:47;MN-48;0;628,37;FUERA DE VIAJE;5
ColpetroleumRsu8;2025-12-07 00:00:51;MN-48;0;624,92;FUERA DE VIAJE;5
ColpetroleumRsu8;2025-12-07 00:00:55;MN-48;0;621,79;FUERA DE VIAJE;5
ColpetroleumRsu8;2025-12-07 00:00:59;MN-48;0;618,03;FUERA DE VIAJE;5
ColpetroleumRsu8;2025-12-07 00:01:03;MN-48;0;613,95;FUERA DE VIAJE;5
ColpetroleumRsu8;2025-12-07 00:01:07;MN-48;0;612,39;FUERA DE VIAJE;5
ColpetroleumRsu8;2025-12-07 00:01:11;MN-48;0;608,94;FUERA DE VIAJE;5
ColpetroleumRsu8;2025-12-07 00:01:15;MN-48;0;605,49;FUERA DE VIAJE;5
ColpetroleumRsu8;2025-12-07 00:01:19;MN-48;0;601,73;FUERA DE VIAJE;5
ColpetroleumRsu8;2025-12-07 00:01:23;MN-48;0;599,22;FUERA DE VIAJE;5
ColpetroleumRsu8;2025-12-07 00:01:27;MN-48;0;596,4;FUERA DE VIAJE;5
ColpetroleumRsu8;2025-12-07 00:01:31;MN-48;0;592,95;FUERA DE VIAJE;5
ColpetroleumRsu8;2025-12-07 00:01:35;MN-48;0;589,82;FUERA DE VIAJE;5
ColpetroleumRsu8;2025-12-07 00:01:39;MN-48;0;587,31;FUERA DE VIAJE;5
ColpetroleumRsu8;2025-12-07 00:01:43;MN-48;0;584,18;FUERA DE VIAJE;5
ColpetroleumRsu8;2025-12-07 00:01:47;MN-48;0;581,67;FUERA DE VIAJE;5
ColpetroleumRsu8;2025-12-07 00:01:51;MN-48;0;578,22;FUERA DE VIAJE;5
ColpetroleumRsu8;2025-12-07 00:01:55;MN-48;0;576,03;FUERA DE VIAJE;5
ColpetroleumRsu8;2025-12-07 00:01:59;MN-48;0;572,9;FUERA DE VIAJE;5
ColpetroleumRsu8;2025-12-07 00:02:03;MN-48;0;570,39;FUERA DE VIAJE;5
ColpetroleumRsu8;2025-12-07 00:02:07;MN-48;0;568,2;FUERA DE VIAJE;5
ColpetroleumRsu8;2025-12-07 00:02:11;MN-48;0;565,38;FUERA DE VIAJE;5
ColpetroleumRsu8;2025-12-07 00:02:15;MN-48;0;559,73;FUERA DE VIAJE;5
ColpetroleumRsu8;2025-12-07 00:02:19;MN-48;0;554,72;FUERA DE VIAJE;5
ColpetroleumRsu8;2025-12-07 00:02:23;MN-48;0;550,96;FUERA DE VIAJE;5
ColpetroleumRsu8;2025-12-07 00:02:27;MN-48;0;546,26;FUERA DE VIAJE;5
ColpetroleumRsu8;2025-12-07 00:02:31;MN-48;0;542,18;FUERA DE VIAJE;5
ColpetroleumRsu8;2025-12-07 00:02:35;MN-48;0;539,05;FUERA DE VIAJE;5
ColpetroleumRsu8;2025-12-07 00:02:39;MN-48;0;535,92;FUERA DE VIAJE;5
ColpetroleumRsu8;2025-12-07 00:02:43;MN-48;0;532,47;FUERA DE VIAJE;5
ColpetroleumRsu8;2025-12-07 00:02:47;MN-48;0;528,71;FUERA DE VIAJE;5
ColpetroleumRsu8;2025-12-07 00:02:51;MN-48;0;524,63;FUERA DE VIAJE;5
ColpetroleumRsu8;2025-12-07 00:02:55;MN-48;0;521,5;FUERA DE VIAJE;5
ColpetroleumRsu8;2025-12-07 00:02:59;MN-48;0;518,37;FUERA DE VIAJE;5
ColpetroleumRsu8;2025-12-07 00:03:03;MN-48;0;515,23;FUERA DE VIAJE;5
ColpetroleumRsu8;2025-12-07 00:03:07;MN-48;0;511,47;FUERA DE VIAJE;5
ColpetroleumRsu8;2025-12-07 00:03:11;MN-48;0;508,96;FUERA DE VIAJE;5
ColpetroleumRsu8;2025-12-07 00:03:15;MN-48;0;505,83;FUERA DE VIAJE;5
ColpetroleumRsu8;2025-12-07 00:03:19;MN-48;0;502,38;FUERA DE VIAJE;5
ColpetroleumRsu8;2025-12-07 00:03:23;MN-48;0;499,25;FUERA DE VIAJE;5
ColpetroleumRsu8;2025-12-07 00:03:27;MN-48;0;495,8;FUERA DE VIAJE;5
ColpetroleumRsu8;2025-12-07 00:03:31;MN-48;0;492,98;FUERA DE VIAJE;5
ColpetroleumRsu8;2025-12-07 00:03:35;MN-48;0;490,47;FUERA DE VIAJE;5
ColpetroleumRsu8;2025-12-07 00:03:39;MN-48;0;487,97;FUERA DE VIAJE;5
ColpetroleumRsu8;2025-12-07 00:03:43;MN-48;0;485,14;FUERA DE VIAJE;5
ColpetroleumRsu8;2025-12-07 00:03:47;MN-48;0;482,01;FUERA DE VIAJE;5
ColpetroleumRsu8;2025-12-07 00:03:51;MN-48;0;479,5;FUERA DE VIAJE;5
ColpetroleumRsu8;2025-12-07 00:03:55;MN-48;0;477;FUERA DE VIAJE;5
ColpetroleumRsu8;2025-12-07 00:03:59;MN-48;0;475,12;FUERA DE VIAJE;5
ColpetroleumRsu8;2025-12-07 00:04:03;MN-48;0;472,3;FUERA DE VIAJE;5
ColpetroleumRsu8;2025-12-07 00:04:07;MN-48;0;468,85;FUERA DE VIAJE;5
ColpetroleumRsu8;2025-12-07 00:04:11;MN-48;0;466,97;FUERA DE VIAJE;5
ColpetroleumRsu8;2025-12-07 00:04:15;MN-48;0;464,46;FUERA DE VIAJE;5
ColpetroleumRsu8;2025-12-07 00:04:19;MN-48;0;461,95;FUERA DE VIAJE;5
ColpetroleumRsu8;2025-12-07 00:04:23;MN-48;0;459,13;FUERA DE VIAJE;5
ColpetroleumRsu8;2025-12-07 00:04:27;MN-48;0;457,57;FUERA DE VIAJE;5
ColpetroleumRsu8;2025-12-07 00:04:31;MN-48;0;455,37;FUERA DE VIAJE;5
ColpetroleumRsu8;2025-12-07 00:04:35;MN-48;0;453,18;FUERA DE VIAJE;5
ColpetroleumRsu8;2025-12-07 00:04:39;MN-48;0;451,3;FUERA DE VIAJE;5
ColpetroleumRsu8;2025-12-07 00:04:43;MN-48;0;448,48;FUERA DE VIAJE;5
ColpetroleumRsu8;2025-12-07 00:04:47;MN-48;0;446,28;FUERA DE VIAJE;5
ColpetroleumRsu8;2025-12-07 00:04:51;MN-48;0;444,09;FUERA DE VIAJE;5
ColpetroleumRsu8;2025-12-07 00:04:55;MN-48;0;442,52;FUERA DE VIAJE;5
ColpetroleumRsu8;2025-12-07 00:04:59;MN-48;0;439,7;FUERA DE VIAJE;5
ColpetroleumRsu8;2025-12-07 00:05:03;MN-48;0;438,13;FUERA DE VIAJE;5
ColpetroleumRsu8;2025-12-07 00:05:07;MN-48;0;436,57;FUERA DE VIAJE;5
ColpetroleumRsu8;2025-12-07 00:05:11;MN-48;0;434,37;FUERA DE VIAJE;5
ColpetroleumRsu8;2025-12-07 00:05:15;MN-48;0;429,99;FUERA DE VIAJE;5
ColpetroleumRsu8;2025-12-07 00:05:19;MN-48;0;427,79;FUERA DE VIAJE;5
ColpetroleumRsu8;2025-12-07 00:05:23;MN-48;0;424,03;FUERA DE VIAJE;5
ColpetroleumRsu8;2025-12-07 00:05:27;MN-48;0;-5,95;FUERA DE VIAJE;5
ColpetroleumRsu8;2025-12-07 00:05:31;MN-48;0;2,51;FUERA DE VIAJE;5
ColpetroleumRsu8;2025-12-07 00:05:35;MN-48;0;2,51;FUERA DE VIAJE;5
ColpetroleumRsu8;2025-12-07 00:05:39;MN-48;0;3,13;FUERA DE VIAJE;5
ColpetroleumRsu8;2025-12-07 00:05:43;MN-48;0;3,13;FUERA DE VIAJE;5
ColpetroleumRsu8;2025-12-07 00:05:47;MN-48;0;3,13;FUERA DE VIAJE;5
ColpetroleumRsu8;2025-12-07 00:05:51;MN-48;0;3,13;FUERA DE VIAJE;5
ColpetroleumRsu8;2025-12-07 00:05:55;MN-48;0;3,13;FUERA DE VIAJE;5
ColpetroleumRsu8;2025-12-07 00:05:59;MN-48;0;3,13;FUERA DE VIAJE;5
ColpetroleumRsu8;2025-12-07 00:06:03;MN-48;0;3,13;FUERA DE VIAJE;5
ColpetroleumRsu8;2025-12-07 00:06:07;MN-48;0;3,13;FUERA DE VIAJE;5
ColpetroleumRsu8;2025-12-07 00:06:11;MN-48;0;3,13;FUERA DE VIAJE;5
ColpetroleumRsu8;2025-12-07 00:06:15;MN-48;0;3,13;FUERA DE VIAJE;5
ColpetroleumRsu8;2025-12-07 00:06:19;MN-48;0;3,13;FUERA DE VIAJE;5
ColpetroleumRsu8;2025-12-07 00:06:23;MN-48;0;3,76;FUERA DE VIAJE;5
ColpetroleumRsu8;2025-12-07 00:06:27;MN-48;0;3,13;FUERA DE VIAJE;5
ColpetroleumRsu8;2025-12-07 00:06:31;MN-48;0;3,13;FUERA DE VIAJE;5
ColpetroleumRsu8;2025-12-07 00:06:35;MN-48;0;3,76;FUERA DE VIAJE;5
ColpetroleumRsu8;2025-12-07 00:06:39;MN-48;0;3,76;FUERA DE VIAJE;5
ColpetroleumRsu8;2025-12-07 00:06:43;MN-48;0;4,39;FUERA DE VIAJE;5
ColpetroleumRsu8;2025-12-07 00:06:47;MN-48;0;3,76;FUERA DE VIAJE;5
ColpetroleumRsu8;2025-12-07 00:06:51;MN-48;0;3,13;FUERA DE VIAJE;5
ColpetroleumRsu8;2025-12-07 00:06:55;MN-48;0;3,13;FUERA DE VIAJE;5
ColpetroleumRsu8;2025-12-07 00:06:59;MN-48;0;3,76;FUERA DE VIAJE;5
ColpetroleumRsu8;2025-12-07 00:07:03;MN-48;0;3,76;FUERA DE VIAJE;5
ColpetroleumRsu8;2025-12-07 00:07:07;MN-48;0;3,13;FUERA DE VIAJE;5
ColpetroleumRsu8;2025-12-07 00:07:11;MN-48;0;3,45;FUERA DE VIAJE;5
ColpetroleumRsu8;2025-12-07 00:07:15;MN-48;0;3,13;FUERA DE VIAJE;5
ColpetroleumRsu8;2025-12-07 00:07:19;MN-48;0;3,13;FUERA DE VIAJE;5
ColpetroleumRsu8;2025-12-07 00:07:43;MN-48;0;2,82;FUERA DE VIAJE;6
ColpetroleumRsu8;2025-12-07 00:07:47;MN-48;0;3,13;FUERA DE VIAJE;6
ColpetroleumRsu8;2025-12-07 00:07:51;MN-48;0;2,51;FUERA DE VIAJE;6
ColpetroleumRsu8;2025-12-07 00:07:55;MN-48;0;4,07;FUERA DE VIAJE;6
ColpetroleumRsu8;2025-12-07 00:07:59;MN-48;0;3,76;FUERA DE VIAJE;6
ColpetroleumRsu8;2025-12-07 00:08:03;MN-48;0;2,82;FUERA DE VIAJE;6
ColpetroleumRsu8;2025-12-07 00:08:07;MN-48;0;3,45;FUERA DE VIAJE;6
ColpetroleumRsu8;2025-12-07 00:08:11;MN-48;0;3,45;FUERA DE VIAJE;6
ColpetroleumRsu8;2025-12-07 00:08:15;MN-48;0;3,76;FUERA DE VIAJE;6
ColpetroleumRsu8;2025-12-07 00:08:19;MN-48;0;3,13;FUERA DE VIAJE;6
ColpetroleumRsu8;2025-12-07 00:08:23;MN-48;0;3,13;FUERA DE VIAJE;6
ColpetroleumRsu8;2025-12-07 00:08:27;MN-48;0;3,13;FUERA DE VIAJE;6
ColpetroleumRsu8;2025-12-07 00:08:31;MN-48;0;2,82;FUERA DE VIAJE;6
ColpetroleumRsu8;2025-12-07 00:08:35;MN-48;0;3,13;FUERA DE VIAJE;6
ColpetroleumRsu8;2025-12-07 00:08:39;MN-48;0;3,13;FUERA DE VIAJE;6
ColpetroleumRsu8;2025-12-07 00:08:43;MN-48;0;2,82;FUERA DE VIAJE;6
ColpetroleumRsu8;2025-12-07 00:08:47;MN-48;0;3,45;FUERA DE VIAJE;6
ColpetroleumRsu8;2025-12-07 00:08:51;MN-48;0;3,76;FUERA DE VIAJE;6
ColpetroleumRsu8;2025-12-07 00:08:55;MN-48;0;2,82;FUERA DE VIAJE;6
ColpetroleumRsu8;2025-12-07 00:08:59;MN-48;0;3,13;FUERA DE VIAJE;6
ColpetroleumRsu8;2025-12-07 00:09:03;MN-48;0;3,45;FUERA DE VIAJE;6
ColpetroleumRsu8;2025-12-07 00:09:07;MN-48;0;3,45;FUERA DE VIAJE;6
ColpetroleumRsu8;2025-12-07 00:09:11;MN-48;0;3,45;FUERA DE VIAJE;6
ColpetroleumRsu8;2025-12-07 00:09:15;MN-48;0;3,45;FUERA DE VIAJE;6
ColpetroleumRsu8;2025-12-07 00:09:19;MN-48;0;3,45;FUERA DE VIAJE;6
ColpetroleumRsu8;2025-12-07 00:09:23;MN-48;0;3,45;FUERA DE VIAJE;6
ColpetroleumRsu8;2025-12-07 00:09:27;MN-48;0;3,45;FUERA DE VIAJE;6
ColpetroleumRsu8;2025-12-07 00:09:31;MN-48;0;3,45;FUERA DE VIAJE;6
ColpetroleumRsu8;2025-12-07 00:09:35;MN-48;0;3,45;FUERA DE VIAJE;6
ColpetroleumRsu8;2025-12-07 00:09:39;MN-48;0;3,45;FUERA DE VIAJE;6
ColpetroleumRsu8;2025-12-07 00:09:43;MN-48;0;3,45;FUERA DE VIAJE;6
ColpetroleumRsu8;2025-12-07 00:09:47;MN-48;0;3,45;FUERA DE VIAJE;6
ColpetroleumRsu8;2025-12-07 00:09:51;MN-48;0;3,45;FUERA DE VIAJE;6
ColpetroleumRsu8;2025-12-07 00:09:55;MN-48;0;3,45;FUERA DE VIAJE;6
ColpetroleumRsu8;2025-12-07 00:09:59;MN-48;0;70,83;FUERA DE VIAJE;6
ColpetroleumRsu8;2025-12-07 00:10:03;MN-48;0;64,56;FUERA DE VIAJE;6
ColpetroleumRsu8;2025-12-07 00:10:07;MN-48;0;91,51;FUERA DE VIAJE;6
ColpetroleumRsu8;2025-12-07 00:10:11;MN-48;0;347,56;FUERA DE VIAJE;6
ColpetroleumRsu8;2025-12-07 00:10:15;MN-48;0;355,08;FUERA DE VIAJE;6
ColpetroleumRsu8;2025-12-07 00:10:19;MN-48;0;494,55;FUERA DE VIAJE;6
ColpetroleumRsu8;2025-12-07 00:10:23;MN-48;0;484,2;FUERA DE VIAJE;6
ColpetroleumRsu8;2025-12-07 00:10:27;MN-48;0;480,44;FUERA DE VIAJE;6
ColpetroleumRsu8;2025-12-07 00:10:31;MN-48;0;477,62;FUERA DE VIAJE;6
ColpetroleumRsu8;2025-12-07 00:10:35;MN-48;0;476,37;FUERA DE VIAJE;6
ColpetroleumRsu8;2025-12-07 00:10:39;MN-48;0;473,86;FUERA DE VIAJE;6
ColpetroleumRsu8;2025-12-07 00:10:43;MN-48;0;472,61;FUERA DE VIAJE;6
ColpetroleumRsu8;2025-12-07 00:10:47;MN-48;0;471,04;FUERA DE VIAJE;6
ColpetroleumRsu8;2025-12-07 00:10:51;MN-48;0;469,47;FUERA DE VIAJE;6
ColpetroleumRsu8;2025-12-07 00:10:55;MN-48;0;467,28;FUERA DE VIAJE;6
ColpetroleumRsu8;2025-12-07 00:10:59;MN-48;0;466,03;FUERA DE VIAJE;6
ColpetroleumRsu8;2025-12-07 00:11:03;MN-48;0;464,15;FUERA DE VIAJE;6
ColpetroleumRsu8;2025-12-07 00:11:07;MN-48;0;461,95;FUERA DE VIAJE;6
ColpetroleumRsu8;2025-12-07 00:11:11;MN-48;0;460,7;FUERA DE VIAJE;6
ColpetroleumRsu8;2025-12-07 00:11:15;MN-48;0;459,45;FUERA DE VIAJE;6
ColpetroleumRsu8;2025-12-07 00:11:19;MN-48;0;457,57;FUERA DE VIAJE;6
ColpetroleumRsu8;2025-12-07 00:11:23;MN-48;0;456,63;FUERA DE VIAJE;6
ColpetroleumRsu8;2025-12-07 00:11:27;MN-48;0;455,06;FUERA DE VIAJE;6
ColpetroleumRsu8;2025-12-07 00:11:31;MN-48;0;453,8;FUERA DE VIAJE;6
ColpetroleumRsu8;2025-12-07 00:11:35;MN-48;0;452,55;FUERA DE VIAJE;6
ColpetroleumRsu8;2025-12-07 00:11:39;MN-48;0;450,98;FUERA DE VIAJE;6
ColpetroleumRsu8;2025-12-07 00:11:43;MN-48;0;449,42;FUERA DE VIAJE;6
ColpetroleumRsu8;2025-12-07 00:11:47;MN-48;0;448,79;FUERA DE VIAJE;6
ColpetroleumRsu8;2025-12-07 00:11:51;MN-48;0;447,22;FUERA DE VIAJE;6
ColpetroleumRsu8;2025-12-07 00:11:55;MN-48;0;446,91;FUERA DE VIAJE;6
ColpetroleumRsu8;2025-12-07 00:11:59;MN-48;0;444,72;FUERA DE VIAJE;6
ColpetroleumRsu8;2025-12-07 00:12:03;MN-48;0;443,15;FUERA DE VIAJE;6
ColpetroleumRsu8;2025-12-07 00:12:07;MN-48;0;442,52;FUERA DE VIAJE;6
ColpetroleumRsu8;2025-12-07 00:12:11;MN-48;0;441,27;FUERA DE VIAJE;6
ColpetroleumRsu8;2025-12-07 00:12:15;MN-48;0;440,64;FUERA DE VIAJE;6
ColpetroleumRsu8;2025-12-07 00:12:19;MN-48;0;438,76;FUERA DE VIAJE;6
ColpetroleumRsu8;2025-12-07 00:12:23;MN-48;0;437,51;FUERA DE VIAJE;6
ColpetroleumRsu8;2025-12-07 00:12:27;MN-48;0;436,25;FUERA DE VIAJE;6
ColpetroleumRsu8;2025-12-07 00:12:31;MN-48;0;434,37;FUERA DE VIAJE;6
ColpetroleumRsu8;2025-12-07 00:12:35;MN-48;0;433,75;FUERA DE VIAJE;6
ColpetroleumRsu8;2025-12-07 00:12:39;MN-48;0;432,81;FUERA DE VIAJE;6
ColpetroleumRsu8;2025-12-07 00:12:43;MN-48;0;431,87;FUERA DE VIAJE;6
ColpetroleumRsu8;2025-12-07 00:12:47;MN-48;0;430,93;FUERA DE VIAJE;6
ColpetroleumRsu8;2025-12-07 00:12:51;MN-48;0;429,36;FUERA DE VIAJE;6
ColpetroleumRsu8;2025-12-07 00:12:55;MN-48;0;429,36;FUERA DE VIAJE;6
ColpetroleumRsu8;2025-12-07 00:12:59;MN-48;0;428,11;FUERA DE VIAJE;6
ColpetroleumRsu8;2025-12-07 00:13:03;MN-48;0;427,48;FUERA DE VIAJE;6
ColpetroleumRsu8;2025-12-07 00:13:07;MN-48;0;426,23;FUERA DE VIAJE;6
ColpetroleumRsu8;2025-12-07 00:13:11;MN-48;0;424,97;FUERA DE VIAJE;6
ColpetroleumRsu8;2025-12-07 00:13:15;MN-48;0;423,72;FUERA DE VIAJE;6
ColpetroleumRsu8;2025-12-07 00:13:19;MN-48;0;423,09;FUERA DE VIAJE;6
ColpetroleumRsu8;2025-12-07 00:13:23;MN-48;0;421,84;FUERA DE VIAJE;6
ColpetroleumRsu8;2025-12-07 00:13:27;MN-48;0;421,21;FUERA DE VIAJE;6
ColpetroleumRsu8;2025-12-07 00:13:31;MN-48;0;419,96;FUERA DE VIAJE;6
ColpetroleumRsu8;2025-12-07 00:13:35;MN-48;0;418,7;FUERA DE VIAJE;6
ColpetroleumRsu8;2025-12-07 00:13:39;MN-48;0;417,76;FUERA DE VIAJE;6
ColpetroleumRsu8;2025-12-07 00:13:43;MN-48;0;417,14;FUERA DE VIAJE;6
ColpetroleumRsu8;2025-12-07 00:13:47;MN-48;0;416,2;FUERA DE VIAJE;6
ColpetroleumRsu8;2025-12-07 00:13:51;MN-48;0;415,57;FUERA DE VIAJE;6
ColpetroleumRsu8;2025-12-07 00:13:55;MN-48;0;414,32;FUERA DE VIAJE;6
ColpetroleumRsu8;2025-12-07 00:13:59;MN-48;0;413,69;FUERA DE VIAJE;6
ColpetroleumRsu8;2025-12-07 00:14:03;MN-48;0;412,44;FUERA DE VIAJE;6
ColpetroleumRsu8;2025-12-07 00:14:07;MN-48;0;411,18;FUERA DE VIAJE;6
ColpetroleumRsu8;2025-12-07 00:14:11;MN-48;0;410,24;FUERA DE VIAJE;6
ColpetroleumRsu8;2025-12-07 00:14:15;MN-48;0;410,24;FUERA DE VIAJE;6
ColpetroleumRsu8;2025-12-07 00:14:19;MN-48;0;409,3;FUERA DE VIAJE;6
ColpetroleumRsu8;2025-12-07 00:14:23;MN-48;0;408,05;FUERA DE VIAJE;6
ColpetroleumRsu8;2025-12-07 00:14:27;MN-48;0;406,79;FUERA DE VIAJE;6
ColpetroleumRsu8;2025-12-07 00:14:31;MN-48;0;406,17;FUERA DE VIAJE;6
ColpetroleumRsu8;2025-12-07 00:14:35;MN-48;0;405,23;FUERA DE VIAJE;6
ColpetroleumRsu8;2025-12-07 00:14:39;MN-48;0;404,6;FUERA DE VIAJE;6
ColpetroleumRsu8;2025-12-07 00:14:43;MN-48;0;403,66;FUERA DE VIAJE;6
ColpetroleumRsu8;2025-12-07 00:14:47;MN-48;0;403,03;FUERA DE VIAJE;6
ColpetroleumRsu8;2025-12-07 00:14:51;MN-48;0;402,41;FUERA DE VIAJE;6
ColpetroleumRsu8;2025-12-07 00:14:55;MN-48;0;401,78;FUERA DE VIAJE;6
ColpetroleumRsu8;2025-12-07 00:14:59;MN-48;0;400,53;FUERA DE VIAJE;6
ColpetroleumRsu8;2025-12-07 00:15:03;MN-48;0;399,9;FUERA DE VIAJE;6
ColpetroleumRsu8;2025-12-07 00:15:07;MN-48;0;398,65;FUERA DE VIAJE;6
ColpetroleumRsu8;2025-12-07 00:15:11;MN-48;0;398,02;FUERA DE VIAJE;6
ColpetroleumRsu8;2025-12-07 00:15:15;MN-48;0;397,39;FUERA DE VIAJE;6
ColpetroleumRsu8;2025-12-07 00:15:19;MN-48;0;396,14;FUERA DE VIAJE;6
ColpetroleumRsu8;2025-12-07 00:15:23;MN-48;0;395,51;FUERA DE VIAJE;6
ColpetroleumRsu8;2025-12-07 00:15:27;MN-48;0;394,89;FUERA DE VIAJE;6
ColpetroleumRsu8;2025-12-07 00:15:31;MN-48;0;393,63;FUERA DE VIAJE;6
ColpetroleumRsu8;2025-12-07 00:15:35;MN-48;0;393;FUERA DE VIAJE;6
ColpetroleumRsu8;2025-12-07 00:15:39;MN-48;0;392,38;FUERA DE VIAJE;6
ColpetroleumRsu8;2025-12-07 00:15:43;MN-48;0;391,12;FUERA DE VIAJE;6
ColpetroleumRsu8;2025-12-07 00:15:47;MN-48;0;391,12;FUERA DE VIAJE;6
ColpetroleumRsu8;2025-12-07 00:15:51;MN-48;0;389,87;FUERA DE VIAJE;6
ColpetroleumRsu8;2025-12-07 00:15:55;MN-48;0;388,93;FUERA DE VIAJE;6
ColpetroleumRsu8;2025-12-07 00:15:59;MN-48;0;388,3;FUERA DE VIAJE;6
ColpetroleumRsu8;2025-12-07 00:16:03;MN-48;0;387,68;FUERA DE VIAJE;6
ColpetroleumRsu8;2025-12-07 00:16:07;MN-48;0;387,05;FUERA DE VIAJE;6
ColpetroleumRsu8;2025-12-07 00:16:11;MN-48;0;386,42;FUERA DE VIAJE;6
ColpetroleumRsu8;2025-12-07 00:16:15;MN-48;0;385,48;FUERA DE VIAJE;6
ColpetroleumRsu8;2025-12-07 00:16:19;MN-48;0;384,86;FUERA DE VIAJE;6
ColpetroleumRsu8;2025-12-07 00:16:23;MN-48;0;383,6;FUERA DE VIAJE;6
ColpetroleumRsu8;2025-12-07 00:16:27;MN-48;0;382,98;FUERA DE VIAJE;6
ColpetroleumRsu8;2025-12-07 00:16:31;MN-48;0;382,98;FUERA DE VIAJE;6
ColpetroleumRsu8;2025-12-07 00:16:35;MN-48;0;381,72;FUERA DE VIAJE;6
ColpetroleumRsu8;2025-12-07 00:16:39;MN-48;0;381,1;FUERA DE VIAJE;6
ColpetroleumRsu8;2025-12-07 00:16:43;MN-48;0;380,47;FUERA DE VIAJE;6
ColpetroleumRsu8;2025-12-07 00:16:47;MN-48;0;379,84;FUERA DE VIAJE;6
ColpetroleumRsu8;2025-12-07 00:16:51;MN-48;0;379,22;FUERA DE VIAJE;6
ColpetroleumRsu8;2025-12-07 00:16:55;MN-48;0;378,59;FUERA DE VIAJE;6
ColpetroleumRsu8;2025-12-07 00:16:59;MN-48;0;377,65;FUERA DE VIAJE;6
ColpetroleumRsu8;2025-12-07 00:17:03;MN-48;0;377,02;FUERA DE VIAJE;6
ColpetroleumRsu8;2025-12-07 00:17:07;MN-48;0;376,08;FUERA DE VIAJE;6
ColpetroleumRsu8;2025-12-07 00:17:11;MN-48;0;375,45;FUERA DE VIAJE;6
ColpetroleumRsu8;2025-12-07 00:17:15;MN-48;0;374,83;FUERA DE VIAJE;6
ColpetroleumRsu8;2025-12-07 00:17:19;MN-48;0;374,2;FUERA DE VIAJE;6
ColpetroleumRsu8;2025-12-07 00:17:23;MN-48;0;373,57;FUERA DE VIAJE;6
ColpetroleumRsu8;2025-12-07 00:17:27;MN-48;0;372,95;FUERA DE VIAJE;6
ColpetroleumRsu8;2025-12-07 00:17:31;MN-48;0;371,69;FUERA DE VIAJE;6
ColpetroleumRsu8;2025-12-07 00:17:35;MN-48;0;371,69;FUERA DE VIAJE;6
ColpetroleumRsu8;2025-12-07 00:17:39;MN-48;0;371,07;FUERA DE VIAJE;6
ColpetroleumRsu8;2025-12-07 00:17:43;MN-48;0;370,44;FUERA DE VIAJE;6
ColpetroleumRsu8;2025-12-07 00:17:47;MN-48;0;369,81;FUERA DE VIAJE;6
ColpetroleumRsu8;2025-12-07 00:17:51;MN-48;0;369,19;FUERA DE VIAJE;6
ColpetroleumRsu8;2025-12-07 00:17:55;MN-48;0;368,56;FUERA DE VIAJE;6
ColpetroleumRsu8;2025-12-07 00:17:59;MN-48;0;367,93;FUERA DE VIAJE;6
ColpetroleumRsu8;2025-12-07 00:18:03;MN-48;0;367,31;FUERA DE VIAJE;6
ColpetroleumRsu8;2025-12-07 00:18:07;MN-48;0;366,68;FUERA DE VIAJE;6
ColpetroleumRsu8;2025-12-07 00:18:11;MN-48;0;366,05;FUERA DE VIAJE;6
ColpetroleumRsu8;2025-12-07 00:18:15;MN-48;0;365,43;FUERA DE VIAJE;6
ColpetroleumRsu8;2025-12-07 00:18:19;MN-48;0;364,8;FUERA DE VIAJE;6
ColpetroleumRsu8;2025-12-07 00:18:23;MN-48;0;364,49;FUERA DE VIAJE;6
ColpetroleumRsu8;2025-12-07 00:18:27;MN-48;0;363,86;FUERA DE VIAJE;6
ColpetroleumRsu8;2025-12-07 00:18:31;MN-48;0;363,23;FUERA DE VIAJE;6
ColpetroleumRsu8;2025-12-07 00:18:35;MN-48;0;374,2;FUERA DE VIAJE;6
ColpetroleumRsu8;2025-12-07 00:18:39;MN-48;0;394,26;FUERA DE VIAJE;6
ColpetroleumRsu8;2025-12-07 00:18:43;MN-48;0;402,72;FUERA DE VIAJE;6
ColpetroleumRsu8;2025-12-07 00:18:47;MN-48;0;409,3;FUERA DE VIAJE;6
ColpetroleumRsu8;2025-12-07 00:18:51;MN-48;0;411,18;FUERA DE VIAJE;6
ColpetroleumRsu8;2025-12-07 00:18:55;MN-48;0;417,76;FUERA DE VIAJE;6
ColpetroleumRsu8;2025-12-07 00:18:59;MN-48;0;429,99;FUERA DE VIAJE;6
ColpetroleumRsu8;2025-12-07 00:19:03;MN-48;0;435;FUERA DE VIAJE;6
ColpetroleumRsu8;2025-12-07 00:19:07;MN-48;0;428,11;FUERA DE VIAJE;6
ColpetroleumRsu8;2025-12-07 00:19:11;MN-48;0;424,97;FUERA DE VIAJE;6
ColpetroleumRsu8;2025-12-07 00:19:15;MN-48;0;421,52;FUERA DE VIAJE;6
ColpetroleumRsu8;2025-12-07 00:19:19;MN-48;0;419,33;FUERA DE VIAJE;6
ColpetroleumRsu8;2025-12-07 00:19:23;MN-48;0;416,2;FUERA DE VIAJE;6
ColpetroleumRsu8;2025-12-07 00:19:27;MN-48;0;413,69;FUERA DE VIAJE;6
ColpetroleumRsu8;2025-12-07 00:19:31;MN-48;0;411,81;FUERA DE VIAJE;6
ColpetroleumRsu8;2025-12-07 00:19:35;MN-48;0;408,67;FUERA DE VIAJE;6
ColpetroleumRsu8;2025-12-07 00:19:39;MN-48;0;406,79;FUERA DE VIAJE;6
ColpetroleumRsu8;2025-12-07 00:19:43;MN-48;0;404,91;FUERA DE VIAJE;6
ColpetroleumRsu8;2025-12-07 00:19:47;MN-48;0;403,03;FUERA DE VIAJE;6
ColpetroleumRsu8;2025-12-07 00:19:51;MN-48;0;400,53;FUERA DE VIAJE;6
ColpetroleumRsu8;2025-12-07 00:19:55;MN-48;0;399,27;FUERA DE VIAJE;6
ColpetroleumRsu8;2025-12-07 00:19:59;MN-48;0;397,39;FUERA DE VIAJE;6
ColpetroleumRsu8;2025-12-07 00:20:03;MN-48;0;395,83;FUERA DE VIAJE;6
ColpetroleumRsu8;2025-12-07 00:20:07;MN-48;0;394,26;FUERA DE VIAJE;6
ColpetroleumRsu8;2025-12-07 00:20:11;MN-48;0;393;FUERA DE VIAJE;6
ColpetroleumRsu8;2025-12-07 00:20:15;MN-48;0;391,75;FUERA DE VIAJE;6
ColpetroleumRsu8;2025-12-07 00:20:19;MN-48;0;389,87;FUERA DE VIAJE;6
ColpetroleumRsu8;2025-12-07 00:20:23;MN-48;0;387,99;FUERA DE VIAJE;6
ColpetroleumRsu8;2025-12-07 00:20:27;MN-48;0;387,36;FUERA DE VIAJE;6
ColpetroleumRsu8;2025-12-07 00:20:31;MN-48;0;385,48;FUERA DE VIAJE;6
ColpetroleumRsu8;2025-12-07 00:20:35;MN-48;0;383,92;FUERA DE VIAJE;6
ColpetroleumRsu8;2025-12-07 00:20:39;MN-48;0;382,66;FUERA DE VIAJE;6
ColpetroleumRsu8;2025-12-07 00:20:43;MN-48;0;381,72;FUERA DE VIAJE;6
ColpetroleumRsu8;2025-12-07 00:20:47;MN-48;0;380,47;FUERA DE VIAJE;6
ColpetroleumRsu8;2025-12-07 00:20:51;MN-48;0;378,59;FUERA DE VIAJE;6
ColpetroleumRsu8;2025-12-07 00:20:55;MN-48;0;377,33;FUERA DE VIAJE;6
ColpetroleumRsu8;2025-12-07 00:20:59;MN-48;0;376,08;FUERA DE VIAJE;6
ColpetroleumRsu8;2025-12-07 00:21:03;MN-48;0;374,83;FUERA DE VIAJE;6
ColpetroleumRsu8;2025-12-07 00:21:07;MN-48;0;374,2;FUERA DE VIAJE;6
ColpetroleumRsu8;2025-12-07 00:21:11;MN-48;0;372,95;FUERA DE VIAJE;6
ColpetroleumRsu8;2025-12-07 00:21:15;MN-48;0;372,32;FUERA DE VIAJE;6
ColpetroleumRsu8;2025-12-07 00:21:19;MN-48;0;384,86;FUERA DE VIAJE;6
ColpetroleumRsu8;2025-12-07 00:21:23;MN-48;0;394,89;FUERA DE VIAJE;6
ColpetroleumRsu8;2025-12-07 00:21:27;MN-48;0;396,77;FUERA DE VIAJE;6
ColpetroleumRsu8;2025-12-07 00:21:31;MN-48;0;394,26;FUERA DE VIAJE;6
ColpetroleumRsu8;2025-12-07 00:21:35;MN-48;0;392,38;FUERA DE VIAJE;6
ColpetroleumRsu8;2025-12-07 00:21:39;MN-48;0;389,87;FUERA DE VIAJE;6
ColpetroleumRsu8;2025-12-07 00:21:43;MN-48;0;387,99;FUERA DE VIAJE;6
ColpetroleumRsu8;2025-12-07 00:21:47;MN-48;0;385,8;FUERA DE VIAJE;6
ColpetroleumRsu8;2025-12-07 00:21:51;MN-48;0;383,92;FUERA DE VIAJE;6
ColpetroleumRsu8;2025-12-07 00:21:55;MN-48;0;382,35;FUERA DE VIAJE;6
ColpetroleumRsu8;2025-12-07 00:21:59;MN-48;0;381,1;FUERA DE VIAJE;6
ColpetroleumRsu8;2025-12-07 00:22:03;MN-48;0;381,72;FUERA DE VIAJE;6
ColpetroleumRsu8;2025-12-07 00:22:07;MN-48;0;389,87;FUERA DE VIAJE;6
ColpetroleumRsu8;2025-12-07 00:22:11;MN-48;0;405,85;FUERA DE VIAJE;6
ColpetroleumRsu8;2025-12-07 00:22:15;MN-48;0;413,69;FUERA DE VIAJE;6
ColpetroleumRsu8;2025-12-07 00:22:19;MN-48;0;422,78;FUERA DE VIAJE;6
ColpetroleumRsu8;2025-12-07 00:22:23;MN-48;0;429,99;FUERA DE VIAJE;6
ColpetroleumRsu8;2025-12-07 00:22:27;MN-48;0;436,57;FUERA DE VIAJE;6
ColpetroleumRsu8;2025-12-07 00:22:31;MN-48;0;444,72;FUERA DE VIAJE;6
ColpetroleumRsu8;2025-12-07 00:22:35;MN-48;0;450,67;FUERA DE VIAJE;6
ColpetroleumRsu8;2025-12-07 00:22:39;MN-48;0;458,82;FUERA DE VIAJE;6
ColpetroleumRsu8;2025-12-07 00:22:43;MN-48;0;464,46;FUERA DE VIAJE;6
ColpetroleumRsu8;2025-12-07 00:22:47;MN-48;0;471,04;FUERA DE VIAJE;6
ColpetroleumRsu8;2025-12-07 00:22:51;MN-48;0;477;FUERA DE VIAJE;6
ColpetroleumRsu8;2025-12-07 00:22:55;MN-48;0;483,89;FUERA DE VIAJE;6
ColpetroleumRsu8;2025-12-07 00:22:59;MN-48;0;488,91;FUERA DE VIAJE;6
ColpetroleumRsu8;2025-12-07 00:23:03;MN-48;0;493,92;FUERA DE VIAJE;6
ColpetroleumRsu8;2025-12-07 00:23:07;MN-48;0;499,56;FUERA DE VIAJE;6
ColpetroleumRsu8;2025-12-07 00:23:11;MN-48;0;504,58;FUERA DE VIAJE;6
ColpetroleumRsu8;2025-12-07 00:23:15;MN-48;0;510,84;FUERA DE VIAJE;6
ColpetroleumRsu8;2025-12-07 00:23:19;MN-48;0;515,23;FUERA DE VIAJE;6
ColpetroleumRsu8;2025-12-07 00:23:23;MN-48;0;519,62;FUERA DE VIAJE;6
ColpetroleumRsu8;2025-12-07 00:23:27;MN-48;0;524,63;FUERA DE VIAJE;6
ColpetroleumRsu8;2025-12-07 00:23:31;MN-48;0;529,96;FUERA DE VIAJE;6
ColpetroleumRsu8;2025-12-07 00:23:35;MN-48;0;534,04;FUERA DE VIAJE;6
ColpetroleumRsu8;2025-12-07 00:23:39;MN-48;0;538,11;FUERA DE VIAJE;6
ColpetroleumRsu8;2025-12-07 00:23:43;MN-48;0;542,18;FUERA DE VIAJE;6
ColpetroleumRsu8;2025-12-07 00:23:47;MN-48;0;547,51;FUERA DE VIAJE;6
ColpetroleumRsu8;2025-12-07 00:23:51;MN-48;0;550,96;FUERA DE VIAJE;6
ColpetroleumRsu8;2025-12-07 00:23:55;MN-48;0;554,72;FUERA DE VIAJE;6
ColpetroleumRsu8;2025-12-07 00:23:59;MN-48;0;559,11;FUERA DE VIAJE;6
ColpetroleumRsu8;2025-12-07 00:24:03;MN-48;0;562,24;FUERA DE VIAJE;6
ColpetroleumRsu8;2025-12-07 00:24:07;MN-48;0;567,88;FUERA DE VIAJE;6
ColpetroleumRsu8;2025-12-07 00:24:11;MN-48;0;571,02;FUERA DE VIAJE;6
ColpetroleumRsu8;2025-12-07 00:24:15;MN-48;0;575,09;FUERA DE VIAJE;6
ColpetroleumRsu8;2025-12-07 00:24:19;MN-48;0;579,17;FUERA DE VIAJE;6
ColpetroleumRsu8;2025-12-07 00:24:23;MN-48;0;582,93;FUERA DE VIAJE;6
ColpetroleumRsu8;2025-12-07 00:24:27;MN-48;0;588,25;FUERA DE VIAJE;6
ColpetroleumRsu8;2025-12-07 00:24:31;MN-48;0;592,01;FUERA DE VIAJE;6
ColpetroleumRsu8;2025-12-07 00:24:35;MN-48;0;596,72;FUERA DE VIAJE;6
ColpetroleumRsu8;2025-12-07 00:24:39;MN-48;0;600,48;FUERA DE VIAJE;6
ColpetroleumRsu8;2025-12-07 00:24:43;MN-48;0;606,12;FUERA DE VIAJE;6
ColpetroleumRsu8;2025-12-07 00:24:47;MN-48;0;610,82;FUERA DE VIAJE;6
ColpetroleumRsu8;2025-12-07 00:24:51;MN-48;0;615,52;FUERA DE VIAJE;6
ColpetroleumRsu8;2025-12-07 00:24:55;MN-48;0;619,91;FUERA DE VIAJE;6
ColpetroleumRsu8;2025-12-07 00:24:59;MN-48;0;626,49;FUERA DE VIAJE;6
ColpetroleumRsu8;2025-12-07 00:25:03;MN-48;0;631,5;FUERA DE VIAJE;6
ColpetroleumRsu8;2025-12-07 00:25:07;MN-48;0;637,14;FUERA DE VIAJE;6
ColpetroleumRsu8;2025-12-07 00:25:11;MN-48;0;642,47;FUERA DE VIAJE;6
ColpetroleumRsu8;2025-12-07 00:25:15;MN-48;0;648,74;FUERA DE VIAJE;6
ColpetroleumRsu8;2025-12-07 00:25:19;MN-48;0;657,2;FUERA DE VIAJE;6
ColpetroleumRsu8;2025-12-07 00:25:23;MN-48;0;663,16;FUERA DE VIAJE;6
ColpetroleumRsu8;2025-12-07 00:25:27;MN-48;0;669,74;FUERA DE VIAJE;6
ColpetroleumRsu8;2025-12-07 00:25:31;MN-48;0;677,57;FUERA DE VIAJE;6
ColpetroleumRsu8;2025-12-07 00:25:35;MN-48;0;684,47;FUERA DE VIAJE;6
ColpetroleumRsu8;2025-12-07 00:25:39;MN-48;0;694,81;FUERA DE VIAJE;6
ColpetroleumRsu8;2025-12-07 00:25:43;MN-48;0;702,65;FUERA DE VIAJE;6
ColpetroleumRsu8;2025-12-07 00:25:47;MN-48;0;712,05;FUERA DE VIAJE;6
ColpetroleumRsu8;2025-12-07 00:25:51;MN-48;0;720,82;FUERA DE VIAJE;6
ColpetroleumRsu8;2025-12-07 00:25:55;MN-48;0;733,36;FUERA DE VIAJE;6
ColpetroleumRsu8;2025-12-07 00:25:59;MN-48;0;742,76;FUERA DE VIAJE;6
ColpetroleumRsu8;2025-12-07 00:26:03;MN-48;0;753,1;FUERA DE VIAJE;6
ColpetroleumRsu8;2025-12-07 00:26:07;MN-48;0;764,39;FUERA DE VIAJE;6
ColpetroleumRsu8;2025-12-07 00:26:11;MN-48;0;775,35;FUERA DE VIAJE;6
ColpetroleumRsu8;2025-12-07 00:26:15;MN-48;0;788,2;FUERA DE VIAJE;6
ColpetroleumRsu8;2025-12-07 00:26:19;MN-48;0;797,61;FUERA DE VIAJE;6
ColpetroleumRsu8;2025-12-07 00:26:23;MN-48;0;804,81;FUERA DE VIAJE;6
ColpetroleumRsu8;2025-12-07 00:26:27;MN-48;0;813,59;FUERA DE VIAJE;6
ColpetroleumRsu8;2025-12-07 00:26:31;MN-48;0;819,86;FUERA DE VIAJE;6
ColpetroleumRsu8;2025-12-07 00:26:35;MN-48;0;825,5;FUERA DE VIAJE;6
ColpetroleumRsu8;2025-12-07 00:26:39;MN-48;0;830,83;FUERA DE VIAJE;6
ColpetroleumRsu8;2025-12-07 00:26:43;MN-48;0;834,9;FUERA DE VIAJE;6
ColpetroleumRsu8;2025-12-07 00:26:47;MN-48;0;839,91;FUERA DE VIAJE;6
ColpetroleumRsu8;2025-12-07 00:26:51;MN-48;0;842,42;FUERA DE VIAJE;6
ColpetroleumRsu8;2025-12-07 00:26:55;MN-48;0;844,62;FUERA DE VIAJE;6
ColpetroleumRsu8;2025-12-07 00:26:59;MN-48;0;846,18;FUERA DE VIAJE;6
ColpetroleumRsu8;2025-12-07 00:27:03;MN-48;0;848,38;FUERA DE VIAJE;6
ColpetroleumRsu8;2025-12-07 00:27:07;MN-48;0;848,69;FUERA DE VIAJE;6
ColpetroleumRsu8;2025-12-07 00:27:11;MN-48;0;848,69;FUERA DE VIAJE;6
ColpetroleumRsu8;2025-12-07 00:27:15;MN-48;0;848,69;FUERA DE VIAJE;6
ColpetroleumRsu8;2025-12-07 00:27:19;MN-48;0;848,69;FUERA DE VIAJE;6
ColpetroleumRsu8;2025-12-07 00:27:23;MN-48;0;849,32;FUERA DE VIAJE;6
ColpetroleumRsu8;2025-12-07 00:27:27;MN-48;0;847,75;FUERA DE VIAJE;6
ColpetroleumRsu8;2025-12-07 00:27:31;MN-48;0;847,12;FUERA DE VIAJE;6
ColpetroleumRsu8;2025-12-07 00:27:35;MN-48;0;846,5;FUERA DE VIAJE;6
ColpetroleumRsu8;2025-12-07 00:27:39;MN-48;0;845,24;FUERA DE VIAJE;6
ColpetroleumRsu8;2025-12-07 00:27:43;MN-48;0;844,93;FUERA DE VIAJE;6
ColpetroleumRsu8;2025-12-07 00:27:47;MN-48;0;843,05;FUERA DE VIAJE;6
ColpetroleumRsu8;2025-12-07 00:27:51;MN-48;0;841,8;FUERA DE VIAJE;6
ColpetroleumRsu8;2025-12-07 00:27:55;MN-48;0;840,54;FUERA DE VIAJE;6
ColpetroleumRsu8;2025-12-07 00:27:59;MN-48;0;839,29;FUERA DE VIAJE;6
ColpetroleumRsu8;2025-12-07 00:28:03;MN-48;0;837,09;FUERA DE VIAJE;6
ColpetroleumRsu8;2025-12-07 00:28:07;MN-48;0;836,15;FUERA DE VIAJE;6
ColpetroleumRsu8;2025-12-07 00:28:11;MN-48;0;834,9;FUERA DE VIAJE;6
ColpetroleumRsu8;2025-12-07 00:28:15;MN-48;0;833,65;FUERA DE VIAJE;6
ColpetroleumRsu8;2025-12-07 00:28:19;MN-48;0;833,02;FUERA DE VIAJE;6
ColpetroleumRsu8;2025-12-07 00:28:23;MN-48;0;831,14;FUERA DE VIAJE;6
ColpetroleumRsu8;2025-12-07 00:28:27;MN-48;0;829,57;FUERA DE VIAJE;6
ColpetroleumRsu8;2025-12-07 00:28:31;MN-48;0;828,01;FUERA DE VIAJE;6
ColpetroleumRsu8;2025-12-07 00:28:35;MN-48;0;826,75;FUERA DE VIAJE;6
ColpetroleumRsu8;2025-12-07 00:28:39;MN-48;0;824,87;FUERA DE VIAJE;6
ColpetroleumRsu8;2025-12-07 00:28:43;MN-48;0;823,62;FUERA DE VIAJE;6
ColpetroleumRsu8;2025-12-07 00:28:47;MN-48;0;821,74;FUERA DE VIAJE;6
ColpetroleumRsu8;2025-12-07 00:28:51;MN-48;0;820,48;FUERA DE VIAJE;6
ColpetroleumRsu8;2025-12-07 00:28:55;MN-48;0;818,6;FUERA DE VIAJE;6
ColpetroleumRsu8;2025-12-07 00:28:59;MN-48;0;817,35;FUERA DE VIAJE;6
ColpetroleumRsu8;2025-12-07 00:29:03;MN-48;0;815,47;FUERA DE VIAJE;6
ColpetroleumRsu8;2025-12-07 00:29:07;MN-48;0;814,22;FUERA DE VIAJE;6
ColpetroleumRsu8;2025-12-07 00:29:11;MN-48;0;812,34;FUERA DE VIAJE;6
ColpetroleumRsu8;2025-12-07 00:29:15;MN-48;0;811,08;FUERA DE VIAJE;6
ColpetroleumRsu8;2025-12-07 00:29:19;MN-48;0;809,2;FUERA DE VIAJE;6
ColpetroleumRsu8;2025-12-07 00:29:23;MN-48;0;808,57;FUERA DE VIAJE;6
ColpetroleumRsu8;2025-12-07 00:29:27;MN-48;0;806,38;FUERA DE VIAJE;6
ColpetroleumRsu8;2025-12-07 00:29:31;MN-48;0;804,81;FUERA DE VIAJE;6
ColpetroleumRsu8;2025-12-07 00:29:35;MN-48;0;802,93;FUERA DE VIAJE;6
ColpetroleumRsu8;2025-12-07 00:29:39;MN-48;0;802,93;FUERA DE VIAJE;6
ColpetroleumRsu8;2025-12-07 00:29:43;MN-48;0;801,68;FUERA DE VIAJE;6
ColpetroleumRsu8;2025-12-07 00:29:47;MN-48;0;800,11;FUERA DE VIAJE;6
ColpetroleumRsu8;2025-12-07 00:29:51;MN-48;0;797,92;FUERA DE VIAJE;6
ColpetroleumRsu8;2025-12-07 00:29:55;MN-48;0;796,67;FUERA DE VIAJE;6
ColpetroleumRsu8;2025-12-07 00:29:59;MN-48;0;764,7;FUERA DE VIAJE;6
ColpetroleumRsu8;2025-12-07 00:30:03;MN-48;0;754,67;FUERA DE VIAJE;6
ColpetroleumRsu8;2025-12-07 00:30:07;MN-48;0;18,18;FUERA DE VIAJE;6
ColpetroleumRsu8;2025-12-07 00:30:11;MN-48;0;2,51;FUERA DE VIAJE;6
ColpetroleumRsu8;2025-12-07 00:30:15;MN-48;0;3,45;FUERA DE VIAJE;6
ColpetroleumRsu8;2025-12-07 00:30:19;MN-48;0;3,76;FUERA DE VIAJE;6
ColpetroleumRsu8;2025-12-07 00:30:23;MN-48;0;3,76;FUERA DE VIAJE;6
ColpetroleumRsu8;2025-12-07 00:30:27;MN-48;0;3,76;FUERA DE VIAJE;6
ColpetroleumRsu8;2025-12-07 00:30:31;MN-48;0;4,07;FUERA DE VIAJE;6
ColpetroleumRsu8;2025-12-07 00:30:35;MN-48;0;3,76;FUERA DE VIAJE;6
ColpetroleumRsu8;2025-12-07 00:30:39;MN-48;0;3,76;FUERA DE VIAJE;6
ColpetroleumRsu8;2025-12-07 00:30:43;MN-48;0;3,13;FUERA DE VIAJE;6
ColpetroleumRsu8;2025-12-07 00:30:47;MN-48;0;4,07;FUERA DE VIAJE;6
ColpetroleumRsu8;2025-12-07 00:30:51;MN-48;0;4,39;FUERA DE VIAJE;6
ColpetroleumRsu8;2025-12-07 00:30:55;MN-48;0;4,07;FUERA DE VIAJE;6
ColpetroleumRsu8;2025-12-07 00:30:59;MN-48;0;4,07;FUERA DE VIAJE;6
ColpetroleumRsu8;2025-12-07 00:31:03;MN-48;0;3,45;FUERA DE VIAJE;6
ColpetroleumRsu8;2025-12-07 00:31:07;MN-48;0;4,07;FUERA DE VIAJE;6
ColpetroleumRsu8;2025-12-07 00:31:11;MN-48;0;4,39;FUERA DE VIAJE;6
ColpetroleumRsu8;2025-12-07 00:31:15;MN-48;0;3,76;FUERA DE VIAJE;6
ColpetroleumRsu8;2025-12-07 00:31:19;MN-48;0;3,76;FUERA DE VIAJE;6
ColpetroleumRsu8;2025-12-07 00:31:23;MN-48;0;3,13;FUERA DE VIAJE;6
ColpetroleumRsu8;2025-12-07 00:31:27;MN-48;0;3,76;FUERA DE VIAJE;6
ColpetroleumRsu8;2025-12-07 00:31:31;MN-48;0;3,76;FUERA DE VIAJE;6
ColpetroleumRsu8;2025-12-07 00:31:35;MN-48;0;3,45;FUERA DE VIAJE;6
ColpetroleumRsu8;2025-12-07 00:31:39;MN-48;0;3,13;FUERA DE VIAJE;6
ColpetroleumRsu8;2025-12-07 00:31:43;MN-48;0;3,76;FUERA DE VIAJE;6
ColpetroleumRsu8;2025-12-07 00:31:47;MN-48;0;3,76;FUERA DE VIAJE;6
ColpetroleumRsu8;2025-12-07 00:31:51;MN-48;0;3,76;FUERA DE VIAJE;6
ColpetroleumRsu8;2025-12-07 00:31:55;MN-48;0;3,13;FUERA DE VIAJE;6
ColpetroleumRsu8;2025-12-07 00:31:59;MN-48;0;2,82;FUERA DE VIAJE;6
ColpetroleumRsu8;2025-12-07 00:32:03;MN-48;0;3,76;FUERA DE VIAJE;6
ColpetroleumRsu8;2025-12-07 00:32:07;MN-48;0;3,13;FUERA DE VIAJE;6
ColpetroleumRsu8;2025-12-07 00:32:11;MN-48;0;3,13;FUERA DE VIAJE;6
ColpetroleumRsu8;2025-12-07 00:32:15;MN-48;0;3,13;FUERA DE VIAJE;6
ColpetroleumRsu8;2025-12-07 00:32:19;MN-48;0;3,13;FUERA DE VIAJE;6
ColpetroleumRsu8;2025-12-07 00:32:23;MN-48;0;3,13;FUERA DE VIAJE;6
ColpetroleumRsu8;2025-12-07 00:32:27;MN-48;0;3,13;FUERA DE VIAJE;6
ColpetroleumRsu8;2025-12-07 00:32:31;MN-48;0;3,13;FUERA DE VIAJE;6
ColpetroleumRsu8;2025-12-07 00:32:35;MN-48;0;3,13;FUERA DE VIAJE;6
ColpetroleumRsu8;2025-12-07 00:32:39;MN-48;0;3,13;FUERA DE VIAJE;6
ColpetroleumRsu8;2025-12-07 00:32:43;MN-48;0;3,13;FUERA DE VIAJE;6
ColpetroleumRsu8;2025-12-07 00:32:47;MN-48;0;3,13;FUERA DE VIAJE;6
ColpetroleumRsu8;2025-12-07 00:32:51;MN-48;0;3,13;FUERA DE VIAJE;6
ColpetroleumRsu8;2025-12-07 00:32:55;MN-48;0;2,51;FUERA DE VIAJE;6
ColpetroleumRsu8;2025-12-07 00:32:59;MN-48;0;3,13;FUERA DE VIAJE;6
ColpetroleumRsu8;2025-12-08 09:54:03;MN-48;0;31,03;FUERA DE VIAJE;7
ColpetroleumRsu8;2025-12-08 09:54:07;MN-48;0;31,65;FUERA DE VIAJE;7
ColpetroleumRsu8;2025-12-08 09:54:11;MN-48;0;31,34;FUERA DE VIAJE;7
ColpetroleumRsu8;2025-12-08 09:54:15;MN-48;0;31,03;FUERA DE VIAJE;7
ColpetroleumRsu8;2025-12-08 09:54:19;MN-48;0;31,34;FUERA DE VIAJE;7
ColpetroleumRsu8;2025-12-08 09:54:23;MN-48;0;31,34;FUERA DE VIAJE;7
ColpetroleumRsu8;2025-12-08 09:54:27;MN-48;0;30,4;FUERA DE VIAJE;7
ColpetroleumRsu8;2025-12-08 09:54:31;MN-48;0;31,03;FUERA DE VIAJE;7
ColpetroleumRsu8;2025-12-08 09:54:35;MN-48;0;31,03;FUERA DE VIAJE;7
ColpetroleumRsu8;2025-12-08 09:54:39;MN-48;0;31,34;FUERA DE VIAJE;7
ColpetroleumRsu8;2025-12-08 09:54:43;MN-48;0;31,03;FUERA DE VIAJE;7
ColpetroleumRsu8;2025-12-08 09:54:47;MN-48;0;30,71;FUERA DE VIAJE;7
ColpetroleumRsu8;2025-12-08 09:54:51;MN-48;0;31,34;FUERA DE VIAJE;7
ColpetroleumRsu8;2025-12-08 09:54:55;MN-48;0;31,03;FUERA DE VIAJE;7
ColpetroleumRsu8;2025-12-08 09:54:59;MN-48;0;30,4;FUERA DE VIAJE;7
ColpetroleumRsu8;2025-12-08 09:55:03;MN-48;0;31,34;FUERA DE VIAJE;7
ColpetroleumRsu8;2025-12-08 09:55:07;MN-48;0;30,71;FUERA DE VIAJE;7
ColpetroleumRsu8;2025-12-08 09:55:11;MN-48;0;30,71;FUERA DE VIAJE;7
ColpetroleumRsu8;2025-12-08 09:55:15;MN-48;0;2,51;FUERA DE VIAJE;7
ColpetroleumRsu8;2025-12-08 09:55:19;MN-48;0;4,39;FUERA DE VIAJE;7
ColpetroleumRsu8;2025-12-08 09:55:23;MN-48;0;4,39;FUERA DE VIAJE;7
ColpetroleumRsu8;2025-12-08 09:55:27;MN-48;0;4,39;FUERA DE VIAJE;7
ColpetroleumRsu8;2025-12-08 09:55:31;MN-48;0;4,39;FUERA DE VIAJE;7
ColpetroleumRsu8;2025-12-08 09:55:35;MN-48;0;4,39;FUERA DE VIAJE;7
ColpetroleumRsu8;2025-12-08 09:55:39;MN-48;0;4,39;FUERA DE VIAJE;7
ColpetroleumRsu8;2025-12-08 09:55:43;MN-48;0;5,01;FUERA DE VIAJE;7
ColpetroleumRsu8;2025-12-08 09:55:47;MN-48;0;4,39;FUERA DE VIAJE;7
ColpetroleumRsu8;2025-12-08 09:55:51;MN-48;0;4,39;FUERA DE VIAJE;7
ColpetroleumRsu8;2025-12-08 09:55:55;MN-48;0;4,39;FUERA DE VIAJE;7
ColpetroleumRsu8;2025-12-08 09:55:59;MN-48;0;5,01;FUERA DE VIAJE;7
ColpetroleumRsu8;2025-12-08 09:56:03;MN-48;0;4,39;FUERA DE VIAJE;7
ColpetroleumRsu8;2025-12-08 09:56:07;MN-48;0;5,01;FUERA DE VIAJE;7
ColpetroleumRsu8;2025-12-08 09:56:11;MN-48;0;4,7;FUERA DE VIAJE;7
ColpetroleumRsu8;2025-12-08 09:56:15;MN-48;0;16,92;FUERA DE VIAJE;7
ColpetroleumRsu8;2025-12-08 09:56:19;MN-48;0;16,3;FUERA DE VIAJE;7
ColpetroleumRsu8;2025-12-08 09:56:23;MN-48;0;16,3;FUERA DE VIAJE;7
ColpetroleumRsu8;2025-12-08 09:56:27;MN-48;0;16,3;FUERA DE VIAJE;7
ColpetroleumRsu8;2025-12-08 09:56:31;MN-48;0;16,92;FUERA DE VIAJE;7
ColpetroleumRsu8;2025-12-08 09:56:35;MN-48;0;16,92;FUERA DE VIAJE;7
ColpetroleumRsu8;2025-12-08 09:56:39;MN-48;0;16,3;FUERA DE VIAJE;7
ColpetroleumRsu8;2025-12-08 09:56:43;MN-48;0;16,61;FUERA DE VIAJE;7
ColpetroleumRsu8;2025-12-08 09:56:47;MN-48;0;17,24;FUERA DE VIAJE;7
ColpetroleumRsu8;2025-12-08 09:56:51;MN-48;0;17,24;FUERA DE VIAJE;7
ColpetroleumRsu8;2025-12-08 09:56:55;MN-48;0;16,61;FUERA DE VIAJE;7
ColpetroleumRsu8;2025-12-08 09:56:59;MN-48;0;16,61;FUERA DE VIAJE;7
ColpetroleumRsu8;2025-12-08 09:57:03;MN-48;0;16,61;FUERA DE VIAJE;7
ColpetroleumRsu8;2025-12-08 09:57:07;MN-48;0;17,24;FUERA DE VIAJE;7
ColpetroleumRsu8;2025-12-08 09:57:11;MN-48;0;16,92;FUERA DE VIAJE;7
ColpetroleumRsu8;2025-12-08 09:57:15;MN-48;0;16,92;FUERA DE VIAJE;7
ColpetroleumRsu8;2025-12-08 09:57:19;MN-48;0;16,92;FUERA DE VIAJE;7
ColpetroleumRsu8;2025-12-08 09:57:23;MN-48;0;16,92;FUERA DE VIAJE;7
ColpetroleumRsu8;2025-12-08 09:57:27;MN-48;0;16,92;FUERA DE VIAJE;7
ColpetroleumRsu8;2025-12-08 09:57:31;MN-48;0;16,92;FUERA DE VIAJE;7
ColpetroleumRsu8;2025-12-08 09:57:35;MN-48;0;16,61;FUERA DE VIAJE;7
ColpetroleumRsu8;2025-12-08 09:57:39;MN-48;0;16,61;FUERA DE VIAJE;7
ColpetroleumRsu8;2025-12-08 09:57:43;MN-48;0;17,24;FUERA DE VIAJE;7
ColpetroleumRsu8;2025-12-08 09:57:47;MN-48;0;17,24;FUERA DE VIAJE;7
ColpetroleumRsu8;2025-12-08 09:57:51;MN-48;0;17,55;FUERA DE VIAJE;7
ColpetroleumRsu8;2025-12-08 09:57:55;MN-48;0;16,3;FUERA DE VIAJE;7
ColpetroleumRsu8;2025-12-08 09:57:59;MN-48;0;16,92;FUERA DE VIAJE;7
ColpetroleumRsu8;2025-12-08 09:58:03;MN-48;0;16,92;FUERA DE VIAJE;7
ColpetroleumRsu8;2025-12-08 09:58:07;MN-48;0;36,35;FUERA DE VIAJE;7
ColpetroleumRsu8;2025-12-08 09:58:11;MN-48;0;107,18;FUERA DE VIAJE;7
ColpetroleumRsu8;2025-12-08 09:58:15;MN-48;0;126,3;FUERA DE VIAJE;7
ColpetroleumRsu8;2025-12-08 09:58:19;MN-48;0;193,68;FUERA DE VIAJE;7
ColpetroleumRsu8;2025-12-08 09:58:23;MN-48;0;184,28;FUERA DE VIAJE;7
ColpetroleumRsu8;2025-12-08 09:58:27;MN-48;0;185,53;FUERA DE VIAJE;7
ColpetroleumRsu8;2025-12-08 09:58:31;MN-48;0;179,27;FUERA DE VIAJE;7
ColpetroleumRsu8;2025-12-08 09:58:35;MN-48;0;314,65;FUERA DE VIAJE;7
ColpetroleumRsu8;2025-12-08 09:58:39;MN-48;0;275,79;FUERA DE VIAJE;7
ColpetroleumRsu8;2025-12-08 09:58:43;MN-48;0;308,39;FUERA DE VIAJE;7
ColpetroleumRsu8;2025-12-08 09:58:47;MN-48;0;275,48;FUERA DE VIAJE;7
ColpetroleumRsu8;2025-12-08 09:58:51;MN-48;0;295,22;FUERA DE VIAJE;7
ColpetroleumRsu8;2025-12-08 09:58:55;MN-48;0;318,1;FUERA DE VIAJE;7
ColpetroleumRsu8;2025-12-08 09:58:59;MN-48;0;325,62;FUERA DE VIAJE;7
ColpetroleumRsu8;2025-12-08 09:59:03;MN-48;0;307,76;FUERA DE VIAJE;7
ColpetroleumRsu8;2025-12-08 09:59:07;MN-48;0;314,65;FUERA DE VIAJE;7
ColpetroleumRsu8;2025-12-08 09:59:11;MN-48;0;310,58;FUERA DE VIAJE;7
ColpetroleumRsu8;2025-12-08 09:59:15;MN-48;0;348,82;FUERA DE VIAJE;7
ColpetroleumRsu8;2025-12-08 09:59:19;MN-48;0;345,99;FUERA DE VIAJE;7
ColpetroleumRsu8;2025-12-08 09:59:23;MN-48;0;368,56;FUERA DE VIAJE;7
ColpetroleumRsu8;2025-12-08 09:59:27;MN-48;0;324,37;FUERA DE VIAJE;7
ColpetroleumRsu8;2025-12-08 09:59:31;MN-48;0;308,07;FUERA DE VIAJE;7
ColpetroleumRsu8;2025-12-08 09:59:35;MN-48;0;358,53;FUERA DE VIAJE;7
ColpetroleumRsu8;2025-12-08 09:59:39;MN-48;0;352,89;FUERA DE VIAJE;7
ColpetroleumRsu8;2025-12-08 09:59:43;MN-48;0;376,39;FUERA DE VIAJE;7
ColpetroleumRsu8;2025-12-08 09:59:47;MN-48;0;345,68;FUERA DE VIAJE;7
ColpetroleumRsu8;2025-12-08 09:59:51;MN-48;0;330,64;FUERA DE VIAJE;7
ColpetroleumRsu8;2025-12-08 09:59:55;MN-48;0;346,62;FUERA DE VIAJE;7
ColpetroleumRsu8;2025-12-08 09:59:59;MN-48;0;382,98;FUERA DE VIAJE;7
ColpetroleumRsu8;2025-12-08 10:00:03;MN-48;0;325,94;FUERA DE VIAJE;7
ColpetroleumRsu8;2025-12-08 10:00:07;MN-48;0;390,81;FUERA DE VIAJE;7
ColpetroleumRsu8;2025-12-08 10:00:11;MN-48;0;292,72;FUERA DE VIAJE;7
ColpetroleumRsu8;2025-12-08 10:00:15;MN-48;0;326,56;FUERA DE VIAJE;7
ColpetroleumRsu8;2025-12-08 10:00:19;MN-48;0;344,74;FUERA DE VIAJE;7
ColpetroleumRsu8;2025-12-08 10:00:23;MN-48;0;320,3;FUERA DE VIAJE;7
ColpetroleumRsu8;2025-12-08 10:00:27;MN-48;0;386,42;FUERA DE VIAJE;7
ColpetroleumRsu8;2025-12-08 10:00:31;MN-48;0;371,38;FUERA DE VIAJE;7
ColpetroleumRsu8;2025-12-08 10:00:35;MN-48;0;367,93;FUERA DE VIAJE;7
ColpetroleumRsu8;2025-12-08 10:00:39;MN-48;0;378,9;FUERA DE VIAJE;7
ColpetroleumRsu8;2025-12-08 10:00:43;MN-48;0;332,52;FUERA DE VIAJE;7
ColpetroleumRsu8;2025-12-08 10:00:47;MN-48;0;323,12;FUERA DE VIAJE;7
ColpetroleumRsu8;2025-12-08 10:00:51;MN-48;0;398,02;FUERA DE VIAJE;7
ColpetroleumRsu8;2025-12-08 10:00:55;MN-48;0;339,41;FUERA DE VIAJE;7
ColpetroleumRsu8;2025-12-08 10:00:59;MN-48;0;402,09;FUERA DE VIAJE;7
ColpetroleumRsu8;2025-12-08 10:01:03;MN-48;0;385,8;FUERA DE VIAJE;7
ColpetroleumRsu8;2025-12-08 10:01:07;MN-48;0;343,8;FUERA DE VIAJE;7
ColpetroleumRsu8;2025-12-08 10:01:11;MN-48;0;350,38;FUERA DE VIAJE;7
ColpetroleumRsu8;2025-12-08 10:01:15;MN-48;0;351,64;FUERA DE VIAJE;7
ColpetroleumRsu8;2025-12-08 10:01:19;MN-48;0;354,46;FUERA DE VIAJE;7
ColpetroleumRsu8;2025-12-08 10:01:23;MN-48;0;370,44;FUERA DE VIAJE;7
ColpetroleumRsu8;2025-12-08 10:01:27;MN-48;0;378,9;FUERA DE VIAJE;7
ColpetroleumRsu8;2025-12-08 10:01:31;MN-48;0;397,39;FUERA DE VIAJE;7
ColpetroleumRsu8;2025-12-08 10:01:35;MN-48;0;361,04;FUERA DE VIAJE;7
ColpetroleumRsu8;2025-12-08 10:01:39;MN-48;0;394,57;FUERA DE VIAJE;7
ColpetroleumRsu8;2025-12-08 10:01:43;MN-48;0;389,24;FUERA DE VIAJE;7
ColpetroleumRsu8;2025-12-08 10:01:47;MN-48;0;339,1;FUERA DE VIAJE;7
ColpetroleumRsu8;2025-12-08 10:01:51;MN-48;0;375,77;FUERA DE VIAJE;7
ColpetroleumRsu8;2025-12-08 10:01:55;MN-48;0;356,02;FUERA DE VIAJE;7
ColpetroleumRsu8;2025-12-08 10:01:59;MN-48;0;374,83;FUERA DE VIAJE;7
ColpetroleumRsu8;2025-12-08 10:02:03;MN-48;0;404,6;FUERA DE VIAJE;7
ColpetroleumRsu8;2025-12-08 10:02:07;MN-48;0;341,29;FUERA DE VIAJE;7
ColpetroleumRsu8;2025-12-08 10:02:11;MN-48;0;381,1;FUERA DE VIAJE;7
ColpetroleumRsu8;2025-12-08 10:02:15;MN-48;0;377,33;FUERA DE VIAJE;7
ColpetroleumRsu8;2025-12-08 10:02:19;MN-48;0;366,99;FUERA DE VIAJE;7
ColpetroleumRsu8;2025-12-08 10:02:23;MN-48;0;393,63;FUERA DE VIAJE;7
ColpetroleumRsu8;2025-12-08 10:02:27;MN-48;0;343,49;FUERA DE VIAJE;7
ColpetroleumRsu8;2025-12-08 10:02:31;MN-48;0;361,04;FUERA DE VIAJE;7
ColpetroleumRsu8;2025-12-08 10:02:35;MN-48;0;431,24;FUERA DE VIAJE;7
ColpetroleumRsu8;2025-12-08 10:02:39;MN-48;0;357,9;FUERA DE VIAJE;7
ColpetroleumRsu8;2025-12-08 10:02:43;MN-48;0;384,86;FUERA DE VIAJE;7
ColpetroleumRsu8;2025-12-08 10:02:47;MN-48;0;360,41;FUERA DE VIAJE;7
ColpetroleumRsu8;2025-12-08 10:02:51;MN-48;0;396,14;FUERA DE VIAJE;7
ColpetroleumRsu8;2025-12-08 10:02:55;MN-48;0;416,2;FUERA DE VIAJE;7
ColpetroleumRsu8;2025-12-08 10:02:59;MN-48;0;329,38;FUERA DE VIAJE;7
ColpetroleumRsu8;2025-12-08 10:03:03;MN-48;0;395,2;FUERA DE VIAJE;7
ColpetroleumRsu8;2025-12-08 10:03:07;MN-48;0;401,78;FUERA DE VIAJE;7
ColpetroleumRsu8;2025-12-08 10:03:11;MN-48;0;353,52;FUERA DE VIAJE;7
ColpetroleumRsu8;2025-12-08 10:03:15;MN-48;0;416,51;FUERA DE VIAJE;7
ColpetroleumRsu8;2025-12-08 10:03:19;MN-48;0;348,19;FUERA DE VIAJE;7
ColpetroleumRsu8;2025-12-08 10:03:23;MN-48;0;438,13;FUERA DE VIAJE;7
ColpetroleumRsu8;2025-12-08 10:03:27;MN-48;0;435,63;FUERA DE VIAJE;7
ColpetroleumRsu8;2025-12-08 10:03:31;MN-48;0;365,43;FUERA DE VIAJE;7
ColpetroleumRsu8;2025-12-08 10:03:35;MN-48;0;400,21;FUERA DE VIAJE;7
ColpetroleumRsu8;2025-12-08 10:03:39;MN-48;0;435;FUERA DE VIAJE;7
ColpetroleumRsu8;2025-12-08 10:03:43;MN-48;0;374,51;FUERA DE VIAJE;7
ColpetroleumRsu8;2025-12-08 10:03:47;MN-48;0;401,78;FUERA DE VIAJE;7
ColpetroleumRsu8;2025-12-08 10:03:51;MN-48;0;386,74;FUERA DE VIAJE;7
ColpetroleumRsu8;2025-12-08 10:03:55;MN-48;0;411,5;FUERA DE VIAJE;7
ColpetroleumRsu8;2025-12-08 10:03:59;MN-48;0;411,81;FUERA DE VIAJE;7
ColpetroleumRsu8;2025-12-08 10:04:03;MN-48;0;367,31;FUERA DE VIAJE;7
ColpetroleumRsu8;2025-12-08 10:04:07;MN-48;0;429,67;FUERA DE VIAJE;7
ColpetroleumRsu8;2025-12-08 10:04:11;MN-48;0;404,6;FUERA DE VIAJE;7
ColpetroleumRsu8;2025-12-08 10:04:15;MN-48;0;419,33;FUERA DE VIAJE;7
ColpetroleumRsu8;2025-12-08 10:04:19;MN-48;0;394,89;FUERA DE VIAJE;7
ColpetroleumRsu8;2025-12-08 10:04:23;MN-48;0;444,4;FUERA DE VIAJE;7
ColpetroleumRsu8;2025-12-08 10:04:27;MN-48;0;451,3;FUERA DE VIAJE;7
ColpetroleumRsu8;2025-12-08 10:04:31;MN-48;0;460,07;FUERA DE VIAJE;7
ColpetroleumRsu8;2025-12-08 10:04:35;MN-48;0;460,7;FUERA DE VIAJE;7
ColpetroleumRsu8;2025-12-08 10:04:39;MN-48;0;481,7;FUERA DE VIAJE;7
ColpetroleumRsu8;2025-12-08 10:04:43;MN-48;0;491,41;FUERA DE VIAJE;7
ColpetroleumRsu8;2025-12-08 10:04:47;MN-48;0;409,93;FUERA DE VIAJE;7
ColpetroleumRsu8;2025-12-08 10:04:51;MN-48;0;408,05;FUERA DE VIAJE;7
ColpetroleumRsu8;2025-12-08 10:04:55;MN-48;0;483,26;FUERA DE VIAJE;7
ColpetroleumRsu8;2025-12-08 10:04:59;MN-48;0;448,48;FUERA DE VIAJE;7
ColpetroleumRsu8;2025-12-08 10:05:03;MN-48;0;418,7;FUERA DE VIAJE;7
ColpetroleumRsu8;2025-12-08 10:05:07;MN-48;0;478,88;FUERA DE VIAJE;7
ColpetroleumRsu8;2025-12-08 10:05:11;MN-48;0;484,83;FUERA DE VIAJE;7
ColpetroleumRsu8;2025-12-08 10:05:15;MN-48;0;530,27;FUERA DE VIAJE;7
ColpetroleumRsu8;2025-12-08 10:05:19;MN-48;0;491,1;FUERA DE VIAJE;7
ColpetroleumRsu8;2025-12-08 10:05:23;MN-48;0;471,98;FUERA DE VIAJE;7
ColpetroleumRsu8;2025-12-08 10:05:27;MN-48;0;485,14;FUERA DE VIAJE;7
ColpetroleumRsu8;2025-12-08 10:05:31;MN-48;0;518,99;FUERA DE VIAJE;7
ColpetroleumRsu8;2025-12-08 10:05:35;MN-48;0;496,74;FUERA DE VIAJE;7
ColpetroleumRsu8;2025-12-08 10:05:39;MN-48;0;474,8;FUERA DE VIAJE;7
ColpetroleumRsu8;2025-12-08 10:05:43;MN-48;0;487,34;FUERA DE VIAJE;7
ColpetroleumRsu8;2025-12-08 10:05:47;MN-48;0;470,73;FUERA DE VIAJE;7
ColpetroleumRsu8;2025-12-08 10:05:51;MN-48;0;478,25;FUERA DE VIAJE;7
ColpetroleumRsu8;2025-12-08 10:05:55;MN-48;0;496,11;FUERA DE VIAJE;7
ColpetroleumRsu8;2025-12-08 10:05:59;MN-48;0;565,06;FUERA DE VIAJE;7
ColpetroleumRsu8;2025-12-08 10:06:03;MN-48;0;543,44;FUERA DE VIAJE;7
ColpetroleumRsu8;2025-12-08 10:06:07;MN-48;0;494,23;FUERA DE VIAJE;7
ColpetroleumRsu8;2025-12-08 10:06:11;MN-48;0;539,99;FUERA DE VIAJE;7
ColpetroleumRsu8;2025-12-08 10:06:15;MN-48;0;515,54;FUERA DE VIAJE;7
ColpetroleumRsu8;2025-12-08 10:06:19;MN-48;0;490,47;FUERA DE VIAJE;7
ColpetroleumRsu8;2025-12-08 10:06:23;MN-48;0;427,79;FUERA DE VIAJE;7
ColpetroleumRsu8;2025-12-08 10:06:27;MN-48;0;505,2;FUERA DE VIAJE;7
ColpetroleumRsu8;2025-12-08 10:06:31;MN-48;0;527,77;FUERA DE VIAJE;7
ColpetroleumRsu8;2025-12-08 10:06:35;MN-48;0;467,28;FUERA DE VIAJE;7
ColpetroleumRsu8;2025-12-08 10:06:39;MN-48;0;519,62;FUERA DE VIAJE;7
ColpetroleumRsu8;2025-12-08 10:06:43;MN-48;0;525,57;FUERA DE VIAJE;7
ColpetroleumRsu8;2025-12-08 10:06:47;MN-48;0;540,3;FUERA DE VIAJE;7
ColpetroleumRsu8;2025-12-08 10:06:51;MN-48;0;477,31;FUERA DE VIAJE;7
ColpetroleumRsu8;2025-12-08 10:06:55;MN-48;0;531,21;FUERA DE VIAJE;7
ColpetroleumRsu8;2025-12-08 10:06:59;MN-48;0;554,72;FUERA DE VIAJE;7
ColpetroleumRsu8;2025-12-08 10:07:03;MN-48;0;523,38;FUERA DE VIAJE;7
ColpetroleumRsu8;2025-12-08 10:07:07;MN-48;0;481,38;FUERA DE VIAJE;7
ColpetroleumRsu8;2025-12-08 10:07:11;MN-48;0;468,85;FUERA DE VIAJE;7
ColpetroleumRsu8;2025-12-08 10:07:15;MN-48;0;506,46;FUERA DE VIAJE;7
ColpetroleumRsu8;2025-12-08 10:07:19;MN-48;0;508,34;FUERA DE VIAJE;7
ColpetroleumRsu8;2025-12-08 10:07:23;MN-48;0;488,28;FUERA DE VIAJE;7
ColpetroleumRsu8;2025-12-08 10:07:27;MN-48;0;516,8;FUERA DE VIAJE;7
ColpetroleumRsu8;2025-12-08 10:07:31;MN-48;0;551,59;FUERA DE VIAJE;7
ColpetroleumRsu8;2025-12-08 10:07:35;MN-48;0;471,04;FUERA DE VIAJE;7
ColpetroleumRsu8;2025-12-08 10:07:39;MN-48;0;487,03;FUERA DE VIAJE;7
ColpetroleumRsu8;2025-12-08 10:07:43;MN-48;0;560,36;FUERA DE VIAJE;7
ColpetroleumRsu8;2025-12-08 10:07:47;MN-48;0;581,67;FUERA DE VIAJE;7
ColpetroleumRsu8;2025-12-08 10:07:51;MN-48;0;536,54;FUERA DE VIAJE;7
ColpetroleumRsu8;2025-12-08 10:07:55;MN-48;0;526,83;FUERA DE VIAJE;7
ColpetroleumRsu8;2025-12-08 10:07:59;MN-48;0;568,2;FUERA DE VIAJE;7
ColpetroleumRsu8;2025-12-08 10:08:03;MN-48;0;556,6;FUERA DE VIAJE;7
ColpetroleumRsu8;2025-12-08 10:08:07;MN-48;0;688,54;FUERA DE VIAJE;7
ColpetroleumRsu8;2025-12-08 10:08:11;MN-48;0;726,78;FUERA DE VIAJE;7
ColpetroleumRsu8;2025-12-08 10:08:15;MN-48;0;658,77;FUERA DE VIAJE;7
ColpetroleumRsu8;2025-12-08 10:08:19;MN-48;0;671,62;FUERA DE VIAJE;7
ColpetroleumRsu8;2025-12-08 10:08:23;MN-48;0;710,17;FUERA DE VIAJE;7
ColpetroleumRsu8;2025-12-08 10:08:27;MN-48;0;653,13;FUERA DE VIAJE;7
ColpetroleumRsu8;2025-12-08 10:08:31;MN-48;0;726,15;FUERA DE VIAJE;7
ColpetroleumRsu8;2025-12-08 10:08:35;MN-48;0;643,1;FUERA DE VIAJE;7
ColpetroleumRsu8;2025-12-08 10:08:39;MN-48;0;725,84;FUERA DE VIAJE;7
ColpetroleumRsu8;2025-12-08 10:08:43;MN-48;0;758,12;FUERA DE VIAJE;7
ColpetroleumRsu8;2025-12-08 10:08:47;MN-48;0;691,36;FUERA DE VIAJE;7
ColpetroleumRsu8;2025-12-08 10:08:51;MN-48;0;723,33;FUERA DE VIAJE;7
ColpetroleumRsu8;2025-12-08 10:08:55;MN-48;0;722,7;FUERA DE VIAJE;7
ColpetroleumRsu8;2025-12-08 10:08:59;MN-48;0;705,15;FUERA DE VIAJE;7
ColpetroleumRsu8;2025-12-08 10:09:03;MN-48;0;655,32;FUERA DE VIAJE;7
ColpetroleumRsu8;2025-12-08 10:09:07;MN-48;0;670,99;FUERA DE VIAJE;7
ColpetroleumRsu8;2025-12-08 10:09:11;MN-48;0;741,51;FUERA DE VIAJE;7
ColpetroleumRsu8;2025-12-08 10:09:15;MN-48;0;666,92;FUERA DE VIAJE;7
ColpetroleumRsu8;2025-12-08 10:09:19;MN-48;0;708,29;FUERA DE VIAJE;7
ColpetroleumRsu8;2025-12-08 10:09:23;MN-48;0;727,09;FUERA DE VIAJE;7
ColpetroleumRsu8;2025-12-08 10:09:27;MN-48;0;801,68;FUERA DE VIAJE;7
ColpetroleumRsu8;2025-12-08 10:09:31;MN-48;0;808,57;FUERA DE VIAJE;7
ColpetroleumRsu8;2025-12-08 10:09:35;MN-48;0;735,24;FUERA DE VIAJE;7
ColpetroleumRsu8;2025-12-08 10:09:39;MN-48;0;787,89;FUERA DE VIAJE;7
ColpetroleumRsu8;2025-12-08 10:09:43;MN-48;0;843,05;FUERA DE VIAJE;7
ColpetroleumRsu8;2025-12-08 10:09:47;MN-48;0;764,7;FUERA DE VIAJE;7
ColpetroleumRsu8;2025-12-08 10:09:51;MN-48;0;806,69;FUERA DE VIAJE;7
ColpetroleumRsu8;2025-12-08 10:09:55;MN-48;0;726,46;FUERA DE VIAJE;7
ColpetroleumRsu8;2025-12-08 10:09:59;MN-48;0;809,51;FUERA DE VIAJE;7
ColpetroleumRsu8;2025-12-08 10:10:03;MN-48;0;818,29;FUERA DE VIAJE;7
ColpetroleumRsu8;2025-12-08 10:10:07;MN-48;0;758,43;FUERA DE VIAJE;7
ColpetroleumRsu8;2025-12-08 10:10:11;MN-48;0;791,96;FUERA DE VIAJE;7
ColpetroleumRsu8;2025-12-08 10:10:15;MN-48;0;730,54;FUERA DE VIAJE;7
ColpetroleumRsu8;2025-12-08 10:10:19;MN-48;0;857,15;FUERA DE VIAJE;7
ColpetroleumRsu8;2025-12-08 10:10:23;MN-48;0;756,24;FUERA DE VIAJE;7
ColpetroleumRsu8;2025-12-08 10:10:27;MN-48;0;794,16;FUERA DE VIAJE;7
ColpetroleumRsu8;2025-12-08 10:10:31;MN-48;0;740,25;FUERA DE VIAJE;7
ColpetroleumRsu8;2025-12-08 10:10:35;MN-48;0;835,53;FUERA DE VIAJE;7
ColpetroleumRsu8;2025-12-08 10:10:39;MN-48;0;830,51;FUERA DE VIAJE;7
ColpetroleumRsu8;2025-12-08 10:10:43;MN-48;0;752,16;FUERA DE VIAJE;7
ColpetroleumRsu8;2025-12-08 10:10:47;MN-48;0;836,15;FUERA DE VIAJE;7
ColpetroleumRsu8;2025-12-08 10:10:51;MN-48;0;746,83;FUERA DE VIAJE;7
ColpetroleumRsu8;2025-12-08 10:10:55;MN-48;0;821,74;FUERA DE VIAJE;7
ColpetroleumRsu8;2025-12-08 10:10:59;MN-48;0;829,89;FUERA DE VIAJE;7
ColpetroleumRsu8;2025-12-08 10:11:03;MN-48;0;777,86;FUERA DE VIAJE;7
ColpetroleumRsu8;2025-12-08 10:11:07;MN-48;0;754,04;FUERA DE VIAJE;7
ColpetroleumRsu8;2025-12-08 10:11:11;MN-48;0;750,28;FUERA DE VIAJE;7
ColpetroleumRsu8;2025-12-08 10:11:15;MN-48;0;829,89;FUERA DE VIAJE;7
ColpetroleumRsu8;2025-12-08 10:11:19;MN-48;0;750,28;FUERA DE VIAJE;7
ColpetroleumRsu8;2025-12-08 10:11:23;MN-48;0;801,05;FUERA DE VIAJE;7
ColpetroleumRsu8;2025-12-08 10:11:27;MN-48;0;746,83;FUERA DE VIAJE;7
ColpetroleumRsu8;2025-12-08 10:11:31;MN-48;0;814,22;FUERA DE VIAJE;7
ColpetroleumRsu8;2025-12-08 10:11:35;MN-48;0;855,58;FUERA DE VIAJE;7
ColpetroleumRsu8;2025-12-08 10:11:39;MN-48;0;751,85;FUERA DE VIAJE;7
ColpetroleumRsu8;2025-12-08 10:11:43;MN-48;0;852,45;FUERA DE VIAJE;7
ColpetroleumRsu8;2025-12-08 10:11:47;MN-48;0;733,36;FUERA DE VIAJE;7
ColpetroleumRsu8;2025-12-08 10:11:51;MN-48;0;892,57;FUERA DE VIAJE;7
ColpetroleumRsu8;2025-12-08 10:11:55;MN-48;0;808,57;FUERA DE VIAJE;7
ColpetroleumRsu8;2025-12-08 10:11:59;MN-48;0;807,01;FUERA DE VIAJE;7
ColpetroleumRsu8;2025-12-08 10:12:03;MN-48;0;840,54;FUERA DE VIAJE;7
ColpetroleumRsu8;2025-12-08 10:12:07;MN-48;0;791,65;FUERA DE VIAJE;7
ColpetroleumRsu8;2025-12-08 10:12:11;MN-48;0;832,71;FUERA DE VIAJE;7
ColpetroleumRsu8;2025-12-08 10:12:15;MN-48;0;781,62;FUERA DE VIAJE;7
ColpetroleumRsu8;2025-12-08 10:12:19;MN-48;0;833,02;FUERA DE VIAJE;7
ColpetroleumRsu8;2025-12-08 10:12:23;MN-48;0;766,58;FUERA DE VIAJE;7
ColpetroleumRsu8;2025-12-08 10:12:27;MN-48;0;846,18;FUERA DE VIAJE;7
ColpetroleumRsu8;2025-12-08 10:12:31;MN-48;0;862,79;FUERA DE VIAJE;7
ColpetroleumRsu8;2025-12-08 10:12:35;MN-48;0;745,27;FUERA DE VIAJE;7
ColpetroleumRsu8;2025-12-08 10:12:39;MN-48;0;826,44;FUERA DE VIAJE;7
ColpetroleumRsu8;2025-12-08 10:12:43;MN-48;0;773,79;FUERA DE VIAJE;7
ColpetroleumRsu8;2025-12-08 10:12:47;MN-48;0;892,57;FUERA DE VIAJE;7
ColpetroleumRsu8;2025-12-08 10:12:51;MN-48;0;787,26;FUERA DE VIAJE;7
ColpetroleumRsu8;2025-12-08 10:12:55;MN-48;0;832,39;FUERA DE VIAJE;7
ColpetroleumRsu8;2025-12-08 10:12:59;MN-48;0;770,03;FUERA DE VIAJE;7
ColpetroleumRsu8;2025-12-08 10:13:03;MN-48;0;839,29;FUERA DE VIAJE;7
ColpetroleumRsu8;2025-12-08 10:13:07;MN-48;0;883,48;FUERA DE VIAJE;7
ColpetroleumRsu8;2025-12-08 10:13:11;MN-48;0;791,65;FUERA DE VIAJE;7
ColpetroleumRsu8;2025-12-08 10:13:15;MN-48;0;855,27;FUERA DE VIAJE;7
ColpetroleumRsu8;2025-12-08 10:13:19;MN-48;0;754,04;FUERA DE VIAJE;7
ColpetroleumRsu8;2025-12-08 10:13:23;MN-48;0;866,87;FUERA DE VIAJE;7
ColpetroleumRsu8;2025-12-08 10:13:27;MN-48;0;837,41;FUERA DE VIAJE;7
ColpetroleumRsu8;2025-12-08 10:13:31;MN-48;0;834,27;FUERA DE VIAJE;7
ColpetroleumRsu8;2025-12-08 10:13:35;MN-48;0;861,23;FUERA DE VIAJE;7
ColpetroleumRsu8;2025-12-08 10:13:39;MN-48;0;810,14;FUERA DE VIAJE;7
ColpetroleumRsu8;2025-12-08 10:13:43;MN-48;0;876,9;FUERA DE VIAJE;7
ColpetroleumRsu8;2025-12-08 10:13:47;MN-48;0;801,37;FUERA DE VIAJE;7
ColpetroleumRsu8;2025-12-08 10:13:51;MN-48;0;859,35;FUERA DE VIAJE;7
ColpetroleumRsu8;2025-12-08 10:13:55;MN-48;0;789,14;FUERA DE VIAJE;7
ColpetroleumRsu8;2025-12-08 10:13:59;MN-48;0;871,88;FUERA DE VIAJE;7
ColpetroleumRsu8;2025-12-08 10:14:03;MN-48;0;889,43;FUERA DE VIAJE;7
ColpetroleumRsu8;2025-12-08 10:14:07;MN-48;0;770,34;FUERA DE VIAJE;7
ColpetroleumRsu8;2025-12-08 10:14:11;MN-48;0;803,56;FUERA DE VIAJE;7
ColpetroleumRsu8;2025-12-08 10:14:15;MN-48;0;752,79;FUERA DE VIAJE;7
ColpetroleumRsu8;2025-12-08 10:14:19;MN-48;0;925,79;FUERA DE VIAJE;7
ColpetroleumRsu8;2025-12-08 10:14:23;MN-48;0;802,93;FUERA DE VIAJE;7
ColpetroleumRsu8;2025-12-08 10:14:27;MN-48;0;854,02;FUERA DE VIAJE;7
ColpetroleumRsu8;2025-12-08 10:14:31;MN-48;0;799,17;FUERA DE VIAJE;7
ColpetroleumRsu8;2025-12-08 10:14:35;MN-48;0;863,73;FUERA DE VIAJE;7
ColpetroleumRsu8;2025-12-08 10:14:39;MN-48;0;906,98;FUERA DE VIAJE;7
ColpetroleumRsu8;2025-12-08 10:14:43;MN-48;0;815,47;FUERA DE VIAJE;7
ColpetroleumRsu8;2025-12-08 10:14:47;MN-48;0;881,91;FUERA DE VIAJE;7
ColpetroleumRsu8;2025-12-08 10:14:51;MN-48;0;781,62;FUERA DE VIAJE;7
ColpetroleumRsu8;2025-12-08 10:14:55;MN-48;0;946,47;FUERA DE VIAJE;7
ColpetroleumRsu8;2025-12-08 10:14:59;MN-48;0;869,37;FUERA DE VIAJE;7
ColpetroleumRsu8;2025-12-08 10:15:03;MN-48;0;856,53;FUERA DE VIAJE;7
ColpetroleumRsu8;2025-12-08 10:15:07;MN-48;0;886,3;FUERA DE VIAJE;7
ColpetroleumRsu8;2025-12-08 10:15:11;MN-48;0;838,35;FUERA DE VIAJE;7
ColpetroleumRsu8;2025-12-08 10:15:15;MN-48;0;899,46;FUERA DE VIAJE;7
ColpetroleumRsu8;2025-12-08 10:15:19;MN-48;0;834,59;FUERA DE VIAJE;7
ColpetroleumRsu8;2025-12-08 10:15:23;MN-48;0;882,54;FUERA DE VIAJE;7
ColpetroleumRsu8;2025-12-08 10:15:27;MN-48;0;812,34;FUERA DE VIAJE;7
ColpetroleumRsu8;2025-12-08 10:15:31;MN-48;0;835,53;FUERA DE VIAJE;7
ColpetroleumRsu8;2025-12-08 10:15:35;MN-48;0;922,97;FUERA DE VIAJE;7
ColpetroleumRsu8;2025-12-08 10:15:39;MN-48;0;789,46;FUERA DE VIAJE;7
ColpetroleumRsu8;2025-12-08 10:15:43;MN-48;0;861,54;FUERA DE VIAJE;7
ColpetroleumRsu8;2025-12-08 10:15:47;MN-48;0;781,62;FUERA DE VIAJE;7
ColpetroleumRsu8;2025-12-08 10:15:51;MN-48;0;938,64;FUERA DE VIAJE;7
ColpetroleumRsu8;2025-12-08 10:15:55;MN-48;0;866,87;FUERA DE VIAJE;7
ColpetroleumRsu8;2025-12-08 10:15:59;MN-48;0;879,72;FUERA DE VIAJE;7
ColpetroleumRsu8;2025-12-08 10:16:03;MN-48;0;936,44;FUERA DE VIAJE;7
ColpetroleumRsu8;2025-12-08 10:16:07;MN-48;0;840,54;FUERA DE VIAJE;7
ColpetroleumRsu8;2025-12-08 10:16:11;MN-48;0;882,54;FUERA DE VIAJE;7
ColpetroleumRsu8;2025-12-08 10:16:15;MN-48;0;862,48;FUERA DE VIAJE;7
ColpetroleumRsu8;2025-12-08 10:16:19;MN-48;0;881,91;FUERA DE VIAJE;7
ColpetroleumRsu8;2025-12-08 10:16:23;MN-48;0;881,91;FUERA DE VIAJE;7
ColpetroleumRsu8;2025-12-08 10:16:27;MN-48;0;889,43;FUERA DE VIAJE;7
ColpetroleumRsu8;2025-12-08 10:16:31;MN-48;0;906,04;FUERA DE VIAJE;7
ColpetroleumRsu8;2025-12-08 10:16:35;MN-48;0;838,66;FUERA DE VIAJE;7
ColpetroleumRsu8;2025-12-08 10:16:39;MN-48;0;893,82;FUERA DE VIAJE;7
ColpetroleumRsu8;2025-12-08 10:16:43;MN-48;0;939,26;FUERA DE VIAJE;7
ColpetroleumRsu8;2025-12-08 10:16:47;MN-48;0;540,3;FUERA DE VIAJE;7
ColpetroleumRsu8;2025-12-08 10:16:51;MN-48;0;96,84;FUERA DE VIAJE;7
ColpetroleumRsu8;2025-12-08 10:16:55;MN-48;0;341,92;FUERA DE VIAJE;7
ColpetroleumRsu8;2025-12-08 10:16:59;MN-48;0;250,72;FUERA DE VIAJE;7
ColpetroleumRsu8;2025-12-08 10:17:03;MN-48;0;328,44;FUERA DE VIAJE;7
ColpetroleumRsu8;2025-12-08 10:17:07;MN-48;0;353,83;FUERA DE VIAJE;7
ColpetroleumRsu8;2025-12-08 10:17:11;MN-48;0;443,15;FUERA DE VIAJE;7
ColpetroleumRsu8;2025-12-08 10:17:15;MN-48;0;436,25;FUERA DE VIAJE;7
ColpetroleumRsu8;2025-12-08 10:17:19;MN-48;0;604,24;FUERA DE VIAJE;7
ColpetroleumRsu8;2025-12-08 10:17:23;MN-48;0;466,65;FUERA DE VIAJE;7
ColpetroleumRsu8;2025-12-08 10:17:27;MN-48;0;381,41;FUERA DE VIAJE;7
ColpetroleumRsu8;2025-12-08 10:17:31;MN-48;0;607,06;FUERA DE VIAJE;7
ColpetroleumRsu8;2025-12-08 10:17:35;MN-48;0;680,71;FUERA DE VIAJE;7
ColpetroleumRsu8;2025-12-08 10:17:39;MN-48;0;663,78;FUERA DE VIAJE;7
ColpetroleumRsu8;2025-12-08 10:17:43;MN-48;0;712,36;FUERA DE VIAJE;7
ColpetroleumRsu8;2025-12-08 10:17:47;MN-48;0;627,43;FUERA DE VIAJE;7
ColpetroleumRsu8;2025-12-08 10:17:51;MN-48;0;640,59;FUERA DE VIAJE;7
ColpetroleumRsu8;2025-12-08 10:17:55;MN-48;0;727,72;FUERA DE VIAJE;7
ColpetroleumRsu8;2025-12-08 10:17:59;MN-48;0;654,69;FUERA DE VIAJE;7
ColpetroleumRsu8;2025-12-08 10:18:03;MN-48;0;676,95;FUERA DE VIAJE;7
ColpetroleumRsu8;2025-12-08 10:18:07;MN-48;0;745,27;FUERA DE VIAJE;7
ColpetroleumRsu8;2025-12-08 10:18:11;MN-48;0;681,96;FUERA DE VIAJE;7
ColpetroleumRsu8;2025-12-08 10:18:15;MN-48;0;784,13;FUERA DE VIAJE;7
ColpetroleumRsu8;2025-12-08 10:18:19;MN-48;0;766,58;FUERA DE VIAJE;7
ColpetroleumRsu8;2025-12-08 10:18:23;MN-48;0;687,6;FUERA DE VIAJE;7
ColpetroleumRsu8;2025-12-08 10:18:27;MN-48;0;745,58;FUERA DE VIAJE;7
ColpetroleumRsu8;2025-12-08 10:18:31;MN-48;0;798,23;FUERA DE VIAJE;7
ColpetroleumRsu8;2025-12-08 10:18:35;MN-48;0;717,06;FUERA DE VIAJE;7
ColpetroleumRsu8;2025-12-08 10:18:39;MN-48;0;760,31;FUERA DE VIAJE;7
ColpetroleumRsu8;2025-12-08 10:18:43;MN-48;0;752,16;FUERA DE VIAJE;7
ColpetroleumRsu8;2025-12-08 10:18:47;MN-48;0;738,06;FUERA DE VIAJE;7
ColpetroleumRsu8;2025-12-08 10:18:51;MN-48;0;739,63;FUERA DE VIAJE;7
ColpetroleumRsu8;2025-12-08 10:18:55;MN-48;0;755,61;FUERA DE VIAJE;7
ColpetroleumRsu8;2025-12-08 10:18:59;MN-48;0;825,5;FUERA DE VIAJE;7
ColpetroleumRsu8;2025-12-08 10:19:03;MN-48;0;859,35;FUERA DE VIAJE;7
ColpetroleumRsu8;2025-12-08 10:19:07;MN-48;0;856,84;FUERA DE VIAJE;7
ColpetroleumRsu8;2025-12-08 10:19:11;MN-48;0;753,42;FUERA DE VIAJE;7
ColpetroleumRsu8;2025-12-08 10:19:15;MN-48;0;779,43;FUERA DE VIAJE;7
ColpetroleumRsu8;2025-12-08 10:19:19;MN-48;0;807,32;FUERA DE VIAJE;7
ColpetroleumRsu8;2025-12-08 10:19:23;MN-48;0;871,88;FUERA DE VIAJE;7
ColpetroleumRsu8;2025-12-08 10:19:27;MN-48;0;806,07;FUERA DE VIAJE;7
ColpetroleumRsu8;2025-12-08 10:19:31;MN-48;0;766,89;FUERA DE VIAJE;7
ColpetroleumRsu8;2025-12-08 10:19:35;MN-48;0;877,84;FUERA DE VIAJE;7
ColpetroleumRsu8;2025-12-08 10:19:39;MN-48;0;886,92;FUERA DE VIAJE;7
ColpetroleumRsu8;2025-12-08 10:19:43;MN-48;0;894,13;FUERA DE VIAJE;7
ColpetroleumRsu8;2025-12-08 10:19:47;MN-48;0;848,06;FUERA DE VIAJE;7
ColpetroleumRsu8;2025-12-08 10:19:51;MN-48;0;798,55;FUERA DE VIAJE;7
ColpetroleumRsu8;2025-12-08 10:19:55;MN-48;0;920,77;FUERA DE VIAJE;7
ColpetroleumRsu8;2025-12-08 10:19:59;MN-48;0;899,46;FUERA DE VIAJE;7
ColpetroleumRsu8;2025-12-08 10:20:03;MN-48;0;828,01;FUERA DE VIAJE;7
ColpetroleumRsu8;2025-12-08 10:20:07;MN-48;0;868,43;FUERA DE VIAJE;7
ColpetroleumRsu8;2025-12-08 10:20:11;MN-48;0;797,29;FUERA DE VIAJE;7
ColpetroleumRsu8;2025-12-08 10:20:15;MN-48;0;890,69;FUERA DE VIAJE;7
ColpetroleumRsu8;2025-12-08 10:20:19;MN-48;0;906,67;FUERA DE VIAJE;7
ColpetroleumRsu8;2025-12-08 10:20:23;MN-48;0;884,42;FUERA DE VIAJE;7
ColpetroleumRsu8;2025-12-08 10:20:27;MN-48;0;853,7;FUERA DE VIAJE;7
ColpetroleumRsu8;2025-12-08 10:20:31;MN-48;0;897,58;FUERA DE VIAJE;7
ColpetroleumRsu8;2025-12-08 10:20:35;MN-48;0;894,76;FUERA DE VIAJE;7
ColpetroleumRsu8;2025-12-08 10:20:39;MN-48;0;878,78;FUERA DE VIAJE;7
ColpetroleumRsu8;2025-12-08 10:20:43;MN-48;0;803,56;FUERA DE VIAJE;7
ColpetroleumRsu8;2025-12-08 10:20:47;MN-48;0;901,97;FUERA DE VIAJE;7
ColpetroleumRsu8;2025-12-08 10:20:51;MN-48;0;851,2;FUERA DE VIAJE;7
ColpetroleumRsu8;2025-12-08 10:20:55;MN-48;0;934,88;FUERA DE VIAJE;7
ColpetroleumRsu8;2025-12-08 10:20:59;MN-48;0;926,41;FUERA DE VIAJE;7
ColpetroleumRsu8;2025-12-08 10:21:03;MN-48;0;858,72;FUERA DE VIAJE;7
ColpetroleumRsu8;2025-12-08 10:21:07;MN-48;0;907,92;FUERA DE VIAJE;7
ColpetroleumRsu8;2025-12-08 10:21:11;MN-48;0;918,89;FUERA DE VIAJE;7
ColpetroleumRsu8;2025-12-08 10:21:15;MN-48;0;915,13;FUERA DE VIAJE;7
ColpetroleumRsu8;2025-12-08 10:21:19;MN-48;0;936,13;FUERA DE VIAJE;7
ColpetroleumRsu8;2025-12-08 10:21:23;MN-48;0;945,53;FUERA DE VIAJE;7
ColpetroleumRsu8;2025-12-08 10:21:27;MN-48;0;883,16;FUERA DE VIAJE;7
ColpetroleumRsu8;2025-12-08 10:21:31;MN-48;0;887,55;FUERA DE VIAJE;7
ColpetroleumRsu8;2025-12-08 10:21:35;MN-48;0;948,35;FUERA DE VIAJE;7
ColpetroleumRsu8;2025-12-08 10:21:39;MN-48;0;892,25;FUERA DE VIAJE;7
ColpetroleumRsu8;2025-12-08 10:21:43;MN-48;0;855,9;FUERA DE VIAJE;7
ColpetroleumRsu8;2025-12-08 10:21:47;MN-48;0;929,55;FUERA DE VIAJE;7
ColpetroleumRsu8;2025-12-08 10:21:51;MN-48;0;853,39;FUERA DE VIAJE;7
ColpetroleumRsu8;2025-12-08 10:21:55;MN-48;0;946,47;FUERA DE VIAJE;7
ColpetroleumRsu8;2025-12-08 10:21:59;MN-48;0;949,61;FUERA DE VIAJE;7
ColpetroleumRsu8;2025-12-08 10:22:03;MN-48;0;897,89;FUERA DE VIAJE;7
ColpetroleumRsu8;2025-12-08 10:22:07;MN-48;0;934,56;FUERA DE VIAJE;7
ColpetroleumRsu8;2025-12-08 10:22:11;MN-48;0;946,16;FUERA DE VIAJE;7
ColpetroleumRsu8;2025-12-08 10:22:15;MN-48;0;929,55;FUERA DE VIAJE;7
ColpetroleumRsu8;2025-12-08 10:22:19;MN-48;0;939,89;FUERA DE VIAJE;7
ColpetroleumRsu8;2025-12-08 10:22:23;MN-48;0;947,72;FUERA DE VIAJE;7
ColpetroleumRsu8;2025-12-08 10:22:27;MN-48;0;960,26;FUERA DE VIAJE;7
ColpetroleumRsu8;2025-12-08 10:22:31;MN-48;0;885,36;FUERA DE VIAJE;7
ColpetroleumRsu8;2025-12-08 10:22:35;MN-48;0;944,59;FUERA DE VIAJE;7
ColpetroleumRsu8;2025-12-08 10:22:39;MN-48;0;987,53;FUERA DE VIAJE;7
ColpetroleumRsu8;2025-12-08 10:22:43;MN-48;0;897,58;FUERA DE VIAJE;7
ColpetroleumRsu8;2025-12-08 10:22:47;MN-48;0;954,62;FUERA DE VIAJE;7
ColpetroleumRsu8;2025-12-08 10:22:51;MN-48;0;856,21;FUERA DE VIAJE;7
ColpetroleumRsu8;2025-12-08 10:22:55;MN-48;0;907,61;FUERA DE VIAJE;7
ColpetroleumRsu8;2025-12-08 10:22:59;MN-48;0;969,98;FUERA DE VIAJE;7
ColpetroleumRsu8;2025-12-08 10:23:03;MN-48;0;844,3;FUERA DE VIAJE;7
ColpetroleumRsu8;2025-12-08 10:23:07;MN-48;0;922,65;FUERA DE VIAJE;7
ColpetroleumRsu8;2025-12-08 10:23:11;MN-48;0;933,94;FUERA DE VIAJE;7
ColpetroleumRsu8;2025-12-08 10:23:15;MN-48;0;959,63;FUERA DE VIAJE;7
ColpetroleumRsu8;2025-12-08 10:23:19;MN-48;0;963,08;FUERA DE VIAJE;7
ColpetroleumRsu8;2025-12-08 10:23:23;MN-48;0;855,58;FUERA DE VIAJE;7
ColpetroleumRsu8;2025-12-08 10:23:27;MN-48;0,42;983,77;FUERA DE VIAJE;7
ColpetroleumRsu8;2025-12-08 10:23:31;MN-48;0,42;901,03;FUERA DE VIAJE;7
ColpetroleumRsu8;2025-12-08 10:23:35;MN-48;0,42;890,69;FUERA DE VIAJE;7
ColpetroleumRsu8;2025-12-08 10:23:39;MN-48;0,42;911,37;FUERA DE VIAJE;7
ColpetroleumRsu8;2025-12-08 10:23:43;MN-48;0,42;934,25;FUERA DE VIAJE;7
ColpetroleumRsu8;2025-12-08 10:23:47;MN-48;0;986,9;FUERA DE VIAJE;7
ColpetroleumRsu8;2025-12-08 10:23:51;MN-48;0;869,69;FUERA DE VIAJE;7
ColpetroleumRsu8;2025-12-08 10:23:55;MN-48;0;973,74;FUERA DE VIAJE;7
ColpetroleumRsu8;2025-12-08 10:23:59;MN-48;0;996,62;FUERA DE VIAJE;7
ColpetroleumRsu8;2025-12-08 10:24:03;MN-48;0;903,22;FUERA DE VIAJE;7
ColpetroleumRsu8;2025-12-08 10:24:07;MN-48;0;951,49;FUERA DE VIAJE;7
ColpetroleumRsu8;2025-12-08 10:24:11;MN-48;0;866,55;FUERA DE VIAJE;7
ColpetroleumRsu8;2025-12-08 10:24:15;MN-48;1,52;975,3;FUERA DE VIAJE;7
ColpetroleumRsu8;2025-12-08 10:24:19;MN-48;2,91;968,72;FUERA DE VIAJE;7
ColpetroleumRsu8;2025-12-08 10:24:23;MN-48;2,86;881,28;FUERA DE VIAJE;7
ColpetroleumRsu8;2025-12-08 10:24:27;MN-48;2,86;972,8;FUERA DE VIAJE;7
ColpetroleumRsu8;2025-12-08 10:24:31;MN-48;2,86;930,17;FUERA DE VIAJE;7
ColpetroleumRsu8;2025-12-08 10:24:35;MN-48;2,86;913,56;FUERA DE VIAJE;7
ColpetroleumRsu8;2025-12-08 10:24:39;MN-48;2,86;935,82;FUERA DE VIAJE;7
ColpetroleumRsu8;2025-12-08 10:24:43;MN-48;2,86;949,29;FUERA DE VIAJE;7
ColpetroleumRsu8;2025-12-08 10:24:47;MN-48;2,91;962,14;FUERA DE VIAJE;7
ColpetroleumRsu8;2025-12-08 10:24:51;MN-48;2,91;886,3;FUERA DE VIAJE;7
ColpetroleumRsu8;2025-12-08 10:24:55;MN-48;2,86;901,65;FUERA DE VIAJE;7
ColpetroleumRsu8;2025-12-08 10:24:59;MN-48;2,86;1028,58;FUERA DE VIAJE;7
ColpetroleumRsu8;2025-12-08 10:25:03;MN-48;2,86;919,52;FUERA DE VIAJE;7
ColpetroleumRsu8;2025-12-08 10:25:07;MN-48;2,91;964,02;FUERA DE VIAJE;7
ColpetroleumRsu8;2025-12-08 10:25:11;MN-48;2,91;1007,27;FUERA DE VIAJE;7
ColpetroleumRsu8;2025-12-08 10:25:15;MN-48;2,91;874,39;FUERA DE VIAJE;7
ColpetroleumRsu8;2025-12-08 10:25:19;MN-48;2,86;1002,88;FUERA DE VIAJE;7
ColpetroleumRsu8;2025-12-08 10:25:23;MN-48;2,86;1026,07;FUERA DE VIAJE;7
ColpetroleumRsu8;2025-12-08 10:25:27;MN-48;2,86;1031,72;FUERA DE VIAJE;7
ColpetroleumRsu8;2025-12-08 10:25:31;MN-48;2,91;948,98;FUERA DE VIAJE;7
ColpetroleumRsu8;2025-12-08 10:25:35;MN-48;2,86;958,38;FUERA DE VIAJE;7
ColpetroleumRsu8;2025-12-08 10:25:39;MN-48;2,91;1074,65;FUERA DE VIAJE;7
ColpetroleumRsu8;2025-12-08 10:25:43;MN-48;2,86;972,17;FUERA DE VIAJE;7
ColpetroleumRsu8;2025-12-08 10:25:47;MN-48;2,91;940,83;FUERA DE VIAJE;7
ColpetroleumRsu8;2025-12-08 10:25:51;MN-48;2,91;920,15;FUERA DE VIAJE;7
ColpetroleumRsu8;2025-12-08 10:25:55;MN-48;2,86;942,08;FUERA DE VIAJE;7
ColpetroleumRsu8;2025-12-08 10:25:59;MN-48;2,91;1069,32;FUERA DE VIAJE;7
ColpetroleumRsu8;2025-12-08 10:51:03;MN-48;0;1334,46;FUERA DE VIAJE;8
ColpetroleumRsu8;2025-12-08 10:51:07;MN-48;0;1359,22;FUERA DE VIAJE;8
ColpetroleumRsu8;2025-12-08 10:51:11;MN-48;0;1409,68;FUERA DE VIAJE;8
ColpetroleumRsu8;2025-12-08 10:51:15;MN-48;0;1330,39;FUERA DE VIAJE;8
ColpetroleumRsu8;2025-12-08 10:51:19;MN-48;0;1437,88;FUERA DE VIAJE;8
ColpetroleumRsu8;2025-12-08 10:51:23;MN-48;0;1384,61;FUERA DE VIAJE;8
ColpetroleumRsu8;2025-12-08 10:51:27;MN-48;0;1444,78;FUERA DE VIAJE;8
ColpetroleumRsu8;2025-12-08 10:51:31;MN-48;0;1420,33;FUERA DE VIAJE;8
ColpetroleumRsu8;2025-12-08 10:51:35;MN-48;0;1418,45;FUERA DE VIAJE;8
ColpetroleumRsu8;2025-12-08 10:51:39;MN-48;0;1446,35;FUERA DE VIAJE;8
ColpetroleumRsu8;2025-12-08 10:51:43;MN-48;0;1283,69;FUERA DE VIAJE;8
ColpetroleumRsu8;2025-12-08 10:51:47;MN-48;0;1436,32;FUERA DE VIAJE;8
ColpetroleumRsu8;2025-12-08 10:51:51;MN-48;0;1365,17;FUERA DE VIAJE;8
ColpetroleumRsu8;2025-12-08 10:51:55;MN-48;0;1340,1;FUERA DE VIAJE;8
ColpetroleumRsu8;2025-12-08 10:51:59;MN-48;0;1350,13;FUERA DE VIAJE;8
ColpetroleumRsu8;2025-12-08 10:52:03;MN-48;0;1382,73;FUERA DE VIAJE;8
ColpetroleumRsu8;2025-12-08 10:52:07;MN-48;0;1433,5;FUERA DE VIAJE;8
ColpetroleumRsu8;2025-12-08 10:52:11;MN-48;0;1315,97;FUERA DE VIAJE;8
ColpetroleumRsu8;2025-12-08 10:52:15;MN-48;0;1383,98;FUERA DE VIAJE;8
ColpetroleumRsu8;2025-12-08 10:52:19;MN-48;0;1474,87;FUERA DE VIAJE;8
ColpetroleumRsu8;2025-12-08 10:52:23;MN-48;0;1236,68;FUERA DE VIAJE;8
ColpetroleumRsu8;2025-12-08 10:52:27;MN-48;0;648,74;FUERA DE VIAJE;8
ColpetroleumRsu8;2025-12-08 10:52:31;MN-48;0;337,22;FUERA DE VIAJE;8
ColpetroleumRsu8;2025-12-08 10:52:35;MN-48;0;253,23;FUERA DE VIAJE;8
ColpetroleumRsu8;2025-12-08 10:52:39;MN-48;0;275,48;FUERA DE VIAJE;8
ColpetroleumRsu8;2025-12-08 10:52:43;MN-48;0;265,76;FUERA DE VIAJE;8
ColpetroleumRsu8;2025-12-08 10:52:47;MN-48;0;70,83;FUERA DE VIAJE;8
ColpetroleumRsu8;2025-12-08 10:52:51;MN-48;0;158,89;FUERA DE VIAJE;8
ColpetroleumRsu8;2025-12-08 10:52:55;MN-48;0;58,92;FUERA DE VIAJE;8
ColpetroleumRsu8;2025-12-08 10:52:59;MN-48;0;143,85;FUERA DE VIAJE;8
ColpetroleumRsu8;2025-12-08 10:53:03;MN-48;0;176,13;FUERA DE VIAJE;8
ColpetroleumRsu8;2025-12-08 10:53:07;MN-48;0;161,09;FUERA DE VIAJE;8
ColpetroleumRsu8;2025-12-08 10:53:11;MN-48;0;172,37;FUERA DE VIAJE;8
ColpetroleumRsu8;2025-12-08 10:53:15;MN-48;0;138,84;FUERA DE VIAJE;8
ColpetroleumRsu8;2025-12-08 10:53:19;MN-48;0;167,67;FUERA DE VIAJE;8
ColpetroleumRsu8;2025-12-08 10:53:23;MN-48;0;203,71;FUERA DE VIAJE;8
ColpetroleumRsu8;2025-12-08 10:53:27;MN-48;0;210,29;FUERA DE VIAJE;8
ColpetroleumRsu8;2025-12-08 10:53:31;MN-48;0;195,56;FUERA DE VIAJE;8
ColpetroleumRsu8;2025-12-08 10:53:35;MN-48;0;212,17;FUERA DE VIAJE;8
ColpetroleumRsu8;2025-12-08 10:53:39;MN-48;0;239,44;FUERA DE VIAJE;8
ColpetroleumRsu8;2025-12-08 10:53:43;MN-48;0;253,54;FUERA DE VIAJE;8
ColpetroleumRsu8;2025-12-08 10:53:47;MN-48;0;250,72;FUERA DE VIAJE;8
ColpetroleumRsu8;2025-12-08 10:53:51;MN-48;0;262,63;FUERA DE VIAJE;8
ColpetroleumRsu8;2025-12-08 10:53:55;MN-48;0;275,17;FUERA DE VIAJE;8
ColpetroleumRsu8;2025-12-08 10:53:59;MN-48;0;285,82;FUERA DE VIAJE;8
ColpetroleumRsu8;2025-12-08 10:54:03;MN-48;0;290,84;FUERA DE VIAJE;8
ColpetroleumRsu8;2025-12-08 10:54:07;MN-48;0;26,01;FUERA DE VIAJE;8
ColpetroleumRsu8;2025-12-08 10:54:12;MN-48;0;32,59;FUERA DE VIAJE;8
ColpetroleumRsu8;2025-12-08 10:54:16;MN-48;0;1,57;FUERA DE VIAJE;8
ColpetroleumRsu8;2025-12-08 10:54:20;MN-48;0;14,42;FUERA DE VIAJE;8
ColpetroleumRsu8;2025-12-08 10:54:24;MN-48;0;29,15;FUERA DE VIAJE;8
ColpetroleumRsu8;2025-12-08 10:54:28;MN-48;0;39,49;FUERA DE VIAJE;8
ColpetroleumRsu8;2025-12-08 10:54:32;MN-48;0;26,33;FUERA DE VIAJE;8
ColpetroleumRsu8;2025-12-08 10:54:36;MN-48;0;45,76;FUERA DE VIAJE;8
ColpetroleumRsu8;2025-12-08 10:54:40;MN-48;0;77,41;FUERA DE VIAJE;8
ColpetroleumRsu8;2025-12-08 10:54:44;MN-48;0;93,39;FUERA DE VIAJE;8
ColpetroleumRsu8;2025-12-08 10:54:48;MN-48;0;99,03;FUERA DE VIAJE;8
ColpetroleumRsu8;2025-12-08 10:54:52;MN-48;0;119,72;FUERA DE VIAJE;8
ColpetroleumRsu8;2025-12-08 10:54:56;MN-48;0;115,96;FUERA DE VIAJE;8
ColpetroleumRsu8;2025-12-08 10:55:00;MN-48;0;114,39;FUERA DE VIAJE;8
ColpetroleumRsu8;2025-12-08 10:55:04;MN-48;0;128,81;FUERA DE VIAJE;8
ColpetroleumRsu8;2025-12-08 10:55:08;MN-48;0;139,46;FUERA DE VIAJE;8
ColpetroleumRsu8;2025-12-08 10:55:12;MN-48;0;152,94;FUERA DE VIAJE;8
ColpetroleumRsu8;2025-12-08 10:55:16;MN-48;0;159,83;FUERA DE VIAJE;8
ColpetroleumRsu8;2025-12-08 10:55:20;MN-48;0;164,85;FUERA DE VIAJE;8
ColpetroleumRsu8;2025-12-08 10:55:24;MN-48;0;176,13;FUERA DE VIAJE;8
ColpetroleumRsu8;2025-12-08 10:55:28;MN-48;0;184,91;FUERA DE VIAJE;8
ColpetroleumRsu8;2025-12-08 10:55:32;MN-48;0;195,56;FUERA DE VIAJE;8
ColpetroleumRsu8;2025-12-08 10:55:36;MN-48;0;201,52;FUERA DE VIAJE;8
ColpetroleumRsu8;2025-12-08 10:55:40;MN-48;0;210,61;FUERA DE VIAJE;8
ColpetroleumRsu8;2025-12-08 10:55:44;MN-48;0;219,69;FUERA DE VIAJE;8
ColpetroleumRsu8;2025-12-08 10:55:48;MN-48;0;227,53;FUERA DE VIAJE;8
ColpetroleumRsu8;2025-12-08 10:55:52;MN-48;0;233,8;FUERA DE VIAJE;8
ColpetroleumRsu8;2025-12-08 10:55:56;MN-48;0;238,81;FUERA DE VIAJE;8
ColpetroleumRsu8;2025-12-08 10:56:00;MN-48;0;243,2;FUERA DE VIAJE;8
ColpetroleumRsu8;2025-12-08 10:56:04;MN-48;0;246,33;FUERA DE VIAJE;8
ColpetroleumRsu8;2025-12-08 10:56:08;MN-48;0;248,21;FUERA DE VIAJE;8
ColpetroleumRsu8;2025-12-08 10:56:12;MN-48;0;249,47;FUERA DE VIAJE;8
ColpetroleumRsu8;2025-12-08 10:56:16;MN-48;0;251,03;FUERA DE VIAJE;8
ColpetroleumRsu8;2025-12-08 10:56:20;MN-48;0;251,03;FUERA DE VIAJE;8
ColpetroleumRsu8;2025-12-08 10:56:24;MN-48;0;252,91;FUERA DE VIAJE;8
ColpetroleumRsu8;2025-12-08 10:56:28;MN-48;0;254,48;FUERA DE VIAJE;8
ColpetroleumRsu8;2025-12-08 10:56:32;MN-48;0;256,68;FUERA DE VIAJE;8
ColpetroleumRsu8;2025-12-08 10:56:36;MN-48;0;259,18;FUERA DE VIAJE;8
ColpetroleumRsu8;2025-12-08 10:56:40;MN-48;0;259,81;FUERA DE VIAJE;8
ColpetroleumRsu8;2025-12-08 10:56:44;MN-48;0;262;FUERA DE VIAJE;8
ColpetroleumRsu8;2025-12-08 10:56:48;MN-48;0;263,26;FUERA DE VIAJE;8
ColpetroleumRsu8;2025-12-08 10:56:52;MN-48;0;265,14;FUERA DE VIAJE;8
ColpetroleumRsu8;2025-12-08 10:56:56;MN-48;0;265,14;FUERA DE VIAJE;8
ColpetroleumRsu8;2025-12-08 10:57:00;MN-48;0;266,39;FUERA DE VIAJE;8
ColpetroleumRsu8;2025-12-08 10:57:04;MN-48;0;268,58;FUERA DE VIAJE;8
ColpetroleumRsu8;2025-12-08 10:57:08;MN-48;0;270,15;FUERA DE VIAJE;8
ColpetroleumRsu8;2025-12-08 10:57:12;MN-48;0;270,78;FUERA DE VIAJE;8
ColpetroleumRsu8;2025-12-08 10:57:16;MN-48;0;273,29;FUERA DE VIAJE;8
ColpetroleumRsu8;2025-12-08 10:57:20;MN-48;0;276,42;FUERA DE VIAJE;8
ColpetroleumRsu8;2025-12-08 10:57:24;MN-48;0;274,85;FUERA DE VIAJE;8
ColpetroleumRsu8;2025-12-08 10:57:28;MN-48;0;277,67;FUERA DE VIAJE;8
ColpetroleumRsu8;2025-12-08 10:57:32;MN-48;0;277,05;FUERA DE VIAJE;8
ColpetroleumRsu8;2025-12-08 10:57:36;MN-48;0;278,93;FUERA DE VIAJE;8
ColpetroleumRsu8;2025-12-08 10:57:40;MN-48;0;278,61;FUERA DE VIAJE;8
ColpetroleumRsu8;2025-12-08 10:57:44;MN-48;0;278,93;FUERA DE VIAJE;8
ColpetroleumRsu8;2025-12-08 10:57:48;MN-48;0;278,93;FUERA DE VIAJE;8
ColpetroleumRsu8;2025-12-08 10:57:52;MN-48;0;277,05;FUERA DE VIAJE;8
ColpetroleumRsu8;2025-12-08 10:57:56;MN-48;0;278,61;FUERA DE VIAJE;8
ColpetroleumRsu8;2025-12-08 10:58:00;MN-48;0;278,61;FUERA DE VIAJE;8
ColpetroleumRsu8;2025-12-08 10:58:04;MN-48;0;277,05;FUERA DE VIAJE;8
ColpetroleumRsu8;2025-12-08 10:58:08;MN-48;0;276,42;FUERA DE VIAJE;8
ColpetroleumRsu8;2025-12-08 10:58:12;MN-48;0;276,42;FUERA DE VIAJE;8
ColpetroleumRsu8;2025-12-08 10:58:16;MN-48;0;274,85;FUERA DE VIAJE;8
ColpetroleumRsu8;2025-12-08 10:58:20;MN-48;0;274,54;FUERA DE VIAJE;8
ColpetroleumRsu8;2025-12-08 10:58:24;MN-48;0;273,29;FUERA DE VIAJE;8
ColpetroleumRsu8;2025-12-08 10:58:28;MN-48;0;270,15;FUERA DE VIAJE;8
ColpetroleumRsu8;2025-12-08 10:58:32;MN-48;0;271,72;FUERA DE VIAJE;8
ColpetroleumRsu8;2025-12-08 10:58:36;MN-48;0;272,03;FUERA DE VIAJE;8
ColpetroleumRsu8;2025-12-08 10:58:40;MN-48;0;270,15;FUERA DE VIAJE;8
ColpetroleumRsu8;2025-12-08 10:58:44;MN-48;0;268,27;FUERA DE VIAJE;8
ColpetroleumRsu8;2025-12-08 10:58:48;MN-48;0;268,9;FUERA DE VIAJE;8
ColpetroleumRsu8;2025-12-08 10:58:52;MN-48;0;267,64;FUERA DE VIAJE;8
ColpetroleumRsu8;2025-12-08 10:58:56;MN-48;0;266,39;FUERA DE VIAJE;8
ColpetroleumRsu8;2025-12-08 10:59:00;MN-48;0;265,76;FUERA DE VIAJE;8
ColpetroleumRsu8;2025-12-08 10:59:04;MN-48;0;263,88;FUERA DE VIAJE;8
ColpetroleumRsu8;2025-12-08 10:59:08;MN-48;0;263,88;FUERA DE VIAJE;8
ColpetroleumRsu8;2025-12-08 10:59:12;MN-48;0;262,63;FUERA DE VIAJE;8
ColpetroleumRsu8;2025-12-08 10:59:16;MN-48;0;261,38;FUERA DE VIAJE;8
ColpetroleumRsu8;2025-12-08 10:59:20;MN-48;0;259,5;FUERA DE VIAJE;8
ColpetroleumRsu8;2025-12-08 10:59:24;MN-48;0;259,5;FUERA DE VIAJE;8
ColpetroleumRsu8;2025-12-08 10:59:28;MN-48;0;257,3;FUERA DE VIAJE;8
ColpetroleumRsu8;2025-12-08 10:59:32;MN-48;0;256,68;FUERA DE VIAJE;8
ColpetroleumRsu8;2025-12-08 10:59:36;MN-48;0;255,42;FUERA DE VIAJE;8
ColpetroleumRsu8;2025-12-08 10:59:40;MN-48;0;254,48;FUERA DE VIAJE;8
ColpetroleumRsu8;2025-12-08 10:59:44;MN-48;0;253,23;FUERA DE VIAJE;8
ColpetroleumRsu8;2025-12-08 10:59:48;MN-48;0;252,6;FUERA DE VIAJE;8
ColpetroleumRsu8;2025-12-08 10:59:52;MN-48;0;251,97;FUERA DE VIAJE;8
ColpetroleumRsu8;2025-12-08 10:59:56;MN-48;0;251,03;FUERA DE VIAJE;8
ColpetroleumRsu8;2025-12-08 11:00:00;MN-48;0;247,59;FUERA DE VIAJE;8
ColpetroleumRsu8;2025-12-08 11:00:04;MN-48;0;246,33;FUERA DE VIAJE;8
ColpetroleumRsu8;2025-12-08 11:00:08;MN-48;0;246,96;FUERA DE VIAJE;8
ColpetroleumRsu8;2025-12-08 11:00:12;MN-48;0;246,33;FUERA DE VIAJE;8
ColpetroleumRsu8;2025-12-08 11:00:16;MN-48;0;245,08;FUERA DE VIAJE;8
ColpetroleumRsu8;2025-12-08 11:00:20;MN-48;0;243,2;FUERA DE VIAJE;8
ColpetroleumRsu8;2025-12-08 11:00:24;MN-48;0;242,57;FUERA DE VIAJE;8
ColpetroleumRsu8;2025-12-08 11:00:28;MN-48;0;241,95;FUERA DE VIAJE;8
ColpetroleumRsu8;2025-12-08 11:00:32;MN-48;0;240,69;FUERA DE VIAJE;8
ColpetroleumRsu8;2025-12-08 11:00:36;MN-48;0;239,44;FUERA DE VIAJE;8
ColpetroleumRsu8;2025-12-08 11:00:40;MN-48;0;238,81;FUERA DE VIAJE;8
ColpetroleumRsu8;2025-12-08 11:00:44;MN-48;0;236,93;FUERA DE VIAJE;8
ColpetroleumRsu8;2025-12-08 11:00:48;MN-48;0;236,62;FUERA DE VIAJE;8
ColpetroleumRsu8;2025-12-08 11:00:52;MN-48;0;235,36;FUERA DE VIAJE;8
ColpetroleumRsu8;2025-12-08 11:00:56;MN-48;0;235,05;FUERA DE VIAJE;8
ColpetroleumRsu8;2025-12-08 11:01:00;MN-48;0;233,17;FUERA DE VIAJE;8
ColpetroleumRsu8;2025-12-08 11:01:04;MN-48;0;231,92;FUERA DE VIAJE;8
ColpetroleumRsu8;2025-12-08 11:01:08;MN-48;0;231,29;FUERA DE VIAJE;8
ColpetroleumRsu8;2025-12-08 11:01:12;MN-48;0;230,66;FUERA DE VIAJE;8
ColpetroleumRsu8;2025-12-08 11:01:16;MN-48;0;229,41;FUERA DE VIAJE;8
ColpetroleumRsu8;2025-12-08 11:01:20;MN-48;0;228,16;FUERA DE VIAJE;8
ColpetroleumRsu8;2025-12-08 11:01:24;MN-48;0;227,53;FUERA DE VIAJE;8
ColpetroleumRsu8;2025-12-08 11:01:28;MN-48;0;226,28;FUERA DE VIAJE;8
ColpetroleumRsu8;2025-12-08 11:01:32;MN-48;0;225,65;FUERA DE VIAJE;8
ColpetroleumRsu8;2025-12-08 11:01:36;MN-48;0;224,71;FUERA DE VIAJE;8
ColpetroleumRsu8;2025-12-08 11:01:40;MN-48;0;223,77;FUERA DE VIAJE;8
ColpetroleumRsu8;2025-12-08 11:01:44;MN-48;0;223,14;FUERA DE VIAJE;8
ColpetroleumRsu8;2025-12-08 11:01:48;MN-48;0;221,89;FUERA DE VIAJE;8
ColpetroleumRsu8;2025-12-08 11:01:52;MN-48;0;221,26;FUERA DE VIAJE;8
ColpetroleumRsu8;2025-12-08 11:01:56;MN-48;0;220,01;FUERA DE VIAJE;8
ColpetroleumRsu8;2025-12-08 11:02:00;MN-48;0;218,75;FUERA DE VIAJE;8
ColpetroleumRsu8;2025-12-08 11:02:04;MN-48;0;218,13;FUERA DE VIAJE;8
ColpetroleumRsu8;2025-12-08 11:02:08;MN-48;0;210,29;FUERA DE VIAJE;8
ColpetroleumRsu8;2025-12-08 11:02:12;MN-48;0;215,31;FUERA DE VIAJE;8
ColpetroleumRsu8;2025-12-08 11:02:16;MN-48;0;214,99;FUERA DE VIAJE;8
ColpetroleumRsu8;2025-12-08 11:02:20;MN-48;0;214,37;FUERA DE VIAJE;8
ColpetroleumRsu8;2025-12-08 11:02:24;MN-48;0;211,23;FUERA DE VIAJE;8
ColpetroleumRsu8;2025-12-08 11:02:28;MN-48;0;211,55;FUERA DE VIAJE;8
ColpetroleumRsu8;2025-12-08 11:02:32;MN-48;0;211,23;FUERA DE VIAJE;8
ColpetroleumRsu8;2025-12-08 11:02:36;MN-48;0;210,29;FUERA DE VIAJE;8
ColpetroleumRsu8;2025-12-08 11:02:40;MN-48;0;208,1;FUERA DE VIAJE;8
ColpetroleumRsu8;2025-12-08 11:02:44;MN-48;0;207,78;FUERA DE VIAJE;8
ColpetroleumRsu8;2025-12-08 11:02:48;MN-48;0;206,84;FUERA DE VIAJE;8
ColpetroleumRsu8;2025-12-08 11:02:52;MN-48;0;206,22;FUERA DE VIAJE;8
ColpetroleumRsu8;2025-12-08 11:02:56;MN-48;0;205,59;FUERA DE VIAJE;8
ColpetroleumRsu8;2025-12-08 11:03:00;MN-48;0;204,02;FUERA DE VIAJE;8
ColpetroleumRsu8;2025-12-08 11:03:04;MN-48;0;203,4;FUERA DE VIAJE;8
ColpetroleumRsu8;2025-12-08 11:03:08;MN-48;0;202,46;FUERA DE VIAJE;8
ColpetroleumRsu8;2025-12-08 11:03:12;MN-48;0;201,83;FUERA DE VIAJE;8
ColpetroleumRsu8;2025-12-08 11:03:16;MN-48;0;200,58;FUERA DE VIAJE;8
ColpetroleumRsu8;2025-12-08 11:03:20;MN-48;0;199,95;FUERA DE VIAJE;8
ColpetroleumRsu8;2025-12-08 11:03:24;MN-48;0;199,01;FUERA DE VIAJE;8
ColpetroleumRsu8;2025-12-08 11:03:28;MN-48;0;198,38;FUERA DE VIAJE;8
ColpetroleumRsu8;2025-12-08 11:03:32;MN-48;0;197,13;FUERA DE VIAJE;8
ColpetroleumRsu8;2025-12-08 11:03:36;MN-48;0;196,5;FUERA DE VIAJE;8
ColpetroleumRsu8;2025-12-08 11:03:40;MN-48;0;195,25;FUERA DE VIAJE;8
ColpetroleumRsu8;2025-12-08 11:03:44;MN-48;0;195,25;FUERA DE VIAJE;8
ColpetroleumRsu8;2025-12-08 11:03:48;MN-48;0;193,68;FUERA DE VIAJE;8
ColpetroleumRsu8;2025-12-08 11:03:52;MN-48;0;193,68;FUERA DE VIAJE;8
ColpetroleumRsu8;2025-12-08 11:03:56;MN-48;0;192,43;FUERA DE VIAJE;8
ColpetroleumRsu8;2025-12-08 11:04:00;MN-48;0;191,17;FUERA DE VIAJE;8
ColpetroleumRsu8;2025-12-08 11:04:04;MN-48;0;190,55;FUERA DE VIAJE;8
ColpetroleumRsu8;2025-12-08 11:04:08;MN-48;0;189,92;FUERA DE VIAJE;8
ColpetroleumRsu8;2025-12-08 11:04:12;MN-48;0;188,67;FUERA DE VIAJE;8
ColpetroleumRsu8;2025-12-08 11:04:16;MN-48;0;187,41;FUERA DE VIAJE;8
ColpetroleumRsu8;2025-12-08 11:04:20;MN-48;0;186,79;FUERA DE VIAJE;8
ColpetroleumRsu8;2025-12-08 11:04:24;MN-48;0;185,53;FUERA DE VIAJE;8
ColpetroleumRsu8;2025-12-08 11:04:28;MN-48;0;185,53;FUERA DE VIAJE;8
ColpetroleumRsu8;2025-12-08 11:04:32;MN-48;0;184,28;FUERA DE VIAJE;8
ColpetroleumRsu8;2025-12-08 11:04:36;MN-48;0;183,65;FUERA DE VIAJE;8
ColpetroleumRsu8;2025-12-08 11:04:40;MN-48;0;182,71;FUERA DE VIAJE;8
ColpetroleumRsu8;2025-12-08 11:04:44;MN-48;0;182,09;FUERA DE VIAJE;8
ColpetroleumRsu8;2025-12-08 11:04:48;MN-48;0;181,15;FUERA DE VIAJE;8
ColpetroleumRsu8;2025-12-08 11:04:52;MN-48;0;179,58;FUERA DE VIAJE;8
ColpetroleumRsu8;2025-12-08 11:04:56;MN-48;0;178,95;FUERA DE VIAJE;8
ColpetroleumRsu8;2025-12-08 11:05:00;MN-48;0;178,95;FUERA DE VIAJE;8
ColpetroleumRsu8;2025-12-08 11:05:04;MN-48;0;178,01;FUERA DE VIAJE;8
ColpetroleumRsu8;2025-12-08 11:05:08;MN-48;0;176,13;FUERA DE VIAJE;8
ColpetroleumRsu8;2025-12-08 11:05:12;MN-48;0;176,13;FUERA DE VIAJE;8
ColpetroleumRsu8;2025-12-08 11:05:16;MN-48;0;175,82;FUERA DE VIAJE;8
ColpetroleumRsu8;2025-12-08 11:05:20;MN-48;0;174,88;FUERA DE VIAJE;8
ColpetroleumRsu8;2025-12-08 11:05:24;MN-48;0;173,62;FUERA DE VIAJE;8
ColpetroleumRsu8;2025-12-08 11:05:28;MN-48;0;173;FUERA DE VIAJE;8
ColpetroleumRsu8;2025-12-08 11:05:32;MN-48;0;172,37;FUERA DE VIAJE;8
ColpetroleumRsu8;2025-12-08 11:05:36;MN-48;0;172,37;FUERA DE VIAJE;8
ColpetroleumRsu8;2025-12-08 11:05:40;MN-48;0;171,12;FUERA DE VIAJE;8
ColpetroleumRsu8;2025-12-08 11:05:44;MN-48;0;170,49;FUERA DE VIAJE;8
ColpetroleumRsu8;2025-12-08 11:05:48;MN-48;0;169,24;FUERA DE VIAJE;8
ColpetroleumRsu8;2025-12-08 11:05:52;MN-48;0;169,24;FUERA DE VIAJE;8
ColpetroleumRsu8;2025-12-08 11:05:56;MN-48;0;168,61;FUERA DE VIAJE;8
ColpetroleumRsu8;2025-12-08 11:33:00;MN-48;1,11;303,06;FUERA DE VIAJE;9
ColpetroleumRsu8;2025-12-08 11:33:04;MN-48;1,11;267,64;FUERA DE VIAJE;9
ColpetroleumRsu8;2025-12-08 11:33:08;MN-48;1,11;283,94;FUERA DE VIAJE;9
ColpetroleumRsu8;2025-12-08 11:33:12;MN-48;1,06;252,91;FUERA DE VIAJE;9
ColpetroleumRsu8;2025-12-08 11:33:16;MN-48;1,11;282,69;FUERA DE VIAJE;9
ColpetroleumRsu8;2025-12-08 11:33:20;MN-48;1,11;249,47;FUERA DE VIAJE;9
ColpetroleumRsu8;2025-12-08 11:33:24;MN-48;1,11;278,3;FUERA DE VIAJE;9
ColpetroleumRsu8;2025-12-08 11:33:28;MN-48;1,11;253,23;FUERA DE VIAJE;9
ColpetroleumRsu8;2025-12-08 11:33:32;MN-48;1,06;287,08;FUERA DE VIAJE;9
ColpetroleumRsu8;2025-12-08 11:33:36;MN-48;1,11;273,29;FUERA DE VIAJE;9
ColpetroleumRsu8;2025-12-08 11:33:40;MN-48;1,11;289,58;FUERA DE VIAJE;9
ColpetroleumRsu8;2025-12-08 11:33:44;MN-48;1,11;272,03;FUERA DE VIAJE;9
ColpetroleumRsu8;2025-12-08 11:33:48;MN-48;1,11;287,08;FUERA DE VIAJE;9
ColpetroleumRsu8;2025-12-08 11:33:52;MN-48;1,11;277,99;FUERA DE VIAJE;9
ColpetroleumRsu8;2025-12-08 11:33:56;MN-48;1,06;281,43;FUERA DE VIAJE;9
ColpetroleumRsu8;2025-12-08 11:34:00;MN-48;1,11;286,45;FUERA DE VIAJE;9
ColpetroleumRsu8;2025-12-08 11:34:04;MN-48;1,11;283,31;FUERA DE VIAJE;9
ColpetroleumRsu8;2025-12-08 11:34:08;MN-48;1,11;295,85;FUERA DE VIAJE;9
ColpetroleumRsu8;2025-12-08 11:34:12;MN-48;1,11;271,41;FUERA DE VIAJE;9
ColpetroleumRsu8;2025-12-08 11:34:16;MN-48;1,06;306,19;FUERA DE VIAJE;9
ColpetroleumRsu8;2025-12-08 11:34:20;MN-48;1,11;268,9;FUERA DE VIAJE;9
ColpetroleumRsu8;2025-12-08 11:34:24;MN-48;1,11;288,02;FUERA DE VIAJE;9
ColpetroleumRsu8;2025-12-08 11:34:28;MN-48;1,11;251,97;FUERA DE VIAJE;9
ColpetroleumRsu8;2025-12-08 11:34:32;MN-48;1,11;277,67;FUERA DE VIAJE;9
ColpetroleumRsu8;2025-12-08 11:34:36;MN-48;1,11;258,24;FUERA DE VIAJE;9
ColpetroleumRsu8;2025-12-08 11:34:40;MN-48;1,11;280,18;FUERA DE VIAJE;9
ColpetroleumRsu8;2025-12-08 11:34:44;MN-48;1,11;252,6;FUERA DE VIAJE;9
ColpetroleumRsu8;2025-12-08 11:34:48;MN-48;1,11;285,82;FUERA DE VIAJE;9
ColpetroleumRsu8;2025-12-08 11:34:52;MN-48;1,11;263,57;FUERA DE VIAJE;9
ColpetroleumRsu8;2025-12-08 11:34:56;MN-48;1,11;290,21;FUERA DE VIAJE;9
ColpetroleumRsu8;2025-12-08 11:35:00;MN-48;1,11;266,7;FUERA DE VIAJE;9
ColpetroleumRsu8;2025-12-08 11:35:04;MN-48;1,11;288,02;FUERA DE VIAJE;9
ColpetroleumRsu8;2025-12-08 11:35:08;MN-48;1,11;269,84;FUERA DE VIAJE;9
ColpetroleumRsu8;2025-12-08 11:35:12;MN-48;1,11;278,3;FUERA DE VIAJE;9
ColpetroleumRsu8;2025-12-08 11:35:16;MN-48;1,11;294,28;FUERA DE VIAJE;9
ColpetroleumRsu8;2025-12-08 11:35:20;MN-48;1,11;282,69;FUERA DE VIAJE;9
ColpetroleumRsu8;2025-12-08 11:35:24;MN-48;1,11;294,28;FUERA DE VIAJE;9
ColpetroleumRsu8;2025-12-08 11:35:28;MN-48;1,11;278,93;FUERA DE VIAJE;9
ColpetroleumRsu8;2025-12-08 11:35:32;MN-48;1,11;305,25;FUERA DE VIAJE;9
ColpetroleumRsu8;2025-12-08 11:35:36;MN-48;1,11;272,66;FUERA DE VIAJE;9
ColpetroleumRsu8;2025-12-08 11:35:40;MN-48;1,11;295,22;FUERA DE VIAJE;9
ColpetroleumRsu8;2025-12-08 11:35:44;MN-48;1,06;256,99;FUERA DE VIAJE;9
ColpetroleumRsu8;2025-12-08 11:35:48;MN-48;1,11;279,55;FUERA DE VIAJE;9
ColpetroleumRsu8;2025-12-08 11:35:52;MN-48;1,11;240,69;FUERA DE VIAJE;9
ColpetroleumRsu8;2025-12-08 11:35:56;MN-48;1,11;290,21;FUERA DE VIAJE;9
ColpetroleumRsu8;2025-12-08 11:36:00;MN-48;1,11;260,75;FUERA DE VIAJE;9
ColpetroleumRsu8;2025-12-08 11:36:04;MN-48;1,11;293,03;FUERA DE VIAJE;9
ColpetroleumRsu8;2025-12-08 11:36:08;MN-48;1,06;280,18;FUERA DE VIAJE;9
ColpetroleumRsu8;2025-12-08 11:36:12;MN-48;1,11;289,9;FUERA DE VIAJE;9
ColpetroleumRsu8;2025-12-08 11:36:16;MN-48;1,11;288,96;FUERA DE VIAJE;9
ColpetroleumRsu8;2025-12-08 11:36:20;MN-48;1,11;278,93;FUERA DE VIAJE;9
ColpetroleumRsu8;2025-12-08 11:36:24;MN-48;1,11;282,06;FUERA DE VIAJE;9
ColpetroleumRsu8;2025-12-08 11:36:28;MN-48;1,06;285,19;FUERA DE VIAJE;9
ColpetroleumRsu8;2025-12-08 11:36:32;MN-48;1,11;298,98;FUERA DE VIAJE;9
ColpetroleumRsu8;2025-12-08 11:36:36;MN-48;1,11;268,9;FUERA DE VIAJE;9
ColpetroleumRsu8;2025-12-08 11:36:40;MN-48;1,11;306,51;FUERA DE VIAJE;9
ColpetroleumRsu8;2025-12-08 11:36:44;MN-48;1,11;260,44;FUERA DE VIAJE;9
ColpetroleumRsu8;2025-12-08 11:36:48;MN-48;1,11;280,81;FUERA DE VIAJE;9
ColpetroleumRsu8;2025-12-08 11:36:52;MN-48;1,11;249,47;FUERA DE VIAJE;9
ColpetroleumRsu8;2025-12-08 11:36:56;MN-48;1,11;284,57;FUERA DE VIAJE;9
ColpetroleumRsu8;2025-12-08 11:37:00;MN-48;1,11;254,17;FUERA DE VIAJE;9
ColpetroleumRsu8;2025-12-08 11:37:04;MN-48;1,11;292,09;FUERA DE VIAJE;9
ColpetroleumRsu8;2025-12-08 11:37:08;MN-48;1,11;265,76;FUERA DE VIAJE;9
ColpetroleumRsu8;2025-12-08 11:37:12;MN-48;1,11;287,08;FUERA DE VIAJE;9
ColpetroleumRsu8;2025-12-08 11:37:16;MN-48;0;272,03;FUERA DE VIAJE;9
ColpetroleumRsu8;2025-12-08 11:37:20;MN-48;0;287,08;FUERA DE VIAJE;9
ColpetroleumRsu8;2025-12-08 11:37:24;MN-48;0;296,79;FUERA DE VIAJE;9
ColpetroleumRsu8;2025-12-08 11:37:28;MN-48;0;283,31;FUERA DE VIAJE;9
ColpetroleumRsu8;2025-12-08 11:37:32;MN-48;0;291,46;FUERA DE VIAJE;9
ColpetroleumRsu8;2025-12-08 11:37:36;MN-48;0;272,03;FUERA DE VIAJE;9
ColpetroleumRsu8;2025-12-08 11:37:40;MN-48;0;304;FUERA DE VIAJE;9
ColpetroleumRsu8;2025-12-08 11:37:44;MN-48;0;270,78;FUERA DE VIAJE;9
ColpetroleumRsu8;2025-12-08 11:37:48;MN-48;0;282,69;FUERA DE VIAJE;9
ColpetroleumRsu8;2025-12-08 11:37:52;MN-48;0;259,5;FUERA DE VIAJE;9
ColpetroleumRsu8;2025-12-08 11:37:56;MN-48;0;279,24;FUERA DE VIAJE;9
ColpetroleumRsu8;2025-12-08 11:38:00;MN-48;0;241,32;FUERA DE VIAJE;9
ColpetroleumRsu8;2025-12-08 11:38:04;MN-48;0;290,21;FUERA DE VIAJE;9
ColpetroleumRsu8;2025-12-08 11:38:08;MN-48;0;264,51;FUERA DE VIAJE;9
ColpetroleumRsu8;2025-12-08 11:38:12;MN-48;0;288,33;FUERA DE VIAJE;9
ColpetroleumRsu8;2025-12-08 11:38:16;MN-48;0;266,08;FUERA DE VIAJE;9
ColpetroleumRsu8;2025-12-08 11:38:20;MN-48;0;292,09;FUERA DE VIAJE;9
ColpetroleumRsu8;2025-12-08 11:38:24;MN-48;0;291,78;FUERA DE VIAJE;9
ColpetroleumRsu8;2025-12-08 11:38:28;MN-48;0;281,43;FUERA DE VIAJE;9
ColpetroleumRsu8;2025-12-08 11:38:32;MN-48;0;289,9;FUERA DE VIAJE;9
ColpetroleumRsu8;2025-12-08 11:38:36;MN-48;0;277,67;FUERA DE VIAJE;9
ColpetroleumRsu8;2025-12-08 11:38:40;MN-48;0;298,98;FUERA DE VIAJE;9
ColpetroleumRsu8;2025-12-08 11:38:44;MN-48;0;266,39;FUERA DE VIAJE;9
ColpetroleumRsu8;2025-12-08 11:38:48;MN-48;0;296,48;FUERA DE VIAJE;9
ColpetroleumRsu8;2025-12-08 11:38:52;MN-48;0;256,99;FUERA DE VIAJE;9
ColpetroleumRsu8;2025-12-08 11:38:56;MN-48;0;290,21;FUERA DE VIAJE;9
ColpetroleumRsu8;2025-12-08 11:39:00;MN-48;0;260,12;FUERA DE VIAJE;9
ColpetroleumRsu8;2025-12-08 11:39:04;MN-48;0;286,76;FUERA DE VIAJE;9
ColpetroleumRsu8;2025-12-08 11:39:08;MN-48;0;288,33;FUERA DE VIAJE;9
ColpetroleumRsu8;2025-12-08 11:39:12;MN-48;0;290,21;FUERA DE VIAJE;9
ColpetroleumRsu8;2025-12-08 11:39:16;MN-48;0;281,43;FUERA DE VIAJE;9
ColpetroleumRsu8;2025-12-08 11:39:20;MN-48;0;288,02;FUERA DE VIAJE;9
ColpetroleumRsu8;2025-12-08 11:39:24;MN-48;0;290,84;FUERA DE VIAJE;9
ColpetroleumRsu8;2025-12-08 11:39:28;MN-48;0;273,91;FUERA DE VIAJE;9
ColpetroleumRsu8;2025-12-08 11:39:32;MN-48;0;302,43;FUERA DE VIAJE;9
ColpetroleumRsu8;2025-12-08 11:39:36;MN-48;0;270,78;FUERA DE VIAJE;9
ColpetroleumRsu8;2025-12-08 11:39:40;MN-48;0;293,97;FUERA DE VIAJE;9
ColpetroleumRsu8;2025-12-08 11:39:44;MN-48;0;265,14;FUERA DE VIAJE;9
ColpetroleumRsu8;2025-12-08 11:39:48;MN-48;0;287,08;FUERA DE VIAJE;9
ColpetroleumRsu8;2025-12-08 11:39:52;MN-48;0;245,71;FUERA DE VIAJE;9
ColpetroleumRsu8;2025-12-08 11:39:56;MN-48;0;290,21;FUERA DE VIAJE;9
ColpetroleumRsu8;2025-12-08 11:40:00;MN-48;0;272,03;FUERA DE VIAJE;9
ColpetroleumRsu8;2025-12-08 11:40:04;MN-48;0;293,34;FUERA DE VIAJE;9
ColpetroleumRsu8;2025-12-08 11:40:08;MN-48;0;270,47;FUERA DE VIAJE;9
ColpetroleumRsu8;2025-12-08 11:40:12;MN-48;0;287,7;FUERA DE VIAJE;9
ColpetroleumRsu8;2025-12-08 11:40:16;MN-48;0;289,27;FUERA DE VIAJE;9
ColpetroleumRsu8;2025-12-08 11:40:20;MN-48;0;280,81;FUERA DE VIAJE;9
ColpetroleumRsu8;2025-12-08 11:40:24;MN-48;0;296,48;FUERA DE VIAJE;9
ColpetroleumRsu8;2025-12-08 11:40:28;MN-48;0;276,42;FUERA DE VIAJE;9
ColpetroleumRsu8;2025-12-08 11:40:32;MN-48;0;288,96;FUERA DE VIAJE;9
ColpetroleumRsu8;2025-12-08 11:40:36;MN-48;0;277,05;FUERA DE VIAJE;9
ColpetroleumRsu8;2025-12-08 11:40:40;MN-48;0;287,7;FUERA DE VIAJE;9
ColpetroleumRsu8;2025-12-08 11:40:44;MN-48;0;246,65;FUERA DE VIAJE;9
ColpetroleumRsu8;2025-12-08 11:40:48;MN-48;0;290,52;FUERA DE VIAJE;9
ColpetroleumRsu8;2025-12-08 11:40:52;MN-48;0;273,91;FUERA DE VIAJE;9
ColpetroleumRsu8;2025-12-08 11:40:56;MN-48;0;288,96;FUERA DE VIAJE;9
ColpetroleumRsu8;2025-12-08 11:41:00;MN-48;0;266,39;FUERA DE VIAJE;9
ColpetroleumRsu8;2025-12-08 11:41:04;MN-48;0;289,9;FUERA DE VIAJE;9
ColpetroleumRsu8;2025-12-08 11:41:08;MN-48;0;294,91;FUERA DE VIAJE;9
ColpetroleumRsu8;2025-12-08 11:41:12;MN-48;0;282,06;FUERA DE VIAJE;9
ColpetroleumRsu8;2025-12-08 11:41:16;MN-48;0;305,57;FUERA DE VIAJE;9
ColpetroleumRsu8;2025-12-08 11:41:20;MN-48;0;273,6;FUERA DE VIAJE;9
ColpetroleumRsu8;2025-12-08 11:41:24;MN-48;0;290,21;FUERA DE VIAJE;9
ColpetroleumRsu8;2025-12-08 11:41:28;MN-48;0;260,75;FUERA DE VIAJE;9
ColpetroleumRsu8;2025-12-08 11:41:32;MN-48;0;286,45;FUERA DE VIAJE;9
ColpetroleumRsu8;2025-12-08 11:41:36;MN-48;0;263,26;FUERA DE VIAJE;9
ColpetroleumRsu8;2025-12-08 11:41:40;MN-48;0;293,97;FUERA DE VIAJE;9
ColpetroleumRsu8;2025-12-08 11:41:44;MN-48;0;274,54;FUERA DE VIAJE;9
ColpetroleumRsu8;2025-12-08 11:41:48;MN-48;0;293,66;FUERA DE VIAJE;9
ColpetroleumRsu8;2025-12-08 11:41:52;MN-48;0;291,46;FUERA DE VIAJE;9
ColpetroleumRsu8;2025-12-08 11:41:56;MN-48;0;294,91;FUERA DE VIAJE;9
ColpetroleumRsu8;2025-12-08 11:42:00;MN-48;0;303,69;FUERA DE VIAJE;9
ColpetroleumRsu8;2025-12-08 11:42:04;MN-48;0;268,27;FUERA DE VIAJE;9
ColpetroleumRsu8;2025-12-08 11:42:08;MN-48;0;301,18;FUERA DE VIAJE;9
ColpetroleumRsu8;2025-12-08 11:42:12;MN-48;0;263,57;FUERA DE VIAJE;9
ColpetroleumRsu8;2025-12-08 11:42:16;MN-48;0;284,57;FUERA DE VIAJE;9
ColpetroleumRsu8;2025-12-08 11:42:20;MN-48;0;256,36;FUERA DE VIAJE;9
ColpetroleumRsu8;2025-12-08 11:42:24;MN-48;0;293,03;FUERA DE VIAJE;9
ColpetroleumRsu8;2025-12-08 11:42:28;MN-48;0;277,36;FUERA DE VIAJE;9
ColpetroleumRsu8;2025-12-08 11:42:32;MN-48;0;287,7;FUERA DE VIAJE;9
ColpetroleumRsu8;2025-12-08 11:42:36;MN-48;0;292,72;FUERA DE VIAJE;9
ColpetroleumRsu8;2025-12-08 11:42:40;MN-48;0;281,43;FUERA DE VIAJE;9
ColpetroleumRsu8;2025-12-08 11:42:44;MN-48;0;299,61;FUERA DE VIAJE;9
ColpetroleumRsu8;2025-12-08 11:42:48;MN-48;0;271,41;FUERA DE VIAJE;9
ColpetroleumRsu8;2025-12-08 11:42:52;MN-48;0;285,19;FUERA DE VIAJE;9
ColpetroleumRsu8;2025-12-08 11:42:56;MN-48;0;251,03;FUERA DE VIAJE;9
ColpetroleumRsu8;2025-12-08 11:43:00;MN-48;0;294,28;FUERA DE VIAJE;9
ColpetroleumRsu8;2025-12-08 11:43:04;MN-48;0;272,66;FUERA DE VIAJE;9
ColpetroleumRsu8;2025-12-08 11:43:08;MN-48;0;287,08;FUERA DE VIAJE;9
ColpetroleumRsu8;2025-12-08 11:43:12;MN-48;0;283,31;FUERA DE VIAJE;9
ColpetroleumRsu8;2025-12-08 11:43:16;MN-48;0;283,63;FUERA DE VIAJE;9
ColpetroleumRsu8;2025-12-08 11:43:20;MN-48;0;293,34;FUERA DE VIAJE;9
ColpetroleumRsu8;2025-12-08 11:43:24;MN-48;0;295,85;FUERA DE VIAJE;9
ColpetroleumRsu8;2025-12-08 11:43:28;MN-48;0;297,73;FUERA DE VIAJE;9
ColpetroleumRsu8;2025-12-08 11:43:32;MN-48;0;258,56;FUERA DE VIAJE;9
ColpetroleumRsu8;2025-12-08 11:43:36;MN-48;0;293,97;FUERA DE VIAJE;9
ColpetroleumRsu8;2025-12-08 11:43:40;MN-48;0;270,15;FUERA DE VIAJE;9
ColpetroleumRsu8;2025-12-08 11:43:44;MN-48;0;296,48;FUERA DE VIAJE;9
ColpetroleumRsu8;2025-12-08 11:43:48;MN-48;0;283,31;FUERA DE VIAJE;9
ColpetroleumRsu8;2025-12-08 11:43:52;MN-48;0;287,39;FUERA DE VIAJE;9
ColpetroleumRsu8;2025-12-08 11:43:56;MN-48;0;296,48;FUERA DE VIAJE;9
ColpetroleumRsu8;2025-12-08 11:44:00;MN-48;0;273,29;FUERA DE VIAJE;9
ColpetroleumRsu8;2025-12-08 11:44:04;MN-48;0;301,49;FUERA DE VIAJE;9
ColpetroleumRsu8;2025-12-08 11:44:08;MN-48;0;264,82;FUERA DE VIAJE;9
ColpetroleumRsu8;2025-12-08 11:44:12;MN-48;0;288,02;FUERA DE VIAJE;9
ColpetroleumRsu8;2025-12-08 11:44:16;MN-48;0;260,75;FUERA DE VIAJE;9
ColpetroleumRsu8;2025-12-08 11:44:20;MN-48;0;297,73;FUERA DE VIAJE;9
ColpetroleumRsu8;2025-12-08 11:44:24;MN-48;0;270,47;FUERA DE VIAJE;9
ColpetroleumRsu8;2025-12-08 11:44:28;MN-48;0;292,09;FUERA DE VIAJE;9
ColpetroleumRsu8;2025-12-08 11:44:32;MN-48;0;296,48;FUERA DE VIAJE;9
ColpetroleumRsu8;2025-12-08 11:44:36;MN-48;0;280,81;FUERA DE VIAJE;9
ColpetroleumRsu8;2025-12-08 11:44:40;MN-48;0;304,63;FUERA DE VIAJE;9
ColpetroleumRsu8;2025-12-08 11:44:44;MN-48;0;265,14;FUERA DE VIAJE;9
ColpetroleumRsu8;2025-12-08 11:44:48;MN-48;0;289,58;FUERA DE VIAJE;9
ColpetroleumRsu8;2025-12-08 11:44:52;MN-48;0;258,87;FUERA DE VIAJE;9
ColpetroleumRsu8;2025-12-08 11:44:56;MN-48;0;293,97;FUERA DE VIAJE;9
ColpetroleumRsu8;2025-12-08 11:45:00;MN-48;0;271,09;FUERA DE VIAJE;9
ColpetroleumRsu8;2025-12-08 11:45:04;MN-48;0;292,72;FUERA DE VIAJE;9
ColpetroleumRsu8;2025-12-08 11:45:08;MN-48;0;293,66;FUERA DE VIAJE;9
ColpetroleumRsu8;2025-12-08 11:45:12;MN-48;0;277,99;FUERA DE VIAJE;9
ColpetroleumRsu8;2025-12-08 11:45:16;MN-48;0;303,06;FUERA DE VIAJE;9
ColpetroleumRsu8;2025-12-08 11:45:20;MN-48;0;268,9;FUERA DE VIAJE;9
ColpetroleumRsu8;2025-12-08 11:45:24;MN-48;0;291,15;FUERA DE VIAJE;9
ColpetroleumRsu8;2025-12-08 11:45:28;MN-48;0;256,05;FUERA DE VIAJE;9
ColpetroleumRsu8;2025-12-08 11:45:32;MN-48;0;298,98;FUERA DE VIAJE;9
ColpetroleumRsu8;2025-12-08 11:45:36;MN-48;0;275,48;FUERA DE VIAJE;9
ColpetroleumRsu8;2025-12-08 11:45:40;MN-48;0;295,22;FUERA DE VIAJE;9
ColpetroleumRsu8;2025-12-08 11:45:44;MN-48;0;293,34;FUERA DE VIAJE;9
ColpetroleumRsu8;2025-12-08 11:45:48;MN-48;0;277,36;FUERA DE VIAJE;9
ColpetroleumRsu8;2025-12-08 11:45:52;MN-48;0;298,36;FUERA DE VIAJE;9
ColpetroleumRsu8;2025-12-08 11:45:56;MN-48;0;253,85;FUERA DE VIAJE;9
ColpetroleumRsu8;2025-12-08 11:46:00;MN-48;0;294,6;FUERA DE VIAJE;9
ColpetroleumRsu8;2025-12-08 11:46:04;MN-48;0;265,76;FUERA DE VIAJE;9
ColpetroleumRsu8;2025-12-08 11:46:08;MN-48;0;298,36;FUERA DE VIAJE;9
ColpetroleumRsu8;2025-12-08 11:46:12;MN-48;0;280,81;FUERA DE VIAJE;9
ColpetroleumRsu8;2025-12-08 11:46:16;MN-48;0;290,84;FUERA DE VIAJE;9
ColpetroleumRsu8;2025-12-08 11:46:20;MN-48;0;293,97;FUERA DE VIAJE;9
ColpetroleumRsu8;2025-12-08 11:46:24;MN-48;0;276,11;FUERA DE VIAJE;9
ColpetroleumRsu8;2025-12-08 11:46:28;MN-48;0;296,79;FUERA DE VIAJE;9
ColpetroleumRsu8;2025-12-08 11:46:32;MN-48;0;247,59;FUERA DE VIAJE;9
ColpetroleumRsu8;2025-12-08 11:46:36;MN-48;0;295,85;FUERA DE VIAJE;9
ColpetroleumRsu8;2025-12-08 11:46:40;MN-48;0;272,66;FUERA DE VIAJE;9
ColpetroleumRsu8;2025-12-08 11:46:44;MN-48;0;295,54;FUERA DE VIAJE;9
ColpetroleumRsu8;2025-12-08 11:46:48;MN-48;0;296,48;FUERA DE VIAJE;9
ColpetroleumRsu8;2025-12-08 11:46:52;MN-48;0;287,39;FUERA DE VIAJE;9
ColpetroleumRsu8;2025-12-08 11:46:56;MN-48;0;300,55;FUERA DE VIAJE;9
ColpetroleumRsu8;2025-12-08 11:47:00;MN-48;0;277,05;FUERA DE VIAJE;9
ColpetroleumRsu8;2025-12-08 11:47:04;MN-48;0;292,09;FUERA DE VIAJE;9
ColpetroleumRsu8;2025-12-08 11:47:08;MN-48;0;251,35;FUERA DE VIAJE;9
ColpetroleumRsu8;2025-12-08 11:47:12;MN-48;0;295,85;FUERA DE VIAJE;9
ColpetroleumRsu8;2025-12-08 11:47:16;MN-48;0;282,06;FUERA DE VIAJE;9
ColpetroleumRsu8;2025-12-08 11:47:20;MN-48;0;293,34;FUERA DE VIAJE;9
ColpetroleumRsu8;2025-12-08 11:47:24;MN-48;0;303,37;FUERA DE VIAJE;9
ColpetroleumRsu8;2025-12-08 11:47:28;MN-48;0;285,19;FUERA DE VIAJE;9
ColpetroleumRsu8;2025-12-08 11:47:32;MN-48;0;309,01;FUERA DE VIAJE;9
ColpetroleumRsu8;2025-12-08 11:47:36;MN-48;0;262,63;FUERA DE VIAJE;9
ColpetroleumRsu8;2025-12-08 11:47:40;MN-48;0;296,48;FUERA DE VIAJE;9
ColpetroleumRsu8;2025-12-08 11:47:44;MN-48;0;265,76;FUERA DE VIAJE;9
ColpetroleumRsu8;2025-12-08 11:47:48;MN-48;0;295,22;FUERA DE VIAJE;9
ColpetroleumRsu8;2025-12-08 11:47:52;MN-48;0;296,48;FUERA DE VIAJE;9
ColpetroleumRsu8;2025-12-08 11:47:56;MN-48;0;280,49;FUERA DE VIAJE;9
ColpetroleumRsu8;2025-12-08 11:48:00;MN-48;0;308,39;FUERA DE VIAJE;9
ColpetroleumRsu8;2025-12-08 11:48:04;MN-48;0;267,02;FUERA DE VIAJE;9
ColpetroleumRsu8;2025-12-08 11:48:08;MN-48;0;293,34;FUERA DE VIAJE;9
ColpetroleumRsu8;2025-12-08 11:48:12;MN-48;0;275,79;FUERA DE VIAJE;9
ColpetroleumRsu8;2025-12-08 11:48:16;MN-48;0;295,54;FUERA DE VIAJE;9
ColpetroleumRsu8;2025-12-08 11:48:20;MN-48;0;298,98;FUERA DE VIAJE;9
ColpetroleumRsu8;2025-12-08 11:48:24;MN-48;0;288,96;FUERA DE VIAJE;9
ColpetroleumRsu8;2025-12-08 11:48:28;MN-48;0;305,57;FUERA DE VIAJE;9
ColpetroleumRsu8;2025-12-08 11:48:32;MN-48;0;280,49;FUERA DE VIAJE;9
ColpetroleumRsu8;2025-12-08 11:48:36;MN-48;0;303,37;FUERA DE VIAJE;9
ColpetroleumRsu8;2025-12-08 11:48:40;MN-48;0;264,2;FUERA DE VIAJE;9
ColpetroleumRsu8;2025-12-08 11:48:44;MN-48;0;301,49;FUERA DE VIAJE;9
ColpetroleumRsu8;2025-12-08 11:48:48;MN-48;0;299,92;FUERA DE VIAJE;9
ColpetroleumRsu8;2025-12-08 11:48:52;MN-48;0;287,08;FUERA DE VIAJE;9
ColpetroleumRsu8;2025-12-08 11:48:56;MN-48;0;307,76;FUERA DE VIAJE;9
ColpetroleumRsu8;2025-12-08 11:49:00;MN-48;0;268,58;FUERA DE VIAJE;9
ColpetroleumRsu8;2025-12-08 11:49:04;MN-48;0;292,09;FUERA DE VIAJE;9
ColpetroleumRsu8;2025-12-08 11:49:08;MN-48;0;263,57;FUERA DE VIAJE;9
ColpetroleumRsu8;2025-12-08 11:49:12;MN-48;0;304,94;FUERA DE VIAJE;9
ColpetroleumRsu8;2025-12-08 11:49:16;MN-48;0;298,98;FUERA DE VIAJE;9
ColpetroleumRsu8;2025-12-08 11:49:20;MN-48;0;288,33;FUERA DE VIAJE;9
ColpetroleumRsu8;2025-12-08 11:49:24;MN-48;0;308,7;FUERA DE VIAJE;9
ColpetroleumRsu8;2025-12-08 11:49:28;MN-48;0;278,93;FUERA DE VIAJE;9
ColpetroleumRsu8;2025-12-08 11:49:32;MN-48;0;291,46;FUERA DE VIAJE;9
ColpetroleumRsu8;2025-12-08 11:49:36;MN-48;0;267,02;FUERA DE VIAJE;9
ColpetroleumRsu8;2025-12-08 11:49:40;MN-48;0;299,61;FUERA DE VIAJE;9
ColpetroleumRsu8;2025-12-08 11:49:44;MN-48;0;283,94;FUERA DE VIAJE;9
ColpetroleumRsu8;2025-12-08 11:49:48;MN-48;0;305,25;FUERA DE VIAJE;9
ColpetroleumRsu8;2025-12-08 11:49:52;MN-48;0;304,63;FUERA DE VIAJE;9
ColpetroleumRsu8;2025-12-08 11:49:56;MN-48;0;278,3;FUERA DE VIAJE;9
ColpetroleumRsu8;2025-12-08 11:50:00;MN-48;0;296,48;FUERA DE VIAJE;9
ColpetroleumRsu8;2025-12-08 11:50:04;MN-48;0;276,11;FUERA DE VIAJE;9
ColpetroleumRsu8;2025-12-08 11:50:08;MN-48;0;308,39;FUERA DE VIAJE;9
ColpetroleumRsu8;2025-12-08 11:50:12;MN-48;0;295,54;FUERA DE VIAJE;9
ColpetroleumRsu8;2025-12-08 11:50:16;MN-48;0;290,21;FUERA DE VIAJE;9
ColpetroleumRsu8;2025-12-08 11:50:20;MN-48;0;310,58;FUERA DE VIAJE;9
ColpetroleumRsu8;2025-12-08 11:50:24;MN-48;0;265,45;FUERA DE VIAJE;9
ColpetroleumRsu8;2025-12-08 11:50:28;MN-48;0;292,4;FUERA DE VIAJE;9
ColpetroleumRsu8;2025-12-08 11:50:32;MN-48;0;273,29;FUERA DE VIAJE;9
ColpetroleumRsu8;2025-12-08 11:50:36;MN-48;0;298,36;FUERA DE VIAJE;9
ColpetroleumRsu8;2025-12-08 11:50:40;MN-48;0;300,24;FUERA DE VIAJE;9
ColpetroleumRsu8;2025-12-08 11:50:44;MN-48;0;302,12;FUERA DE VIAJE;9
ColpetroleumRsu8;2025-12-08 11:50:48;MN-48;0;304,63;FUERA DE VIAJE;9
ColpetroleumRsu8;2025-12-08 11:50:52;MN-48;0;258,24;FUERA DE VIAJE;9
ColpetroleumRsu8;2025-12-08 11:50:56;MN-48;0;297,73;FUERA DE VIAJE;9
ColpetroleumRsu8;2025-12-08 11:51:00;MN-48;0;266,39;FUERA DE VIAJE;9
ColpetroleumRsu8;2025-12-08 11:51:04;MN-48;0;295,54;FUERA DE VIAJE;9
ColpetroleumRsu8;2025-12-08 11:51:08;MN-48;0;307,45;FUERA DE VIAJE;9
ColpetroleumRsu8;2025-12-08 11:51:12;MN-48;0;282,06;FUERA DE VIAJE;9
ColpetroleumRsu8;2025-12-08 11:51:16;MN-48;0;295,22;FUERA DE VIAJE;9
ColpetroleumRsu8;2025-12-08 11:51:20;MN-48;0;256,99;FUERA DE VIAJE;9
ColpetroleumRsu8;2025-12-08 11:51:24;MN-48;0;307,13;FUERA DE VIAJE;9
ColpetroleumRsu8;2025-12-08 11:51:28;MN-48;0;302,12;FUERA DE VIAJE;9
ColpetroleumRsu8;2025-12-08 11:51:32;MN-48;0;293,34;FUERA DE VIAJE;9
ColpetroleumRsu8;2025-12-08 11:51:36;MN-48;0;307,76;FUERA DE VIAJE;9
ColpetroleumRsu8;2025-12-08 11:51:40;MN-48;0;255,11;FUERA DE VIAJE;9
ColpetroleumRsu8;2025-12-08 11:51:44;MN-48;0;304;FUERA DE VIAJE;9
ColpetroleumRsu8;2025-12-08 11:51:48;MN-48;0;282,69;FUERA DE VIAJE;9
ColpetroleumRsu8;2025-12-08 11:51:52;MN-48;0;295,22;FUERA DE VIAJE;9
ColpetroleumRsu8;2025-12-08 11:51:56;MN-48;0;311,83;FUERA DE VIAJE;9
ColpetroleumRsu8;2025-12-08 11:52:00;MN-48;0;283,31;FUERA DE VIAJE;9
ColpetroleumRsu8;2025-12-08 11:52:04;MN-48;0;302,43;FUERA DE VIAJE;9
ColpetroleumRsu8;2025-12-08 11:52:08;MN-48;0;275,17;FUERA DE VIAJE;9
ColpetroleumRsu8;2025-12-08 11:52:12;MN-48;0;306,51;FUERA DE VIAJE;9
ColpetroleumRsu8;2025-12-08 11:52:16;MN-48;0;309,33;FUERA DE VIAJE;9
ColpetroleumRsu8;2025-12-08 11:52:20;MN-48;0;288,33;FUERA DE VIAJE;9
ColpetroleumRsu8;2025-12-08 11:52:24;MN-48;0;304;FUERA DE VIAJE;9
ColpetroleumRsu8;2025-12-08 11:52:28;MN-48;0;263,88;FUERA DE VIAJE;9
ColpetroleumRsu8;2025-12-08 11:52:32;MN-48;0;310,89;FUERA DE VIAJE;9
ColpetroleumRsu8;2025-12-08 11:52:36;MN-48;0;285,82;FUERA DE VIAJE;9
ColpetroleumRsu8;2025-12-08 11:52:40;MN-48;0;291,78;FUERA DE VIAJE;9
ColpetroleumRsu8;2025-12-08 11:52:44;MN-48;0;310,89;FUERA DE VIAJE;9
ColpetroleumRsu8;2025-12-08 11:52:48;MN-48;0;284,57;FUERA DE VIAJE;9
ColpetroleumRsu8;2025-12-08 11:52:52;MN-48;0;296,79;FUERA DE VIAJE;9
ColpetroleumRsu8;2025-12-08 11:52:56;MN-48;0;274,23;FUERA DE VIAJE;9
ColpetroleumRsu8;2025-12-08 11:53:00;MN-48;0;304,63;FUERA DE VIAJE;9
ColpetroleumRsu8;2025-12-08 11:53:04;MN-48;0;302,75;FUERA DE VIAJE;9
ColpetroleumRsu8;2025-12-08 11:53:08;MN-48;0;281,12;FUERA DE VIAJE;9
ColpetroleumRsu8;2025-12-08 11:53:12;MN-48;0;298,98;FUERA DE VIAJE;9
ColpetroleumRsu8;2025-12-08 11:53:16;MN-48;0;261,69;FUERA DE VIAJE;9
ColpetroleumRsu8;2025-12-08 11:53:20;MN-48;0;307,76;FUERA DE VIAJE;9
ColpetroleumRsu8;2025-12-08 11:53:24;MN-48;0;286,76;FUERA DE VIAJE;9
ColpetroleumRsu8;2025-12-08 11:53:28;MN-48;0;305,25;FUERA DE VIAJE;9
ColpetroleumRsu8;2025-12-08 11:53:32;MN-48;0;310,89;FUERA DE VIAJE;9
ColpetroleumRsu8;2025-12-08 11:53:36;MN-48;0;270,47;FUERA DE VIAJE;9
ColpetroleumRsu8;2025-12-08 11:53:40;MN-48;0;298,04;FUERA DE VIAJE;9
ColpetroleumRsu8;2025-12-08 11:53:44;MN-48;0;274,23;FUERA DE VIAJE;9
ColpetroleumRsu8;2025-12-08 11:53:48;MN-48;0;301,49;FUERA DE VIAJE;9
ColpetroleumRsu8;2025-12-08 11:53:52;MN-48;0;300,86;FUERA DE VIAJE;9
ColpetroleumRsu8;2025-12-08 11:53:56;MN-48;0;292,09;FUERA DE VIAJE;9
ColpetroleumRsu8;2025-12-08 11:54:00;MN-48;0;308,7;FUERA DE VIAJE;9
ColpetroleumRsu8;2025-12-08 11:54:04;MN-48;0;261,69;FUERA DE VIAJE;9
ColpetroleumRsu8;2025-12-08 11:54:08;MN-48;0;307,76;FUERA DE VIAJE;9
ColpetroleumRsu8;2025-12-08 11:54:12;MN-48;0;284,57;FUERA DE VIAJE;9
ColpetroleumRsu8;2025-12-08 11:54:16;MN-48;0;294,6;FUERA DE VIAJE;9
ColpetroleumRsu8;2025-12-08 11:54:20;MN-48;0;311,83;FUERA DE VIAJE;9
ColpetroleumRsu8;2025-12-08 11:54:24;MN-48;0;264,82;FUERA DE VIAJE;9
ColpetroleumRsu8;2025-12-08 11:54:28;MN-48;0;300,24;FUERA DE VIAJE;9
ColpetroleumRsu8;2025-12-08 11:54:32;MN-48;0;288,96;FUERA DE VIAJE;9
ColpetroleumRsu8;2025-12-08 11:54:36;MN-48;0;294,6;FUERA DE VIAJE;9
ColpetroleumRsu8;2025-12-08 11:54:40;MN-48;0;311,52;FUERA DE VIAJE;9
ColpetroleumRsu8;2025-12-08 11:54:44;MN-48;0;286,45;FUERA DE VIAJE;9
ColpetroleumRsu8;2025-12-08 11:54:48;MN-48;0;303,37;FUERA DE VIAJE;9
ColpetroleumRsu8;2025-12-08 11:55:12;MN-48;0;267,64;FUERA DE VIAJE;10
ColpetroleumRsu8;2025-12-08 11:55:16;MN-48;0;313,4;FUERA DE VIAJE;10
ColpetroleumRsu8;2025-12-08 11:55:20;MN-48;0;310,58;FUERA DE VIAJE;10
ColpetroleumRsu8;2025-12-08 11:55:24;MN-48;0;283,63;FUERA DE VIAJE;10
ColpetroleumRsu8;2025-12-08 11:55:28;MN-48;0;300,55;FUERA DE VIAJE;10
ColpetroleumRsu8;2025-12-08 11:55:32;MN-48;0;278,93;FUERA DE VIAJE;10
ColpetroleumRsu8;2025-12-08 11:55:36;MN-48;0;306,51;FUERA DE VIAJE;10
ColpetroleumRsu8;2025-12-08 11:55:40;MN-48;0;310,58;FUERA DE VIAJE;10
ColpetroleumRsu8;2025-12-08 11:55:44;MN-48;0;280,49;FUERA DE VIAJE;10
ColpetroleumRsu8;2025-12-08 11:55:48;MN-48;0;297,73;FUERA DE VIAJE;10
ColpetroleumRsu8;2025-12-08 11:55:52;MN-48;0;276,42;FUERA DE VIAJE;10
ColpetroleumRsu8;2025-12-08 11:55:56;MN-48;0;303,37;FUERA DE VIAJE;10
ColpetroleumRsu8;2025-12-08 11:56:00;MN-48;0;311,52;FUERA DE VIAJE;10
ColpetroleumRsu8;2025-12-08 11:56:04;MN-48;0;290,84;FUERA DE VIAJE;10
ColpetroleumRsu8;2025-12-08 11:56:08;MN-48;0;301,81;FUERA DE VIAJE;10
ColpetroleumRsu8;2025-12-08 11:56:12;MN-48;0;280,49;FUERA DE VIAJE;10
ColpetroleumRsu8;2025-12-08 11:56:16;MN-48;0;305,88;FUERA DE VIAJE;10
ColpetroleumRsu8;2025-12-08 11:56:20;MN-48;0;315,91;FUERA DE VIAJE;10
ColpetroleumRsu8;2025-12-08 11:56:24;MN-48;0;287,08;FUERA DE VIAJE;10
ColpetroleumRsu8;2025-12-08 11:56:28;MN-48;0;298,98;FUERA DE VIAJE;10
ColpetroleumRsu8;2025-12-08 11:56:32;MN-48;0;272,03;FUERA DE VIAJE;10
ColpetroleumRsu8;2025-12-08 11:56:36;MN-48;0;303,06;FUERA DE VIAJE;10
ColpetroleumRsu8;2025-12-08 11:56:40;MN-48;0;307,76;FUERA DE VIAJE;10
ColpetroleumRsu8;2025-12-08 11:56:44;MN-48;0;295,22;FUERA DE VIAJE;10
ColpetroleumRsu8;2025-12-08 11:56:48;MN-48;0;302,75;FUERA DE VIAJE;10
ColpetroleumRsu8;2025-12-08 11:56:52;MN-48;0;280,81;FUERA DE VIAJE;10
ColpetroleumRsu8;2025-12-08 11:56:56;MN-48;0;301,81;FUERA DE VIAJE;10
ColpetroleumRsu8;2025-12-08 11:57:00;MN-48;0;309,95;FUERA DE VIAJE;10
ColpetroleumRsu8;2025-12-08 11:57:04;MN-48;0;292,4;FUERA DE VIAJE;10
ColpetroleumRsu8;2025-12-08 11:57:08;MN-48;0;302,75;FUERA DE VIAJE;10
ColpetroleumRsu8;2025-12-08 11:57:12;MN-48;0;280,18;FUERA DE VIAJE;10
ColpetroleumRsu8;2025-12-08 11:57:16;MN-48;0;305,88;FUERA DE VIAJE;10
ColpetroleumRsu8;2025-12-08 11:57:20;MN-48;0;308,7;FUERA DE VIAJE;10
ColpetroleumRsu8;2025-12-08 11:57:24;MN-48;0;289,27;FUERA DE VIAJE;10
ColpetroleumRsu8;2025-12-08 11:57:28;MN-48;0;304,63;FUERA DE VIAJE;10
ColpetroleumRsu8;2025-12-08 11:57:32;MN-48;0;283,94;FUERA DE VIAJE;10
ColpetroleumRsu8;2025-12-08 11:57:36;MN-48;0;304;FUERA DE VIAJE;10
ColpetroleumRsu8;2025-12-08 11:57:40;MN-48;0;313,4;FUERA DE VIAJE;10
ColpetroleumRsu8;2025-12-08 11:57:44;MN-48;0;282,06;FUERA DE VIAJE;10
ColpetroleumRsu8;2025-12-08 11:57:48;MN-48;0;306,51;FUERA DE VIAJE;10
ColpetroleumRsu8;2025-12-08 11:57:52;MN-48;0;292,09;FUERA DE VIAJE;10
ColpetroleumRsu8;2025-12-08 11:57:56;MN-48;0;299,61;FUERA DE VIAJE;10
ColpetroleumRsu8;2025-12-08 11:58:00;MN-48;0;313,71;FUERA DE VIAJE;10
ColpetroleumRsu8;2025-12-08 11:58:04;MN-48;0;263,88;FUERA DE VIAJE;10
ColpetroleumRsu8;2025-12-08 11:58:08;MN-48;0;305,88;FUERA DE VIAJE;10
ColpetroleumRsu8;2025-12-08 11:58:12;MN-48;0;294,6;FUERA DE VIAJE;10
ColpetroleumRsu8;2025-12-08 11:58:16;MN-48;0;295,54;FUERA DE VIAJE;10
ColpetroleumRsu8;2025-12-08 11:58:20;MN-48;0;308,7;FUERA DE VIAJE;10
ColpetroleumRsu8;2025-12-08 11:58:24;MN-48;0;270,15;FUERA DE VIAJE;10
ColpetroleumRsu8;2025-12-08 11:58:28;MN-48;0;308,7;FUERA DE VIAJE;10
ColpetroleumRsu8;2025-12-08 11:58:32;MN-48;0;306,82;FUERA DE VIAJE;10
ColpetroleumRsu8;2025-12-08 11:58:36;MN-48;0;295,85;FUERA DE VIAJE;10
ColpetroleumRsu8;2025-12-08 11:58:40;MN-48;0;300,55;FUERA DE VIAJE;10
ColpetroleumRsu8;2025-12-08 11:58:44;MN-48;0;279,55;FUERA DE VIAJE;10
ColpetroleumRsu8;2025-12-08 11:58:48;MN-48;0;308,7;FUERA DE VIAJE;10
ColpetroleumRsu8;2025-12-08 11:58:52;MN-48;0;304,63;FUERA DE VIAJE;10
ColpetroleumRsu8;2025-12-08 11:58:56;MN-48;0;296,48;FUERA DE VIAJE;10
ColpetroleumRsu8;2025-12-08 11:59:00;MN-48;0;299,61;FUERA DE VIAJE;10
ColpetroleumRsu8;2025-12-08 11:59:04;MN-48;0;285,82;FUERA DE VIAJE;10
ColpetroleumRsu8;2025-12-08 11:59:08;MN-48;0;307,13;FUERA DE VIAJE;10
ColpetroleumRsu8;2025-12-08 11:59:12;MN-48;0;306,19;FUERA DE VIAJE;10
ColpetroleumRsu8;2025-12-08 11:59:16;MN-48;0;285,19;FUERA DE VIAJE;10
ColpetroleumRsu8;2025-12-08 11:59:20;MN-48;0;305,88;FUERA DE VIAJE;10
ColpetroleumRsu8;2025-12-08 11:59:24;MN-48;0;287,39;FUERA DE VIAJE;10
ColpetroleumRsu8;2025-12-08 11:59:28;MN-48;0;303,69;FUERA DE VIAJE;10
ColpetroleumRsu8;2025-12-08 11:59:32;MN-48;0;318,42;FUERA DE VIAJE;10
ColpetroleumRsu8;2025-12-08 11:59:36;MN-48;0;269,21;FUERA DE VIAJE;10
ColpetroleumRsu8;2025-12-08 11:59:40;MN-48;0;307,13;FUERA DE VIAJE;10
ColpetroleumRsu8;2025-12-08 11:59:44;MN-48;0;300,24;FUERA DE VIAJE;10
ColpetroleumRsu8;2025-12-08 11:59:48;MN-48;0;298,98;FUERA DE VIAJE;10
ColpetroleumRsu8;2025-12-08 11:59:52;MN-48;0;312,77;FUERA DE VIAJE;10
ColpetroleumRsu8;2025-12-08 11:59:56;MN-48;0;273,29;FUERA DE VIAJE;10
ColpetroleumRsu8;2025-12-08 12:00:00;MN-48;0;302,12;FUERA DE VIAJE;10
ColpetroleumRsu8;2025-12-08 12:00:04;MN-48;0;307,13;FUERA DE VIAJE;10
ColpetroleumRsu8;2025-12-08 12:00:08;MN-48;0;302,75;FUERA DE VIAJE;10
ColpetroleumRsu8;2025-12-08 12:00:12;MN-48;0;294,6;FUERA DE VIAJE;10
ColpetroleumRsu8;2025-12-08 12:00:16;MN-48;0;284,88;FUERA DE VIAJE;10
ColpetroleumRsu8;2025-12-08 12:00:20;MN-48;0;304;FUERA DE VIAJE;10
ColpetroleumRsu8;2025-12-08 12:00:24;MN-48;0;303,06;FUERA DE VIAJE;10
ColpetroleumRsu8;2025-12-08 12:00:28;MN-48;0;292,09;FUERA DE VIAJE;10
ColpetroleumRsu8;2025-12-08 12:00:32;MN-48;0;304;FUERA DE VIAJE;10
ColpetroleumRsu8;2025-12-08 12:00:36;MN-48;0;293,34;FUERA DE VIAJE;10
ColpetroleumRsu8;2025-12-08 12:00:40;MN-48;0;299,3;FUERA DE VIAJE;10
ColpetroleumRsu8;2025-12-08 12:00:44;MN-48;0;313,4;FUERA DE VIAJE;10
ColpetroleumRsu8;2025-12-08 12:00:48;MN-48;0;274,85;FUERA DE VIAJE;10
ColpetroleumRsu8;2025-12-08 12:00:52;MN-48;0;305,88;FUERA DE VIAJE;10
ColpetroleumRsu8;2025-12-08 12:00:56;MN-48;0;300,55;FUERA DE VIAJE;10
ColpetroleumRsu8;2025-12-08 12:01:00;MN-48;0;293,66;FUERA DE VIAJE;10
ColpetroleumRsu8;2025-12-08 12:01:04;MN-48;0;307,45;FUERA DE VIAJE;10
ColpetroleumRsu8;2025-12-08 12:01:08;MN-48;0;276,42;FUERA DE VIAJE;10
ColpetroleumRsu8;2025-12-08 12:01:12;MN-48;0;303,37;FUERA DE VIAJE;10
ColpetroleumRsu8;2025-12-08 12:01:16;MN-48;0;314,65;FUERA DE VIAJE;10
ColpetroleumRsu8;2025-12-08 12:01:20;MN-48;0;294,6;FUERA DE VIAJE;10
ColpetroleumRsu8;2025-12-08 12:01:24;MN-48;0;313,4;FUERA DE VIAJE;10
ColpetroleumRsu8;2025-12-08 12:01:28;MN-48;0;296,16;FUERA DE VIAJE;10
ColpetroleumRsu8;2025-12-08 12:01:32;MN-48;0;299,61;FUERA DE VIAJE;10
ColpetroleumRsu8;2025-12-08 12:01:36;MN-48;0;315,28;FUERA DE VIAJE;10
ColpetroleumRsu8;2025-12-08 12:01:40;MN-48;0;279,87;FUERA DE VIAJE;10
ColpetroleumRsu8;2025-12-08 12:01:44;MN-48;0;309,95;FUERA DE VIAJE;10
ColpetroleumRsu8;2025-12-08 12:01:48;MN-48;0;315,28;FUERA DE VIAJE;10
ColpetroleumRsu8;2025-12-08 12:01:52;MN-48;0;290,84;FUERA DE VIAJE;10
ColpetroleumRsu8;2025-12-08 12:01:56;MN-48;0;303,37;FUERA DE VIAJE;10
ColpetroleumRsu8;2025-12-08 12:02:00;MN-48;0;278,61;FUERA DE VIAJE;10
ColpetroleumRsu8;2025-12-08 12:02:04;MN-48;0;303,69;FUERA DE VIAJE;10
ColpetroleumRsu8;2025-12-08 12:02:08;MN-48;0;314,65;FUERA DE VIAJE;10
ColpetroleumRsu8;2025-12-08 12:02:12;MN-48;0;286,76;FUERA DE VIAJE;10
ColpetroleumRsu8;2025-12-08 12:02:16;MN-48;0;319,67;FUERA DE VIAJE;10
ColpetroleumRsu8;2025-12-08 12:02:20;MN-48;0;311,21;FUERA DE VIAJE;10
ColpetroleumRsu8;2025-12-08 12:02:24;MN-48;0;303,06;FUERA DE VIAJE;10
ColpetroleumRsu8;2025-12-08 12:02:28;MN-48;0;300,24;FUERA DE VIAJE;10
ColpetroleumRsu8;2025-12-08 12:02:32;MN-48;0;282,06;FUERA DE VIAJE;10
ColpetroleumRsu8;2025-12-08 12:02:36;MN-48;0;304;FUERA DE VIAJE;10
ColpetroleumRsu8;2025-12-08 12:02:40;MN-48;0;311,83;FUERA DE VIAJE;10
ColpetroleumRsu8;2025-12-08 12:02:44;MN-48;0;288,96;FUERA DE VIAJE;10
ColpetroleumRsu8;2025-12-08 12:02:48;MN-48;0;310,27;FUERA DE VIAJE;10
ColpetroleumRsu8;2025-12-08 12:02:52;MN-48;0;301,49;FUERA DE VIAJE;10
ColpetroleumRsu8;2025-12-08 12:02:56;MN-48;0;309,01;FUERA DE VIAJE;10
ColpetroleumRsu8;2025-12-08 12:03:00;MN-48;0;302,43;FUERA DE VIAJE;10
ColpetroleumRsu8;2025-12-08 12:03:04;MN-48;0;283,94;FUERA DE VIAJE;10
ColpetroleumRsu8;2025-12-08 12:03:08;MN-48;0;309,01;FUERA DE VIAJE;10
ColpetroleumRsu8;2025-12-08 12:03:12;MN-48;0;308,7;FUERA DE VIAJE;10
ColpetroleumRsu8;2025-12-08 12:03:16;MN-48;0;283,63;FUERA DE VIAJE;10
ColpetroleumRsu8;2025-12-08 12:03:20;MN-48;0;316,54;FUERA DE VIAJE;10
ColpetroleumRsu8;2025-12-08 12:03:24;MN-48;0;301,18;FUERA DE VIAJE;10
ColpetroleumRsu8;2025-12-08 12:03:28;MN-48;0;294,6;FUERA DE VIAJE;10
ColpetroleumRsu8;2025-12-08 12:03:32;MN-48;0;293,97;FUERA DE VIAJE;10
ColpetroleumRsu8;2025-12-08 12:03:36;MN-48;0;282,06;FUERA DE VIAJE;10
ColpetroleumRsu8;2025-12-08 12:03:40;MN-48;0;310,89;FUERA DE VIAJE;10
ColpetroleumRsu8;2025-12-08 12:03:44;MN-48;0;312,77;FUERA DE VIAJE;10
ColpetroleumRsu8;2025-12-08 12:03:48;MN-48;0;287,7;FUERA DE VIAJE;10
ColpetroleumRsu8;2025-12-08 12:03:52;MN-48;0;316,22;FUERA DE VIAJE;10
ColpetroleumRsu8;2025-12-08 12:03:56;MN-48;0;307,76;FUERA DE VIAJE;10
ColpetroleumRsu8;2025-12-08 12:04:00;MN-48;0;297,73;FUERA DE VIAJE;10
ColpetroleumRsu8;2025-12-08 12:04:04;MN-48;1,06;299,3;FUERA DE VIAJE;10
ColpetroleumRsu8;2025-12-08 12:04:08;MN-48;1,11;280,18;FUERA DE VIAJE;10
ColpetroleumRsu8;2025-12-08 12:04:12;MN-48;1,11;306,82;FUERA DE VIAJE;10
ColpetroleumRsu8;2025-12-08 12:04:16;MN-48;1,11;308,39;FUERA DE VIAJE;10
ColpetroleumRsu8;2025-12-08 12:04:20;MN-48;1,11;279,55;FUERA DE VIAJE;10
ColpetroleumRsu8;2025-12-08 12:04:24;MN-48;1,06;317,79;FUERA DE VIAJE;10
ColpetroleumRsu8;2025-12-08 12:04:28;MN-48;1,11;307,76;FUERA DE VIAJE;10
ColpetroleumRsu8;2025-12-08 12:04:32;MN-48;1,11;299,61;FUERA DE VIAJE;10
ColpetroleumRsu8;2025-12-08 12:04:36;MN-48;1,11;310,27;FUERA DE VIAJE;10
ColpetroleumRsu8;2025-12-08 12:04:40;MN-48;1,11;292,09;FUERA DE VIAJE;10
ColpetroleumRsu8;2025-12-08 12:04:44;MN-48;1,06;314,03;FUERA DE VIAJE;10
ColpetroleumRsu8;2025-12-08 12:04:48;MN-48;1,11;300,86;FUERA DE VIAJE;10
ColpetroleumRsu8;2025-12-08 12:04:52;MN-48;1,11;277,05;FUERA DE VIAJE;10
ColpetroleumRsu8;2025-12-08 12:04:56;MN-48;1,11;309,01;FUERA DE VIAJE;10
ColpetroleumRsu8;2025-12-08 12:05:00;MN-48;1,11;314,34;FUERA DE VIAJE;10
ColpetroleumRsu8;2025-12-08 12:05:04;MN-48;1,11;296,16;FUERA DE VIAJE;10
ColpetroleumRsu8;2025-12-08 12:05:08;MN-48;1,11;314,97;FUERA DE VIAJE;10
ColpetroleumRsu8;2025-12-08 12:05:12;MN-48;1,11;298,04;FUERA DE VIAJE;10
ColpetroleumRsu8;2025-12-08 12:05:16;MN-48;1,06;301,49;FUERA DE VIAJE;10
ColpetroleumRsu8;2025-12-08 12:05:20;MN-48;1,11;298,67;FUERA DE VIAJE;10
ColpetroleumRsu8;2025-12-08 12:05:24;MN-48;1,11;281,43;FUERA DE VIAJE;10
ColpetroleumRsu8;2025-12-08 12:05:28;MN-48;1,06;307,45;FUERA DE VIAJE;10
ColpetroleumRsu8;2025-12-08 12:05:32;MN-48;1,11;309,33;FUERA DE VIAJE;10
ColpetroleumRsu8;2025-12-08 12:05:36;MN-48;1,06;288,96;FUERA DE VIAJE;10
ColpetroleumRsu8;2025-12-08 12:05:40;MN-48;1,06;316,54;FUERA DE VIAJE;10
ColpetroleumRsu8;2025-12-08 12:05:44;MN-48;1,11;305,57;FUERA DE VIAJE;10
ColpetroleumRsu8;2025-12-08 12:05:48;MN-48;1,11;301,49;FUERA DE VIAJE;10
ColpetroleumRsu8;2025-12-08 12:05:52;MN-48;1,02;297,1;FUERA DE VIAJE;10
ColpetroleumRsu8;2025-12-08 12:05:56;MN-48;1,06;278,61;FUERA DE VIAJE;10
ColpetroleumRsu8;2025-12-08 12:06:00;MN-48;1,11;308,07;FUERA DE VIAJE;10
ColpetroleumRsu8;2025-12-08 12:06:04;MN-48;1,11;314,97;FUERA DE VIAJE;10
ColpetroleumRsu8;2025-12-08 12:06:08;MN-48;1,06;279,55;FUERA DE VIAJE;10
ColpetroleumRsu8;2025-12-08 12:06:12;MN-48;1,06;315,59;FUERA DE VIAJE;10
ColpetroleumRsu8;2025-12-08 12:06:16;MN-48;1,11;298,98;FUERA DE VIAJE;10
ColpetroleumRsu8;2025-12-08 12:06:20;MN-48;1,11;304,31;FUERA DE VIAJE;10
ColpetroleumRsu8;2025-12-08 12:06:24;MN-48;1,11;302,12;FUERA DE VIAJE;10
ColpetroleumRsu8;2025-12-08 12:06:28;MN-48;1,06;291,46;FUERA DE VIAJE;10
ColpetroleumRsu8;2025-12-08 12:06:32;MN-48;1,11;313,09;FUERA DE VIAJE;10
ColpetroleumRsu8;2025-12-08 12:06:36;MN-48;1,06;316,54;FUERA DE VIAJE;10
ColpetroleumRsu8;2025-12-08 12:06:41;MN-48;1,06;277,05;FUERA DE VIAJE;10
ColpetroleumRsu8;2025-12-08 12:06:45;MN-48;1,06;314,65;FUERA DE VIAJE;10
ColpetroleumRsu8;2025-12-08 12:06:49;MN-48;1,11;305,88;FUERA DE VIAJE;10
ColpetroleumRsu8;2025-12-08 12:06:53;MN-48;1,11;303,69;FUERA DE VIAJE;10
ColpetroleumRsu8;2025-12-08 12:06:57;MN-48;1,11;304,94;FUERA DE VIAJE;10
ColpetroleumRsu8;2025-12-08 12:53:01;MN-48;1,11;313,09;FUERA DE VIAJE;11
ColpetroleumRsu8;2025-12-08 12:53:05;MN-48;1,11;285,51;FUERA DE VIAJE;11
ColpetroleumRsu8;2025-12-08 12:53:09;MN-48;1,11;306,51;FUERA DE VIAJE;11
ColpetroleumRsu8;2025-12-08 12:53:13;MN-48;1,11;303,37;FUERA DE VIAJE;11
ColpetroleumRsu8;2025-12-08 12:53:17;MN-48;1,11;292,4;FUERA DE VIAJE;11
ColpetroleumRsu8;2025-12-08 12:53:21;MN-48;1,11;310,27;FUERA DE VIAJE;11
ColpetroleumRsu8;2025-12-08 12:53:25;MN-48;1,11;308,39;FUERA DE VIAJE;11
ColpetroleumRsu8;2025-12-08 12:53:29;MN-48;1,11;298,67;FUERA DE VIAJE;11
ColpetroleumRsu8;2025-12-08 12:53:33;MN-48;1,11;298,98;FUERA DE VIAJE;11
ColpetroleumRsu8;2025-12-08 12:53:37;MN-48;1,06;313,71;FUERA DE VIAJE;11
ColpetroleumRsu8;2025-12-08 12:53:41;MN-48;1,11;296,48;FUERA DE VIAJE;11
ColpetroleumRsu8;2025-12-08 12:53:45;MN-48;1,11;297,42;FUERA DE VIAJE;11
ColpetroleumRsu8;2025-12-08 12:53:49;MN-48;1,11;318,42;FUERA DE VIAJE;11
ColpetroleumRsu8;2025-12-08 12:53:53;MN-48;1,11;309,95;FUERA DE VIAJE;11
ColpetroleumRsu8;2025-12-08 12:53:57;MN-48;1,06;288,33;FUERA DE VIAJE;11
ColpetroleumRsu8;2025-12-08 12:54:01;MN-48;1,11;322,8;FUERA DE VIAJE;11
ColpetroleumRsu8;2025-12-08 12:54:05;MN-48;1,11;323,43;FUERA DE VIAJE;11
ColpetroleumRsu8;2025-12-08 12:54:09;MN-48;1,11;280,18;FUERA DE VIAJE;11
ColpetroleumRsu8;2025-12-08 12:54:13;MN-48;1,06;311,21;FUERA DE VIAJE;11
ColpetroleumRsu8;2025-12-08 12:54:17;MN-48;1,06;310,58;FUERA DE VIAJE;11
ColpetroleumRsu8;2025-12-08 12:54:21;MN-48;1,06;285,82;FUERA DE VIAJE;11
ColpetroleumRsu8;2025-12-08 12:54:25;MN-48;1,06;309,64;FUERA DE VIAJE;11
ColpetroleumRsu8;2025-12-08 12:54:29;MN-48;1,06;307,13;FUERA DE VIAJE;11
ColpetroleumRsu8;2025-12-08 12:54:33;MN-48;0;287,7;FUERA DE VIAJE;11
ColpetroleumRsu8;2025-12-08 12:54:37;MN-48;0;309,95;FUERA DE VIAJE;11
ColpetroleumRsu8;2025-12-08 12:54:41;MN-48;0;318,1;FUERA DE VIAJE;11
ColpetroleumRsu8;2025-12-08 12:54:45;MN-48;0;308,39;FUERA DE VIAJE;11
ColpetroleumRsu8;2025-12-08 12:54:49;MN-48;0;303,06;FUERA DE VIAJE;11
ColpetroleumRsu8;2025-12-08 12:54:53;MN-48;0;320,92;FUERA DE VIAJE;11
ColpetroleumRsu8;2025-12-08 12:54:57;MN-48;0;326,56;FUERA DE VIAJE;11
ColpetroleumRsu8;2025-12-08 12:55:01;MN-48;0;287,7;FUERA DE VIAJE;11
ColpetroleumRsu8;2025-12-08 12:55:05;MN-48;0;317,16;FUERA DE VIAJE;11
ColpetroleumRsu8;2025-12-08 12:55:09;MN-48;0;314,03;FUERA DE VIAJE;11
ColpetroleumRsu8;2025-12-08 12:55:13;MN-48;0;280,49;FUERA DE VIAJE;11
ColpetroleumRsu8;2025-12-08 12:55:17;MN-48;0;312,15;FUERA DE VIAJE;11
ColpetroleumRsu8;2025-12-08 12:55:21;MN-48;0;315,28;FUERA DE VIAJE;11
ColpetroleumRsu8;2025-12-08 12:55:25;MN-48;0;282,06;FUERA DE VIAJE;11
ColpetroleumRsu8;2025-12-08 12:55:29;MN-48;0;313,09;FUERA DE VIAJE;11
ColpetroleumRsu8;2025-12-08 12:55:33;MN-48;0;307,76;FUERA DE VIAJE;11
ColpetroleumRsu8;2025-12-08 12:55:37;MN-48;0;294,28;FUERA DE VIAJE;11
ColpetroleumRsu8;2025-12-08 12:55:41;MN-48;0;308,07;FUERA DE VIAJE;11
ColpetroleumRsu8;2025-12-08 12:55:45;MN-48;0;306,82;FUERA DE VIAJE;11
ColpetroleumRsu8;2025-12-08 12:55:49;MN-48;0;294,6;FUERA DE VIAJE;11
ColpetroleumRsu8;2025-12-08 12:55:53;MN-48;0;305,57;FUERA DE VIAJE;11
ColpetroleumRsu8;2025-12-08 12:55:57;MN-48;0;319,67;FUERA DE VIAJE;11
ColpetroleumRsu8;2025-12-08 12:56:01;MN-48;0;304,94;FUERA DE VIAJE;11
ColpetroleumRsu8;2025-12-08 12:56:05;MN-48;0;298,98;FUERA DE VIAJE;11
ColpetroleumRsu8;2025-12-08 12:56:09;MN-48;0;316,85;FUERA DE VIAJE;11
ColpetroleumRsu8;2025-12-08 12:56:13;MN-48;0;309,64;FUERA DE VIAJE;11
ColpetroleumRsu8;2025-12-08 12:56:17;MN-48;0;129,43;FUERA DE VIAJE;11
ColpetroleumRsu8;2025-12-08 12:56:21;MN-48;0;24,45;FUERA DE VIAJE;11
ColpetroleumRsu8;2025-12-08 12:56:25;MN-48;0;30,09;FUERA DE VIAJE;11
ColpetroleumRsu8;2025-12-08 12:56:29;MN-48;0;176,76;FUERA DE VIAJE;11
ColpetroleumRsu8;2025-12-08 12:56:33;MN-48;0;156,07;FUERA DE VIAJE;11
ColpetroleumRsu8;2025-12-08 12:56:37;MN-48;0;138,21;FUERA DE VIAJE;11
ColpetroleumRsu8;2025-12-08 12:56:41;MN-48;0;156,07;FUERA DE VIAJE;11
ColpetroleumRsu8;2025-12-08 12:56:45;MN-48;0;116,59;FUERA DE VIAJE;11
ColpetroleumRsu8;2025-12-08 12:56:49;MN-48;0;141,34;FUERA DE VIAJE;11
ColpetroleumRsu8;2025-12-08 12:56:53;MN-48;0;162,34;FUERA DE VIAJE;11
ColpetroleumRsu8;2025-12-08 12:56:57;MN-48;0;170,8;FUERA DE VIAJE;11
ColpetroleumRsu8;2025-12-08 12:57:01;MN-48;0;164,54;FUERA DE VIAJE;11
ColpetroleumRsu8;2025-12-08 12:57:05;MN-48;0;169,24;FUERA DE VIAJE;11
ColpetroleumRsu8;2025-12-08 12:57:09;MN-48;0;186,16;FUERA DE VIAJE;11
ColpetroleumRsu8;2025-12-08 12:57:13;MN-48;0;196,19;FUERA DE VIAJE;11
ColpetroleumRsu8;2025-12-08 12:57:17;MN-48;0;198,7;FUERA DE VIAJE;11
ColpetroleumRsu8;2025-12-08 12:57:21;MN-48;0;203,71;FUERA DE VIAJE;11
ColpetroleumRsu8;2025-12-08 12:57:25;MN-48;0;213,11;FUERA DE VIAJE;11
ColpetroleumRsu8;2025-12-08 12:57:29;MN-48;0;224,08;FUERA DE VIAJE;11
ColpetroleumRsu8;2025-12-08 12:57:33;MN-48;0;228,78;FUERA DE VIAJE;11
ColpetroleumRsu8;2025-12-08 12:57:37;MN-48;0;233,48;FUERA DE VIAJE;11
ColpetroleumRsu8;2025-12-08 12:57:41;MN-48;0;240,69;FUERA DE VIAJE;11
ColpetroleumRsu8;2025-12-08 12:57:45;MN-48;0;249,47;FUERA DE VIAJE;11
ColpetroleumRsu8;2025-12-08 12:57:49;MN-48;0;253,85;FUERA DE VIAJE;11
ColpetroleumRsu8;2025-12-08 12:57:53;MN-48;0;258,24;FUERA DE VIAJE;11
ColpetroleumRsu8;2025-12-08 12:57:57;MN-48;0;265,76;FUERA DE VIAJE;11
ColpetroleumRsu8;2025-12-08 12:58:01;MN-48;0;272,03;FUERA DE VIAJE;11
ColpetroleumRsu8;2025-12-08 12:58:05;MN-48;0;277,67;FUERA DE VIAJE;11
ColpetroleumRsu8;2025-12-08 12:58:09;MN-48;0;282,06;FUERA DE VIAJE;11
ColpetroleumRsu8;2025-12-08 12:58:13;MN-48;0;287,08;FUERA DE VIAJE;11
ColpetroleumRsu8;2025-12-08 12:58:17;MN-48;0;293,34;FUERA DE VIAJE;11
ColpetroleumRsu8;2025-12-08 12:58:21;MN-48;0;298,98;FUERA DE VIAJE;11
ColpetroleumRsu8;2025-12-08 12:58:25;MN-48;0;302,75;FUERA DE VIAJE;11
ColpetroleumRsu8;2025-12-08 12:58:29;MN-48;0;306,51;FUERA DE VIAJE;11
ColpetroleumRsu8;2025-12-08 12:58:33;MN-48;0;310,89;FUERA DE VIAJE;11
ColpetroleumRsu8;2025-12-08 12:58:37;MN-48;0;314,03;FUERA DE VIAJE;11
ColpetroleumRsu8;2025-12-08 12:58:41;MN-48;0;318,1;FUERA DE VIAJE;11
ColpetroleumRsu8;2025-12-08 12:58:45;MN-48;0;321,86;FUERA DE VIAJE;11
ColpetroleumRsu8;2025-12-08 12:58:49;MN-48;0;325,31;FUERA DE VIAJE;11
ColpetroleumRsu8;2025-12-08 12:58:53;MN-48;0;328,13;FUERA DE VIAJE;11
ColpetroleumRsu8;2025-12-08 12:58:57;MN-48;0;330,32;FUERA DE VIAJE;11
ColpetroleumRsu8;2025-12-08 12:59:01;MN-48;0;333,46;FUERA DE VIAJE;11
ColpetroleumRsu8;2025-12-08 12:59:05;MN-48;0;335,97;FUERA DE VIAJE;11
ColpetroleumRsu8;2025-12-08 12:59:09;MN-48;0;337,85;FUERA DE VIAJE;11
ColpetroleumRsu8;2025-12-08 12:59:13;MN-48;0;340,04;FUERA DE VIAJE;11
ColpetroleumRsu8;2025-12-08 12:59:17;MN-48;0;340,98;FUERA DE VIAJE;11
ColpetroleumRsu8;2025-12-08 12:59:21;MN-48;0;343,49;FUERA DE VIAJE;11
ColpetroleumRsu8;2025-12-08 12:59:25;MN-48;0;344,11;FUERA DE VIAJE;11
ColpetroleumRsu8;2025-12-08 12:59:29;MN-48;0;345,37;FUERA DE VIAJE;11
ColpetroleumRsu8;2025-12-08 12:59:33;MN-48;0;345,99;FUERA DE VIAJE;11
ColpetroleumRsu8;2025-12-08 12:59:37;MN-48;0;346,62;FUERA DE VIAJE;11
ColpetroleumRsu8;2025-12-08 12:59:41;MN-48;0;347,88;FUERA DE VIAJE;11
ColpetroleumRsu8;2025-12-08 12:59:45;MN-48;0;347,25;FUERA DE VIAJE;11
ColpetroleumRsu8;2025-12-08 12:59:49;MN-48;0;347,25;FUERA DE VIAJE;11
ColpetroleumRsu8;2025-12-08 12:59:53;MN-48;0;347,25;FUERA DE VIAJE;11
ColpetroleumRsu8;2025-12-08 12:59:57;MN-48;0;346,93;FUERA DE VIAJE;11
ColpetroleumRsu8;2025-12-08 13:00:01;MN-48;0;346,93;FUERA DE VIAJE;11
ColpetroleumRsu8;2025-12-08 13:00:05;MN-48;0;346,31;FUERA DE VIAJE;11
ColpetroleumRsu8;2025-12-08 13:00:09;MN-48;0;345,68;FUERA DE VIAJE;11
ColpetroleumRsu8;2025-12-08 13:00:13;MN-48;0;345,68;FUERA DE VIAJE;11
ColpetroleumRsu8;2025-12-08 13:00:17;MN-48;0;344,74;FUERA DE VIAJE;11
ColpetroleumRsu8;2025-12-08 13:00:21;MN-48;0;343,49;FUERA DE VIAJE;11
ColpetroleumRsu8;2025-12-08 13:00:25;MN-48;0;343,49;FUERA DE VIAJE;11
ColpetroleumRsu8;2025-12-08 13:00:29;MN-48;0;342,86;FUERA DE VIAJE;11
ColpetroleumRsu8;2025-12-08 13:00:33;MN-48;0;341,61;FUERA DE VIAJE;11
ColpetroleumRsu8;2025-12-08 13:00:37;MN-48;0;340,98;FUERA DE VIAJE;11
ColpetroleumRsu8;2025-12-08 13:00:41;MN-48;0;340,04;FUERA DE VIAJE;11
ColpetroleumRsu8;2025-12-08 13:00:45;MN-48;0;339,41;FUERA DE VIAJE;11
ColpetroleumRsu8;2025-12-08 13:00:49;MN-48;0;338,79;FUERA DE VIAJE;11
ColpetroleumRsu8;2025-12-08 13:00:53;MN-48;0;338,16;FUERA DE VIAJE;11
ColpetroleumRsu8;2025-12-08 13:00:57;MN-48;0;336,91;FUERA DE VIAJE;11
ColpetroleumRsu8;2025-12-08 13:01:01;MN-48;0;336,28;FUERA DE VIAJE;11
ColpetroleumRsu8;2025-12-08 13:01:05;MN-48;0;335,03;FUERA DE VIAJE;11
ColpetroleumRsu8;2025-12-08 13:01:09;MN-48;0;333,77;FUERA DE VIAJE;11
ColpetroleumRsu8;2025-12-08 13:01:13;MN-48;0;332,83;FUERA DE VIAJE;11
ColpetroleumRsu8;2025-12-08 13:01:17;MN-48;0;332,83;FUERA DE VIAJE;11
ColpetroleumRsu8;2025-12-08 13:01:21;MN-48;0;331,58;FUERA DE VIAJE;11
ColpetroleumRsu8;2025-12-08 13:01:25;MN-48;0;330,32;FUERA DE VIAJE;11
ColpetroleumRsu8;2025-12-08 13:01:29;MN-48;0;329,38;FUERA DE VIAJE;11
ColpetroleumRsu8;2025-12-08 13:01:33;MN-48;0;328,44;FUERA DE VIAJE;11
ColpetroleumRsu8;2025-12-08 13:01:37;MN-48;0;327,82;FUERA DE VIAJE;11
ColpetroleumRsu8;2025-12-08 13:01:41;MN-48;0;326,56;FUERA DE VIAJE;11
ColpetroleumRsu8;2025-12-08 13:01:45;MN-48;0;325,94;FUERA DE VIAJE;11
ColpetroleumRsu8;2025-12-08 13:01:49;MN-48;0;325,31;FUERA DE VIAJE;11
ColpetroleumRsu8;2025-12-08 13:01:53;MN-48;0;324,68;FUERA DE VIAJE;11
ColpetroleumRsu8;2025-12-08 13:01:57;MN-48;0;323,12;FUERA DE VIAJE;11
ColpetroleumRsu8;2025-12-08 13:02:01;MN-48;0;322,49;FUERA DE VIAJE;11
ColpetroleumRsu8;2025-12-08 13:02:05;MN-48;0;321,24;FUERA DE VIAJE;11
ColpetroleumRsu8;2025-12-08 13:02:09;MN-48;0;320,3;FUERA DE VIAJE;11
ColpetroleumRsu8;2025-12-08 13:02:13;MN-48;0;320,3;FUERA DE VIAJE;11
ColpetroleumRsu8;2025-12-08 13:02:17;MN-48;0;318,73;FUERA DE VIAJE;11
ColpetroleumRsu8;2025-12-08 13:02:21;MN-48;0;318,1;FUERA DE VIAJE;11
ColpetroleumRsu8;2025-12-08 13:02:25;MN-48;0;317,48;FUERA DE VIAJE;11
ColpetroleumRsu8;2025-12-08 13:02:29;MN-48;0;316,85;FUERA DE VIAJE;11
ColpetroleumRsu8;2025-12-08 13:02:33;MN-48;0;315,59;FUERA DE VIAJE;11
ColpetroleumRsu8;2025-12-08 13:02:37;MN-48;0;408,67;FUERA DE VIAJE;11
ColpetroleumRsu8;2025-12-08 13:02:41;MN-48;0;182,4;FUERA DE VIAJE;11
ColpetroleumRsu8;2025-12-08 13:02:45;MN-48;0;302,43;FUERA DE VIAJE;11
ColpetroleumRsu8;2025-12-08 13:02:49;MN-48;0;368,25;FUERA DE VIAJE;11
ColpetroleumRsu8;2025-12-08 13:02:53;MN-48;0;377,33;FUERA DE VIAJE;11
ColpetroleumRsu8;2025-12-08 13:02:57;MN-48;0;327,5;FUERA DE VIAJE;11
ColpetroleumRsu8;2025-12-08 13:03:01;MN-48;0;391,75;FUERA DE VIAJE;11
ColpetroleumRsu8;2025-12-08 13:03:05;MN-48;0;404,91;FUERA DE VIAJE;11
ColpetroleumRsu8;2025-12-08 13:03:09;MN-48;0;374,2;FUERA DE VIAJE;11
ColpetroleumRsu8;2025-12-08 13:03:13;MN-48;0;389,24;FUERA DE VIAJE;11
ColpetroleumRsu8;2025-12-08 13:03:17;MN-48;0;581,36;FUERA DE VIAJE;11
ColpetroleumRsu8;2025-12-08 13:03:21;MN-48;0;555,66;FUERA DE VIAJE;11
ColpetroleumRsu8;2025-12-08 13:03:25;MN-48;0;654,38;FUERA DE VIAJE;11
ColpetroleumRsu8;2025-12-08 13:03:29;MN-48;0;668,17;FUERA DE VIAJE;11
ColpetroleumRsu8;2025-12-08 13:03:33;MN-48;0;686,03;FUERA DE VIAJE;11
ColpetroleumRsu8;2025-12-08 13:03:37;MN-48;0;710,79;FUERA DE VIAJE;11
ColpetroleumRsu8;2025-12-08 13:03:41;MN-48;0;663,78;FUERA DE VIAJE;11
ColpetroleumRsu8;2025-12-08 13:03:45;MN-48;0;719,57;FUERA DE VIAJE;11
ColpetroleumRsu8;2025-12-08 13:03:49;MN-48;0;676,01;FUERA DE VIAJE;11
ColpetroleumRsu8;2025-12-08 13:03:53;MN-48;0;735,87;FUERA DE VIAJE;11
ColpetroleumRsu8;2025-12-08 13:03:57;MN-48;0;679,77;FUERA DE VIAJE;11
ColpetroleumRsu8;2025-12-08 13:04:01;MN-48;0;638,08;FUERA DE VIAJE;11
ColpetroleumRsu8;2025-12-08 13:04:05;MN-48;0;308,07;FUERA DE VIAJE;11
ColpetroleumRsu8;2025-12-08 13:04:09;MN-48;0;300,24;FUERA DE VIAJE;11
ColpetroleumRsu8;2025-12-08 13:04:13;MN-48;0;319,36;FUERA DE VIAJE;11
ColpetroleumRsu8;2025-12-08 13:04:17;MN-48;0;307,76;FUERA DE VIAJE;11
ColpetroleumRsu8;2025-12-08 13:04:21;MN-48;0;290,84;FUERA DE VIAJE;11
ColpetroleumRsu8;2025-12-08 13:04:25;MN-48;0;330,95;FUERA DE VIAJE;11
ColpetroleumRsu8;2025-12-08 13:04:29;MN-48;0;316,54;FUERA DE VIAJE;11
ColpetroleumRsu8;2025-12-08 13:04:33;MN-48;0;292,09;FUERA DE VIAJE;11
ColpetroleumRsu8;2025-12-08 13:04:37;MN-48;0;327,82;FUERA DE VIAJE;11
ColpetroleumRsu8;2025-12-08 13:04:41;MN-48;0;318,42;FUERA DE VIAJE;11
ColpetroleumRsu8;2025-12-08 13:04:45;MN-48;0;283,94;FUERA DE VIAJE;11
ColpetroleumRsu8;2025-12-08 13:04:49;MN-48;0;311,21;FUERA DE VIAJE;11
ColpetroleumRsu8;2025-12-08 13:04:53;MN-48;0;323,74;FUERA DE VIAJE;11
ColpetroleumRsu8;2025-12-08 13:04:57;MN-48;0;283,94;FUERA DE VIAJE;11
ColpetroleumRsu8;2025-12-08 13:05:01;MN-48;0;311,52;FUERA DE VIAJE;11
ColpetroleumRsu8;2025-12-08 13:05:05;MN-48;0;319,67;FUERA DE VIAJE;11
ColpetroleumRsu8;2025-12-08 13:05:09;MN-48;0;292,4;FUERA DE VIAJE;11
ColpetroleumRsu8;2025-12-08 13:05:13;MN-48;0;311,21;FUERA DE VIAJE;11
ColpetroleumRsu8;2025-12-08 13:05:17;MN-48;0;308,39;FUERA DE VIAJE;11
ColpetroleumRsu8;2025-12-08 13:05:21;MN-48;0;306,19;FUERA DE VIAJE;11
ColpetroleumRsu8;2025-12-08 13:05:25;MN-48;0;307,13;FUERA DE VIAJE;11
ColpetroleumRsu8;2025-12-08 13:05:29;MN-48;0;322,49;FUERA DE VIAJE;11
ColpetroleumRsu8;2025-12-08 13:05:33;MN-48;0;324,68;FUERA DE VIAJE;11
ColpetroleumRsu8;2025-12-08 13:05:37;MN-48;0;280,81;FUERA DE VIAJE;11
ColpetroleumRsu8;2025-12-08 13:05:41;MN-48;0;314,03;FUERA DE VIAJE;11
ColpetroleumRsu8;2025-12-08 13:05:45;MN-48;0;317,79;FUERA DE VIAJE;11
ColpetroleumRsu8;2025-12-08 13:05:49;MN-48;0;296,48;FUERA DE VIAJE;11
ColpetroleumRsu8;2025-12-08 13:05:53;MN-48;0;313,4;FUERA DE VIAJE;11
ColpetroleumRsu8;2025-12-08 13:05:57;MN-48;0;305,88;FUERA DE VIAJE;11
ColpetroleumRsu8;2025-12-08 13:06:01;MN-48;0;297,42;FUERA DE VIAJE;11
ColpetroleumRsu8;2025-12-08 13:06:05;MN-48;0;309,64;FUERA DE VIAJE;11
ColpetroleumRsu8;2025-12-08 13:06:09;MN-48;0;318,1;FUERA DE VIAJE;11
ColpetroleumRsu8;2025-12-08 13:06:13;MN-48;0;317,16;FUERA DE VIAJE;11
ColpetroleumRsu8;2025-12-08 13:06:17;MN-48;0;285,82;FUERA DE VIAJE;11
ColpetroleumRsu8;2025-12-08 13:06:21;MN-48;0;312,46;FUERA DE VIAJE;11
ColpetroleumRsu8;2025-12-08 13:06:25;MN-48;0;315,91;FUERA DE VIAJE;11
ColpetroleumRsu8;2025-12-08 13:06:29;MN-48;0;284,25;FUERA DE VIAJE;11
ColpetroleumRsu8;2025-12-08 13:06:33;MN-48;0;305,57;FUERA DE VIAJE;11
ColpetroleumRsu8;2025-12-08 13:06:37;MN-48;0;313,4;FUERA DE VIAJE;11
ColpetroleumRsu8;2025-12-08 13:06:41;MN-48;0;305,25;FUERA DE VIAJE;11
ColpetroleumRsu8;2025-12-08 13:06:45;MN-48;0;309,95;FUERA DE VIAJE;11
ColpetroleumRsu8;2025-12-08 13:06:49;MN-48;0;322,18;FUERA DE VIAJE;11
ColpetroleumRsu8;2025-12-08 13:06:53;MN-48;0;312,77;FUERA DE VIAJE;11
ColpetroleumRsu8;2025-12-08 13:06:57;MN-48;0;286,76;FUERA DE VIAJE;11
ColpetroleumRsu8;2025-12-08 13:07:01;MN-48;0;313,71;FUERA DE VIAJE;11
ColpetroleumRsu8;2025-12-08 13:07:05;MN-48;0;306,82;FUERA DE VIAJE;11
ColpetroleumRsu8;2025-12-08 13:07:09;MN-48;0;291,46;FUERA DE VIAJE;11
ColpetroleumRsu8;2025-12-08 13:07:13;MN-48;0;312,15;FUERA DE VIAJE;11
ColpetroleumRsu8;2025-12-08 13:07:17;MN-48;0;310,89;FUERA DE VIAJE;11
ColpetroleumRsu8;2025-12-08 13:07:21;MN-48;0;296,48;FUERA DE VIAJE;11
ColpetroleumRsu8;2025-12-08 13:07:25;MN-48;0;295,54;FUERA DE VIAJE;11
ColpetroleumRsu8;2025-12-08 13:07:29;MN-48;0;319,67;FUERA DE VIAJE;11
ColpetroleumRsu8;2025-12-08 13:07:33;MN-48;0;315,91;FUERA DE VIAJE;11
ColpetroleumRsu8;2025-12-08 13:07:37;MN-48;0;285,82;FUERA DE VIAJE;11
ColpetroleumRsu8;2025-12-08 13:07:41;MN-48;0;316,54;FUERA DE VIAJE;11
ColpetroleumRsu8;2025-12-08 13:07:45;MN-48;0;308,07;FUERA DE VIAJE;11
ColpetroleumRsu8;2025-12-08 13:07:49;MN-48;0;289,58;FUERA DE VIAJE;11
ColpetroleumRsu8;2025-12-08 13:07:53;MN-48;0;313,71;FUERA DE VIAJE;11
ColpetroleumRsu8;2025-12-08 13:07:57;MN-48;0;299,3;FUERA DE VIAJE;11
ColpetroleumRsu8;2025-12-08 13:08:01;MN-48;0;291,46;FUERA DE VIAJE;11
ColpetroleumRsu8;2025-12-08 13:08:05;MN-48;0;301,49;FUERA DE VIAJE;11
ColpetroleumRsu8;2025-12-08 13:08:09;MN-48;0;307,76;FUERA DE VIAJE;11
ColpetroleumRsu8;2025-12-08 13:08:13;MN-48;0;308,07;FUERA DE VIAJE;11
ColpetroleumRsu8;2025-12-08 13:08:17;MN-48;0;291,46;FUERA DE VIAJE;11
ColpetroleumRsu8;2025-12-08 13:08:21;MN-48;0;322,49;FUERA DE VIAJE;11
ColpetroleumRsu8;2025-12-08 13:08:25;MN-48;0;318,42;FUERA DE VIAJE;11
ColpetroleumRsu8;2025-12-08 13:08:29;MN-48;0;281,43;FUERA DE VIAJE;11
ColpetroleumRsu8;2025-12-08 13:08:33;MN-48;0;313,4;FUERA DE VIAJE;11
ColpetroleumRsu8;2025-12-08 13:08:37;MN-48;0;300,55;FUERA DE VIAJE;11
ColpetroleumRsu8;2025-12-08 13:08:41;MN-48;0;285,51;FUERA DE VIAJE;11
ColpetroleumRsu8;2025-12-08 13:08:45;MN-48;0;310,89;FUERA DE VIAJE;11
ColpetroleumRsu8;2025-12-08 13:08:49;MN-48;0;305,88;FUERA DE VIAJE;11
ColpetroleumRsu8;2025-12-08 13:08:53;MN-48;0;286,45;FUERA DE VIAJE;11
ColpetroleumRsu8;2025-12-08 13:08:57;MN-48;0;307,13;FUERA DE VIAJE;11
ColpetroleumRsu8;2025-12-08 13:09:01;MN-48;0;312,77;FUERA DE VIAJE;11
ColpetroleumRsu8;2025-12-08 13:09:05;MN-48;0;302,12;FUERA DE VIAJE;11
ColpetroleumRsu8;2025-12-08 13:09:09;MN-48;0;303,69;FUERA DE VIAJE;11
ColpetroleumRsu8;2025-12-08 13:09:13;MN-48;0;320,92;FUERA DE VIAJE;11
ColpetroleumRsu8;2025-12-08 13:09:17;MN-48;0;322,18;FUERA DE VIAJE;11
ColpetroleumRsu8;2025-12-08 13:09:21;MN-48;0;292,09;FUERA DE VIAJE;11
ColpetroleumRsu8;2025-12-08 13:09:25;MN-48;0;313,4;FUERA DE VIAJE;11
ColpetroleumRsu8;2025-12-08 13:09:29;MN-48;0;320,92;FUERA DE VIAJE;11
ColpetroleumRsu8;2025-12-08 13:09:33;MN-48;0;279,55;FUERA DE VIAJE;11
ColpetroleumRsu8;2025-12-08 13:09:37;MN-48;0;314,34;FUERA DE VIAJE;11
ColpetroleumRsu8;2025-12-08 13:09:41;MN-48;0;324,68;FUERA DE VIAJE;11
ColpetroleumRsu8;2025-12-08 13:09:45;MN-48;0;289,58;FUERA DE VIAJE;11
ColpetroleumRsu8;2025-12-08 13:09:49;MN-48;0;311,52;FUERA DE VIAJE;11
ColpetroleumRsu8;2025-12-08 13:09:53;MN-48;0;317,16;FUERA DE VIAJE;11
ColpetroleumRsu8;2025-12-08 13:09:57;MN-48;0;292,09;FUERA DE VIAJE;11
ColpetroleumRsu8;2025-12-08 13:10:01;MN-48;0;306,19;FUERA DE VIAJE;11
ColpetroleumRsu8;2025-12-08 13:10:05;MN-48;0;302,12;FUERA DE VIAJE;11
ColpetroleumRsu8;2025-12-08 13:10:09;MN-48;0;291,46;FUERA DE VIAJE;11
ColpetroleumRsu8;2025-12-08 13:10:13;MN-48;0;310,27;FUERA DE VIAJE;11
ColpetroleumRsu8;2025-12-08 13:10:17;MN-48;0;305,25;FUERA DE VIAJE;11
ColpetroleumRsu8;2025-12-08 13:10:21;MN-48;0;290,84;FUERA DE VIAJE;11
ColpetroleumRsu8;2025-12-08 13:10:25;MN-48;0;309,64;FUERA DE VIAJE;11
ColpetroleumRsu8;2025-12-08 13:10:29;MN-48;0;310,27;FUERA DE VIAJE;11
ColpetroleumRsu8;2025-12-08 13:10:33;MN-48;0;299,92;FUERA DE VIAJE;11
ColpetroleumRsu8;2025-12-08 13:10:37;MN-48;0;300,86;FUERA DE VIAJE;11
ColpetroleumRsu8;2025-12-08 13:10:41;MN-48;0;311,21;FUERA DE VIAJE;11
ColpetroleumRsu8;2025-12-08 13:10:45;MN-48;0;300,24;FUERA DE VIAJE;11
ColpetroleumRsu8;2025-12-08 13:10:49;MN-48;0;299,92;FUERA DE VIAJE;11
ColpetroleumRsu8;2025-12-08 13:10:53;MN-48;0;307,13;FUERA DE VIAJE;11
ColpetroleumRsu8;2025-12-08 13:10:57;MN-48;0;307,76;FUERA DE VIAJE;11
ColpetroleumRsu8;2025-12-08 13:11:01;MN-48;0;302,75;FUERA DE VIAJE;11
ColpetroleumRsu8;2025-12-08 13:11:05;MN-48;0;315,91;FUERA DE VIAJE;11
ColpetroleumRsu8;2025-12-08 13:11:09;MN-48;0;305,25;FUERA DE VIAJE;11
ColpetroleumRsu8;2025-12-08 13:11:13;MN-48;0;293,97;FUERA DE VIAJE;11
ColpetroleumRsu8;2025-12-08 13:11:17;MN-48;0;314,03;FUERA DE VIAJE;11
ColpetroleumRsu8;2025-12-08 13:11:21;MN-48;0;311,21;FUERA DE VIAJE;11
ColpetroleumRsu8;2025-12-08 13:11:25;MN-48;0;283,31;FUERA DE VIAJE;11
ColpetroleumRsu8;2025-12-08 13:11:29;MN-48;0;318,42;FUERA DE VIAJE;11
ColpetroleumRsu8;2025-12-08 13:11:33;MN-48;0;323,43;FUERA DE VIAJE;11
ColpetroleumRsu8;2025-12-08 13:11:37;MN-48;0;282,06;FUERA DE VIAJE;11
ColpetroleumRsu8;2025-12-08 13:11:41;MN-48;0;312,15;FUERA DE VIAJE;11
ColpetroleumRsu8;2025-12-08 13:11:45;MN-48;0;315,28;FUERA DE VIAJE;11
ColpetroleumRsu8;2025-12-08 13:11:49;MN-48;0;287,39;FUERA DE VIAJE;11
ColpetroleumRsu8;2025-12-08 13:11:53;MN-48;0;314,03;FUERA DE VIAJE;11
ColpetroleumRsu8;2025-12-08 13:11:57;MN-48;0;302,12;FUERA DE VIAJE;11
ColpetroleumRsu8;2025-12-08 13:12:01;MN-48;0;291,78;FUERA DE VIAJE;11
ColpetroleumRsu8;2025-12-08 13:12:05;MN-48;0;302,75;FUERA DE VIAJE;11
ColpetroleumRsu8;2025-12-08 13:12:09;MN-48;0;302,75;FUERA DE VIAJE;11
ColpetroleumRsu8;2025-12-08 13:12:13;MN-48;0;286,45;FUERA DE VIAJE;11
ColpetroleumRsu8;2025-12-08 13:12:17;MN-48;0;300,86;FUERA DE VIAJE;11
ColpetroleumRsu8;2025-12-08 13:12:21;MN-48;0;311,52;FUERA DE VIAJE;11
ColpetroleumRsu8;2025-12-08 13:12:25;MN-48;0;304;FUERA DE VIAJE;11
ColpetroleumRsu8;2025-12-08 13:12:29;MN-48;0;300,86;FUERA DE VIAJE;11
ColpetroleumRsu8;2025-12-08 13:12:33;MN-48;0;319,67;FUERA DE VIAJE;11
ColpetroleumRsu8;2025-12-08 13:12:37;MN-48;0;315,91;FUERA DE VIAJE;11
ColpetroleumRsu8;2025-12-08 13:12:41;MN-48;0;290,21;FUERA DE VIAJE;11
ColpetroleumRsu8;2025-12-08 13:12:45;MN-48;0;320,92;FUERA DE VIAJE;11
ColpetroleumRsu8;2025-12-08 13:12:49;MN-48;0;323,43;FUERA DE VIAJE;11
ColpetroleumRsu8;2025-12-08 13:12:53;MN-48;0;284,88;FUERA DE VIAJE;11
ColpetroleumRsu8;2025-12-08 13:12:57;MN-48;0;309,01;FUERA DE VIAJE;11
ColpetroleumRsu8;2025-12-08 13:13:01;MN-48;0;307,13;FUERA DE VIAJE;11
ColpetroleumRsu8;2025-12-08 13:13:05;MN-48;0;294,91;FUERA DE VIAJE;11
ColpetroleumRsu8;2025-12-08 13:13:09;MN-48;0;305,88;FUERA DE VIAJE;11
ColpetroleumRsu8;2025-12-08 13:13:13;MN-48;0;298,36;FUERA DE VIAJE;11
ColpetroleumRsu8;2025-12-08 13:13:17;MN-48;0;290,84;FUERA DE VIAJE;11
ColpetroleumRsu8;2025-12-08 13:13:21;MN-48;0;305,25;FUERA DE VIAJE;11
ColpetroleumRsu8;2025-12-08 13:13:25;MN-48;0;296,16;FUERA DE VIAJE;11
ColpetroleumRsu8;2025-12-08 13:13:29;MN-48;0;290,84;FUERA DE VIAJE;11
ColpetroleumRsu8;2025-12-08 13:13:33;MN-48;0;307,13;FUERA DE VIAJE;11
ColpetroleumRsu8;2025-12-08 13:13:37;MN-48;0;310,27;FUERA DE VIAJE;11
ColpetroleumRsu8;2025-12-08 13:13:41;MN-48;0;293,34;FUERA DE VIAJE;11
ColpetroleumRsu8;2025-12-08 13:13:45;MN-48;0;308,39;FUERA DE VIAJE;11
ColpetroleumRsu8;2025-12-08 13:13:49;MN-48;0;319,67;FUERA DE VIAJE;11
ColpetroleumRsu8;2025-12-08 13:13:53;MN-48;0;312,77;FUERA DE VIAJE;11
ColpetroleumRsu8;2025-12-08 13:13:57;MN-48;0;298,36;FUERA DE VIAJE;11
ColpetroleumRsu8;2025-12-08 13:14:01;MN-48;0;319,04;FUERA DE VIAJE;11
ColpetroleumRsu8;2025-12-08 13:14:05;MN-48;0;316,54;FUERA DE VIAJE;11
ColpetroleumRsu8;2025-12-08 13:14:09;MN-48;0;281,12;FUERA DE VIAJE;11
ColpetroleumRsu8;2025-12-08 13:14:13;MN-48;0;314,65;FUERA DE VIAJE;11
ColpetroleumRsu8;2025-12-08 13:14:17;MN-48;0;320,3;FUERA DE VIAJE;11
ColpetroleumRsu8;2025-12-08 13:14:21;MN-48;0;278,93;FUERA DE VIAJE;11
ColpetroleumRsu8;2025-12-08 13:14:25;MN-48;0;309,64;FUERA DE VIAJE;11
ColpetroleumRsu8;2025-12-08 13:14:29;MN-48;0;304,63;FUERA DE VIAJE;11
ColpetroleumRsu8;2025-12-08 13:14:33;MN-48;0;282,06;FUERA DE VIAJE;11
ColpetroleumRsu8;2025-12-08 13:14:37;MN-48;0;307,76;FUERA DE VIAJE;11
ColpetroleumRsu8;2025-12-08 13:14:41;MN-48;0;313,4;FUERA DE VIAJE;11
ColpetroleumRsu8;2025-12-08 13:14:45;MN-48;0;288,96;FUERA DE VIAJE;11
ColpetroleumRsu8;2025-12-08 13:14:49;MN-48;0;312,46;FUERA DE VIAJE;11
ColpetroleumRsu8;2025-12-08 13:14:53;MN-48;0;309,33;FUERA DE VIAJE;11
ColpetroleumRsu8;2025-12-08 13:14:57;MN-48;0;288,96;FUERA DE VIAJE;11
ColpetroleumRsu8;2025-12-08 13:15:01;MN-48;0;310,58;FUERA DE VIAJE;11
ColpetroleumRsu8;2025-12-08 13:15:05;MN-48;0;306,51;FUERA DE VIAJE;11
ColpetroleumRsu8;2025-12-08 13:15:09;MN-48;0;297,73;FUERA DE VIAJE;11
ColpetroleumRsu8;2025-12-08 13:15:13;MN-48;0;310,27;FUERA DE VIAJE;11
ColpetroleumRsu8;2025-12-08 13:15:17;MN-48;0;296,48;FUERA DE VIAJE;11
ColpetroleumRsu8;2025-12-08 13:15:21;MN-48;0;293,34;FUERA DE VIAJE;11
ColpetroleumRsu8;2025-12-08 13:15:25;MN-48;0;310,89;FUERA DE VIAJE;11
ColpetroleumRsu8;2025-12-08 13:15:29;MN-48;0;298,36;FUERA DE VIAJE;11
ColpetroleumRsu8;2025-12-08 13:15:33;MN-48;0;291,15;FUERA DE VIAJE;11
ColpetroleumRsu8;2025-12-08 13:15:37;MN-48;0;310,58;FUERA DE VIAJE;11
ColpetroleumRsu8;2025-12-08 13:15:41;MN-48;0;304,31;FUERA DE VIAJE;11
ColpetroleumRsu8;2025-12-08 13:15:45;MN-48;0;298,98;FUERA DE VIAJE;11
ColpetroleumRsu8;2025-12-08 13:15:49;MN-48;0;305,88;FUERA DE VIAJE;11
ColpetroleumRsu8;2025-12-08 13:15:53;MN-48;0;302,43;FUERA DE VIAJE;11
ColpetroleumRsu8;2025-12-08 13:15:57;MN-48;0;295,22;FUERA DE VIAJE;11
ColpetroleumRsu8;2025-12-08 13:16:01;MN-48;0;305,88;FUERA DE VIAJE;11
ColpetroleumRsu8;2025-12-08 13:16:05;MN-48;0;307,13;FUERA DE VIAJE;11
ColpetroleumRsu8;2025-12-08 13:16:09;MN-48;0;301,81;FUERA DE VIAJE;11
ColpetroleumRsu8;2025-12-08 13:16:13;MN-48;0;307,76;FUERA DE VIAJE;11
ColpetroleumRsu8;2025-12-08 13:16:17;MN-48;0;309,64;FUERA DE VIAJE;11
ColpetroleumRsu8;2025-12-08 13:16:21;MN-48;0;300,86;FUERA DE VIAJE;11
ColpetroleumRsu8;2025-12-08 13:16:25;MN-48;0;299,92;FUERA DE VIAJE;11
ColpetroleumRsu8;2025-12-08 13:16:29;MN-48;0;310,27;FUERA DE VIAJE;11
ColpetroleumRsu8;2025-12-08 13:16:33;MN-48;0;304,63;FUERA DE VIAJE;11
ColpetroleumRsu8;2025-12-08 13:16:37;MN-48;0;298,98;FUERA DE VIAJE;11
ColpetroleumRsu8;2025-12-08 13:16:41;MN-48;0;311,83;FUERA DE VIAJE;11
ColpetroleumRsu8;2025-12-08 13:16:45;MN-48;0;311,21;FUERA DE VIAJE;11
ColpetroleumRsu8;2025-12-08 13:16:49;MN-48;0;292,09;FUERA DE VIAJE;11
ColpetroleumRsu8;2025-12-08 13:16:53;MN-48;0;313,4;FUERA DE VIAJE;11
ColpetroleumRsu8;2025-12-08 13:16:57;MN-48;0;313,4;FUERA DE VIAJE;11
ColpetroleumRsu8;2025-12-08 13:17:01;MN-48;0;295,85;FUERA DE VIAJE;11
ColpetroleumRsu8;2025-12-08 13:17:05;MN-48;0;316,54;FUERA DE VIAJE;11
ColpetroleumRsu8;2025-12-08 13:17:09;MN-48;0;315,28;FUERA DE VIAJE;11
ColpetroleumRsu8;2025-12-08 13:17:13;MN-48;0;289,27;FUERA DE VIAJE;11
ColpetroleumRsu8;2025-12-08 13:17:17;MN-48;0;314,65;FUERA DE VIAJE;11
ColpetroleumRsu8;2025-12-08 13:17:21;MN-48;0;308,7;FUERA DE VIAJE;11
ColpetroleumRsu8;2025-12-08 13:17:25;MN-48;0;287,7;FUERA DE VIAJE;11
ColpetroleumRsu8;2025-12-08 13:17:29;MN-48;0;317,48;FUERA DE VIAJE;11
ColpetroleumRsu8;2025-12-08 13:17:33;MN-48;0;312,77;FUERA DE VIAJE;11
ColpetroleumRsu8;2025-12-08 13:17:37;MN-48;0;299,3;FUERA DE VIAJE;11
ColpetroleumRsu8;2025-12-08 13:17:41;MN-48;0;322,18;FUERA DE VIAJE;11
ColpetroleumRsu8;2025-12-08 13:17:45;MN-48;0;310,58;FUERA DE VIAJE;11
ColpetroleumRsu8;2025-12-08 13:17:49;MN-48;0;297,73;FUERA DE VIAJE;11
ColpetroleumRsu8;2025-12-08 13:17:53;MN-48;0;320,3;FUERA DE VIAJE;11
ColpetroleumRsu8;2025-12-08 13:17:57;MN-48;0;313,4;FUERA DE VIAJE;11
ColpetroleumRsu8;2025-12-08 13:18:01;MN-48;0;299,61;FUERA DE VIAJE;11
ColpetroleumRsu8;2025-12-08 13:18:05;MN-48;0;319,67;FUERA DE VIAJE;11
ColpetroleumRsu8;2025-12-08 13:18:09;MN-48;0;304,94;FUERA DE VIAJE;11
ColpetroleumRsu8;2025-12-08 13:18:13;MN-48;0;299,61;FUERA DE VIAJE;11
ColpetroleumRsu8;2025-12-08 13:18:17;MN-48;0;314,65;FUERA DE VIAJE;11
ColpetroleumRsu8;2025-12-08 13:18:21;MN-48;0;307,76;FUERA DE VIAJE;11
ColpetroleumRsu8;2025-12-08 13:18:25;MN-48;0;294,6;FUERA DE VIAJE;11
ColpetroleumRsu8;2025-12-08 13:18:29;MN-48;0;314,34;FUERA DE VIAJE;11
ColpetroleumRsu8;2025-12-08 13:18:33;MN-48;0;310,58;FUERA DE VIAJE;11
ColpetroleumRsu8;2025-12-08 13:18:37;MN-48;0;300,86;FUERA DE VIAJE;11
ColpetroleumRsu8;2025-12-08 13:18:41;MN-48;0;320,92;FUERA DE VIAJE;11
ColpetroleumRsu8;2025-12-08 13:18:45;MN-48;0;315,28;FUERA DE VIAJE;11
ColpetroleumRsu8;2025-12-08 13:18:49;MN-48;0;304,94;FUERA DE VIAJE;11
ColpetroleumRsu8;2025-12-08 13:18:53;MN-48;0;319,98;FUERA DE VIAJE;11
ColpetroleumRsu8;2025-12-08 13:18:57;MN-48;0;311,21;FUERA DE VIAJE;11
ColpetroleumRsu8;2025-12-08 13:19:01;MN-48;0;298,98;FUERA DE VIAJE;11
ColpetroleumRsu8;2025-12-08 13:19:05;MN-48;0;319,36;FUERA DE VIAJE;11
ColpetroleumRsu8;2025-12-08 13:19:09;MN-48;0;308,39;FUERA DE VIAJE;11
ColpetroleumRsu8;2025-12-08 13:19:13;MN-48;0;289,58;FUERA DE VIAJE;11
ColpetroleumRsu8;2025-12-08 13:19:17;MN-48;0;321,55;FUERA DE VIAJE;11
ColpetroleumRsu8;2025-12-08 13:19:21;MN-48;0;314,03;FUERA DE VIAJE;11
ColpetroleumRsu8;2025-12-08 13:19:25;MN-48;0;284,57;FUERA DE VIAJE;11
ColpetroleumRsu8;2025-12-08 13:19:29;MN-48;0;328,44;FUERA DE VIAJE;11
ColpetroleumRsu8;2025-12-08 13:19:33;MN-48;0;320,3;FUERA DE VIAJE;11
ColpetroleumRsu8;2025-12-08 13:19:37;MN-48;0;282,69;FUERA DE VIAJE;11
ColpetroleumRsu8;2025-12-08 13:19:41;MN-48;0;320,61;FUERA DE VIAJE;11
ColpetroleumRsu8;2025-12-08 13:19:45;MN-48;0;319,04;FUERA DE VIAJE;11
ColpetroleumRsu8;2025-12-08 13:19:49;MN-48;0;286,45;FUERA DE VIAJE;11
ColpetroleumRsu8;2025-12-08 13:19:53;MN-48;0;318,73;FUERA DE VIAJE;11
ColpetroleumRsu8;2025-12-08 13:19:57;MN-48;0;312,77;FUERA DE VIAJE;11
ColpetroleumRsu8;2025-12-08 13:20:01;MN-48;0;281,43;FUERA DE VIAJE;11
ColpetroleumRsu8;2025-12-08 13:20:05;MN-48;0;314,03;FUERA DE VIAJE;11
ColpetroleumRsu8;2025-12-08 13:20:09;MN-48;0;316,54;FUERA DE VIAJE;11
ColpetroleumRsu8;2025-12-08 13:20:13;MN-48;0;286,45;FUERA DE VIAJE;11
ColpetroleumRsu8;2025-12-08 13:20:17;MN-48;0;309,01;FUERA DE VIAJE;11
ColpetroleumRsu8;2025-12-08 13:20:21;MN-48;0;304,31;FUERA DE VIAJE;11
ColpetroleumRsu8;2025-12-08 13:20:25;MN-48;0;284,25;FUERA DE VIAJE;11
ColpetroleumRsu8;2025-12-08 13:20:29;MN-48;0;309,33;FUERA DE VIAJE;11
ColpetroleumRsu8;2025-12-08 13:20:33;MN-48;0;303,37;FUERA DE VIAJE;11
ColpetroleumRsu8;2025-12-08 13:20:37;MN-48;0;296,48;FUERA DE VIAJE;11
ColpetroleumRsu8;2025-12-08 13:20:41;MN-48;0;313,4;FUERA DE VIAJE;11
ColpetroleumRsu8;2025-12-08 13:20:45;MN-48;0;302,75;FUERA DE VIAJE;11
ColpetroleumRsu8;2025-12-08 13:20:49;MN-48;0;295,22;FUERA DE VIAJE;11
ColpetroleumRsu8;2025-12-08 13:20:53;MN-48;0;310,27;FUERA DE VIAJE;11
ColpetroleumRsu8;2025-12-08 13:20:57;MN-48;0;309,33;FUERA DE VIAJE;11
ColpetroleumRsu8;2025-12-08 13:21:01;MN-48;0;286,45;FUERA DE VIAJE;11
ColpetroleumRsu8;2025-12-08 13:21:05;MN-48;0;311,21;FUERA DE VIAJE;11
ColpetroleumRsu8;2025-12-08 13:21:09;MN-48;0;310,58;FUERA DE VIAJE;11
ColpetroleumRsu8;2025-12-08 13:21:13;MN-48;0;295,54;FUERA DE VIAJE;11
ColpetroleumRsu8;2025-12-08 13:21:17;MN-48;0;301,81;FUERA DE VIAJE;11
ColpetroleumRsu8;2025-12-08 13:21:21;MN-48;0;319,98;FUERA DE VIAJE;11
ColpetroleumRsu8;2025-12-08 13:21:25;MN-48;0;305,88;FUERA DE VIAJE;11
ColpetroleumRsu8;2025-12-08 13:21:29;MN-48;0;140,09;FUERA DE VIAJE;11
ColpetroleumRsu8;2025-12-08 13:21:33;MN-48;0;53,28;FUERA DE VIAJE;11
ColpetroleumRsu8;2025-12-08 13:21:37;MN-48;0;89,63;FUERA DE VIAJE;11
ColpetroleumRsu8;2025-12-08 13:21:41;MN-48;0;67,07;FUERA DE VIAJE;11
ColpetroleumRsu8;2025-12-08 13:21:45;MN-48;0;123,48;FUERA DE VIAJE;11
ColpetroleumRsu8;2025-12-08 13:21:49;MN-48;0;132,26;FUERA DE VIAJE;11
ColpetroleumRsu8;2025-12-08 13:22:10;MN-48;0;159,83;FUERA DE VIAJE;12
ColpetroleumRsu8;2025-12-08 13:22:14;MN-48;0;153,88;FUERA DE VIAJE;12
ColpetroleumRsu8;2025-12-08 13:22:18;MN-48;0;164,85;FUERA DE VIAJE;12
ColpetroleumRsu8;2025-12-08 13:22:22;MN-48;0;166,73;FUERA DE VIAJE;12
ColpetroleumRsu8;2025-12-08 13:22:26;MN-48;0;174,56;FUERA DE VIAJE;12
ColpetroleumRsu8;2025-12-08 13:22:30;MN-48;0;184,28;FUERA DE VIAJE;12
ColpetroleumRsu8;2025-12-08 13:22:34;MN-48;0;197,76;FUERA DE VIAJE;12
ColpetroleumRsu8;2025-12-08 13:22:38;MN-48;0;198,07;FUERA DE VIAJE;12
ColpetroleumRsu8;2025-12-08 13:22:42;MN-48;0;202,46;FUERA DE VIAJE;12
ColpetroleumRsu8;2025-12-08 13:22:46;MN-48;0;212,17;FUERA DE VIAJE;12
ColpetroleumRsu8;2025-12-08 13:22:50;MN-48;0;223,14;FUERA DE VIAJE;12
ColpetroleumRsu8;2025-12-08 13:22:54;MN-48;0;227,22;FUERA DE VIAJE;12
ColpetroleumRsu8;2025-12-08 13:22:58;MN-48;0;232,54;FUERA DE VIAJE;12
ColpetroleumRsu8;2025-12-08 13:23:02;MN-48;0;238,18;FUERA DE VIAJE;12
ColpetroleumRsu8;2025-12-08 13:23:06;MN-48;0;244,77;FUERA DE VIAJE;12
ColpetroleumRsu8;2025-12-08 13:23:10;MN-48;0;252,6;FUERA DE VIAJE;12
ColpetroleumRsu8;2025-12-08 13:23:14;MN-48;0;257,3;FUERA DE VIAJE;12
ColpetroleumRsu8;2025-12-08 13:23:18;MN-48;0;262,63;FUERA DE VIAJE;12
ColpetroleumRsu8;2025-12-08 13:23:22;MN-48;0;267,96;FUERA DE VIAJE;12
ColpetroleumRsu8;2025-12-08 13:23:26;MN-48;0;272,66;FUERA DE VIAJE;12
ColpetroleumRsu8;2025-12-08 13:23:30;MN-48;0;278,3;FUERA DE VIAJE;12
ColpetroleumRsu8;2025-12-08 13:23:34;MN-48;0;282,37;FUERA DE VIAJE;12
ColpetroleumRsu8;2025-12-08 13:23:38;MN-48;0;287,08;FUERA DE VIAJE;12
ColpetroleumRsu8;2025-12-08 13:23:42;MN-48;0;291,46;FUERA DE VIAJE;12
ColpetroleumRsu8;2025-12-08 13:23:46;MN-48;0;295,85;FUERA DE VIAJE;12
ColpetroleumRsu8;2025-12-08 13:23:50;MN-48;0;299,3;FUERA DE VIAJE;12
ColpetroleumRsu8;2025-12-08 13:23:54;MN-48;0;302,75;FUERA DE VIAJE;12
ColpetroleumRsu8;2025-12-08 13:23:58;MN-48;0;305,88;FUERA DE VIAJE;12
ColpetroleumRsu8;2025-12-08 13:24:02;MN-48;0;309,64;FUERA DE VIAJE;12
ColpetroleumRsu8;2025-12-08 13:24:06;MN-48;0;312,46;FUERA DE VIAJE;12
ColpetroleumRsu8;2025-12-08 13:24:10;MN-48;0;314,65;FUERA DE VIAJE;12
ColpetroleumRsu8;2025-12-08 13:24:14;MN-48;0;317,16;FUERA DE VIAJE;12
ColpetroleumRsu8;2025-12-08 13:24:18;MN-48;0;319,67;FUERA DE VIAJE;12
ColpetroleumRsu8;2025-12-08 13:24:22;MN-48;0;321,55;FUERA DE VIAJE;12
ColpetroleumRsu8;2025-12-08 13:24:26;MN-48;0;323,43;FUERA DE VIAJE;12
ColpetroleumRsu8;2025-12-08 13:24:30;MN-48;0;325;FUERA DE VIAJE;12
ColpetroleumRsu8;2025-12-08 13:24:34;MN-48;0;326,25;FUERA DE VIAJE;12
ColpetroleumRsu8;2025-12-08 13:24:38;MN-48;0;327,5;FUERA DE VIAJE;12
ColpetroleumRsu8;2025-12-08 13:24:42;MN-48;0;329,07;FUERA DE VIAJE;12
ColpetroleumRsu8;2025-12-08 13:24:46;MN-48;0;330,32;FUERA DE VIAJE;12
ColpetroleumRsu8;2025-12-08 13:24:50;MN-48;0;330,95;FUERA DE VIAJE;12
ColpetroleumRsu8;2025-12-08 13:24:54;MN-48;0;330,95;FUERA DE VIAJE;12
ColpetroleumRsu8;2025-12-08 13:24:58;MN-48;0;331,89;FUERA DE VIAJE;12
ColpetroleumRsu8;2025-12-08 13:25:02;MN-48;0;332,52;FUERA DE VIAJE;12
ColpetroleumRsu8;2025-12-08 13:25:06;MN-48;0;332,52;FUERA DE VIAJE;12
ColpetroleumRsu8;2025-12-08 13:25:10;MN-48;0;333,15;FUERA DE VIAJE;12
ColpetroleumRsu8;2025-12-08 13:25:14;MN-48;0;332,83;FUERA DE VIAJE;12
ColpetroleumRsu8;2025-12-08 13:25:18;MN-48;0;333,46;FUERA DE VIAJE;12
ColpetroleumRsu8;2025-12-08 13:25:22;MN-48;0;333,46;FUERA DE VIAJE;12
ColpetroleumRsu8;2025-12-08 13:25:26;MN-48;0;332,83;FUERA DE VIAJE;12
ColpetroleumRsu8;2025-12-08 13:25:30;MN-48;0;332,83;FUERA DE VIAJE;12
ColpetroleumRsu8;2025-12-08 13:25:34;MN-48;0;332,83;FUERA DE VIAJE;12
ColpetroleumRsu8;2025-12-08 13:25:38;MN-48;0;332,83;FUERA DE VIAJE;12
ColpetroleumRsu8;2025-12-08 13:25:42;MN-48;0;332,21;FUERA DE VIAJE;12
ColpetroleumRsu8;2025-12-08 13:25:46;MN-48;0;332,21;FUERA DE VIAJE;12
ColpetroleumRsu8;2025-12-08 13:25:50;MN-48;0;331,26;FUERA DE VIAJE;12
ColpetroleumRsu8;2025-12-08 13:25:54;MN-48;0;330,64;FUERA DE VIAJE;12
ColpetroleumRsu8;2025-12-08 13:25:58;MN-48;0;330,64;FUERA DE VIAJE;12
ColpetroleumRsu8;2025-12-08 13:26:02;MN-48;0;329,38;FUERA DE VIAJE;12
ColpetroleumRsu8;2025-12-08 13:26:06;MN-48;0;329,07;FUERA DE VIAJE;12
ColpetroleumRsu8;2025-12-08 13:26:10;MN-48;0;328,44;FUERA DE VIAJE;12
ColpetroleumRsu8;2025-12-08 13:26:14;MN-48;0;327,82;FUERA DE VIAJE;12
ColpetroleumRsu8;2025-12-08 13:26:18;MN-48;0;327,19;FUERA DE VIAJE;12
ColpetroleumRsu8;2025-12-08 13:26:22;MN-48;0;326,56;FUERA DE VIAJE;12
ColpetroleumRsu8;2025-12-08 13:26:26;MN-48;0;325,94;FUERA DE VIAJE;12
ColpetroleumRsu8;2025-12-08 13:26:30;MN-48;0;325,31;FUERA DE VIAJE;12
ColpetroleumRsu8;2025-12-08 13:26:34;MN-48;0;324,68;FUERA DE VIAJE;12
ColpetroleumRsu8;2025-12-08 13:26:38;MN-48;0;324,06;FUERA DE VIAJE;12
ColpetroleumRsu8;2025-12-08 13:26:42;MN-48;0;323,43;FUERA DE VIAJE;12
ColpetroleumRsu8;2025-12-08 13:26:46;MN-48;0;322,18;FUERA DE VIAJE;12
ColpetroleumRsu8;2025-12-08 13:26:50;MN-48;0;322,18;FUERA DE VIAJE;12
ColpetroleumRsu8;2025-12-08 13:26:54;MN-48;0;320,92;FUERA DE VIAJE;12
ColpetroleumRsu8;2025-12-08 13:26:58;MN-48;0;320,3;FUERA DE VIAJE;12
ColpetroleumRsu8;2025-12-08 13:27:02;MN-48;0;319,04;FUERA DE VIAJE;12
ColpetroleumRsu8;2025-12-08 13:27:06;MN-48;0;318,1;FUERA DE VIAJE;12
ColpetroleumRsu8;2025-12-08 13:27:10;MN-48;0;317,48;FUERA DE VIAJE;12
ColpetroleumRsu8;2025-12-08 13:27:14;MN-48;0;316,54;FUERA DE VIAJE;12
ColpetroleumRsu8;2025-12-08 13:27:18;MN-48;0;315,28;FUERA DE VIAJE;12
ColpetroleumRsu8;2025-12-08 13:27:22;MN-48;0;314,65;FUERA DE VIAJE;12
ColpetroleumRsu8;2025-12-08 13:27:26;MN-48;0;313,4;FUERA DE VIAJE;12
ColpetroleumRsu8;2025-12-08 13:27:30;MN-48;0;312,15;FUERA DE VIAJE;12
ColpetroleumRsu8;2025-12-08 13:27:34;MN-48;0;311,52;FUERA DE VIAJE;12
ColpetroleumRsu8;2025-12-08 13:27:38;MN-48;0;310,58;FUERA DE VIAJE;12
ColpetroleumRsu8;2025-12-08 13:27:42;MN-48;0;309,64;FUERA DE VIAJE;12
ColpetroleumRsu8;2025-12-08 13:27:46;MN-48;0;309,01;FUERA DE VIAJE;12
ColpetroleumRsu8;2025-12-08 13:27:50;MN-48;0;308,39;FUERA DE VIAJE;12
ColpetroleumRsu8;2025-12-08 13:27:54;MN-48;0;307,13;FUERA DE VIAJE;12
ColpetroleumRsu8;2025-12-08 13:27:58;MN-48;0;306,51;FUERA DE VIAJE;12
ColpetroleumRsu8;2025-12-08 13:28:02;MN-48;0;305,88;FUERA DE VIAJE;12
ColpetroleumRsu8;2025-12-08 13:28:06;MN-48;0;304,63;FUERA DE VIAJE;12
ColpetroleumRsu8;2025-12-08 13:28:10;MN-48;0;304;FUERA DE VIAJE;12
ColpetroleumRsu8;2025-12-08 13:28:14;MN-48;0;302,75;FUERA DE VIAJE;12
ColpetroleumRsu8;2025-12-08 13:28:18;MN-48;0;302,12;FUERA DE VIAJE;12
ColpetroleumRsu8;2025-12-08 13:28:22;MN-48;0;300,86;FUERA DE VIAJE;12
ColpetroleumRsu8;2025-12-08 13:28:26;MN-48;0;300,24;FUERA DE VIAJE;12
ColpetroleumRsu8;2025-12-08 13:28:30;MN-48;0;299,61;FUERA DE VIAJE;12
ColpetroleumRsu8;2025-12-08 13:28:34;MN-48;0;298,98;FUERA DE VIAJE;12
ColpetroleumRsu8;2025-12-08 13:28:38;MN-48;0;297,73;FUERA DE VIAJE;12
ColpetroleumRsu8;2025-12-08 13:28:42;MN-48;0;297,1;FUERA DE VIAJE;12
ColpetroleumRsu8;2025-12-08 13:28:46;MN-48;0;295,85;FUERA DE VIAJE;12
ColpetroleumRsu8;2025-12-08 13:28:50;MN-48;0;295,22;FUERA DE VIAJE;12
ColpetroleumRsu8;2025-12-08 13:28:54;MN-48;0;294,6;FUERA DE VIAJE;12
ColpetroleumRsu8;2025-12-08 13:28:58;MN-48;0;293,34;FUERA DE VIAJE;12
ColpetroleumRsu8;2025-12-08 13:29:02;MN-48;0;292,72;FUERA DE VIAJE;12
ColpetroleumRsu8;2025-12-08 13:29:06;MN-48;0;292,09;FUERA DE VIAJE;12
ColpetroleumRsu8;2025-12-08 13:29:10;MN-48;0;290,84;FUERA DE VIAJE;12
ColpetroleumRsu8;2025-12-08 13:29:14;MN-48;0;290,21;FUERA DE VIAJE;12
ColpetroleumRsu8;2025-12-08 13:29:18;MN-48;0;289,58;FUERA DE VIAJE;12
ColpetroleumRsu8;2025-12-08 13:29:22;MN-48;0;288,96;FUERA DE VIAJE;12
ColpetroleumRsu8;2025-12-08 13:29:26;MN-48;0;287,7;FUERA DE VIAJE;12
ColpetroleumRsu8;2025-12-08 13:29:30;MN-48;0;286,45;FUERA DE VIAJE;12
ColpetroleumRsu8;2025-12-08 13:29:34;MN-48;0;285,82;FUERA DE VIAJE;12
ColpetroleumRsu8;2025-12-08 13:29:38;MN-48;0;285,19;FUERA DE VIAJE;12
ColpetroleumRsu8;2025-12-08 13:29:42;MN-48;0;284,25;FUERA DE VIAJE;12
ColpetroleumRsu8;2025-12-08 13:29:46;MN-48;0;283,63;FUERA DE VIAJE;12
ColpetroleumRsu8;2025-12-08 13:29:50;MN-48;0;283,31;FUERA DE VIAJE;12
ColpetroleumRsu8;2025-12-08 13:29:54;MN-48;0;282,06;FUERA DE VIAJE;12
ColpetroleumRsu8;2025-12-08 13:29:58;MN-48;0;281,43;FUERA DE VIAJE;12
ColpetroleumRsu8;2025-12-08 13:30:02;MN-48;0;280,81;FUERA DE VIAJE;12
ColpetroleumRsu8;2025-12-08 13:30:06;MN-48;0;280,18;FUERA DE VIAJE;12
ColpetroleumRsu8;2025-12-08 13:30:10;MN-48;0;279,24;FUERA DE VIAJE;12
ColpetroleumRsu8;2025-12-08 13:30:14;MN-48;0;278,61;FUERA DE VIAJE;12
ColpetroleumRsu8;2025-12-08 13:30:18;MN-48;0;277,99;FUERA DE VIAJE;12
ColpetroleumRsu8;2025-12-08 13:30:22;MN-48;0;277,05;FUERA DE VIAJE;12
ColpetroleumRsu8;2025-12-08 13:30:26;MN-48;0;276,42;FUERA DE VIAJE;12
ColpetroleumRsu8;2025-12-08 13:30:30;MN-48;0;275,79;FUERA DE VIAJE;12
ColpetroleumRsu8;2025-12-08 13:30:34;MN-48;0;275,17;FUERA DE VIAJE;12
ColpetroleumRsu8;2025-12-08 13:30:38;MN-48;0;273,91;FUERA DE VIAJE;12
ColpetroleumRsu8;2025-12-08 13:30:42;MN-48;0;272,66;FUERA DE VIAJE;12
ColpetroleumRsu8;2025-12-08 13:30:46;MN-48;0;272,03;FUERA DE VIAJE;12
ColpetroleumRsu8;2025-12-08 13:30:50;MN-48;0;271,41;FUERA DE VIAJE;12
ColpetroleumRsu8;2025-12-08 13:30:54;MN-48;0;270,78;FUERA DE VIAJE;12
ColpetroleumRsu8;2025-12-08 13:30:58;MN-48;0;270,15;FUERA DE VIAJE;12
ColpetroleumRsu8;2025-12-08 13:31:02;MN-48;0;269,52;FUERA DE VIAJE;12
ColpetroleumRsu8;2025-12-08 13:31:06;MN-48;0;268,9;FUERA DE VIAJE;12
ColpetroleumRsu8;2025-12-08 13:31:10;MN-48;0;268,27;FUERA DE VIAJE;12
ColpetroleumRsu8;2025-12-08 13:31:14;MN-48;0;267,02;FUERA DE VIAJE;12
ColpetroleumRsu8;2025-12-08 13:31:18;MN-48;0;267,02;FUERA DE VIAJE;12
ColpetroleumRsu8;2025-12-08 13:31:22;MN-48;0;266,39;FUERA DE VIAJE;12
ColpetroleumRsu8;2025-12-08 13:31:26;MN-48;0;265,14;FUERA DE VIAJE;12
ColpetroleumRsu8;2025-12-08 13:31:30;MN-48;0;264,51;FUERA DE VIAJE;12
ColpetroleumRsu8;2025-12-08 13:31:34;MN-48;0;263,88;FUERA DE VIAJE;12
ColpetroleumRsu8;2025-12-08 13:31:38;MN-48;0;262,94;FUERA DE VIAJE;12
ColpetroleumRsu8;2025-12-08 13:31:42;MN-48;0;262,32;FUERA DE VIAJE;12
ColpetroleumRsu8;2025-12-08 13:31:46;MN-48;0;261,69;FUERA DE VIAJE;12
ColpetroleumRsu8;2025-12-08 13:31:50;MN-48;0;260,75;FUERA DE VIAJE;12
ColpetroleumRsu8;2025-12-08 13:31:54;MN-48;0;260,75;FUERA DE VIAJE;12
ColpetroleumRsu8;2025-12-08 13:31:58;MN-48;0;259,5;FUERA DE VIAJE;12
ColpetroleumRsu8;2025-12-08 13:32:02;MN-48;0;258,87;FUERA DE VIAJE;12
ColpetroleumRsu8;2025-12-08 13:32:06;MN-48;0;258,24;FUERA DE VIAJE;12
ColpetroleumRsu8;2025-12-08 13:32:10;MN-48;0;257,62;FUERA DE VIAJE;12
ColpetroleumRsu8;2025-12-08 13:32:14;MN-48;0;256,99;FUERA DE VIAJE;12
ColpetroleumRsu8;2025-12-08 13:32:18;MN-48;0;256,36;FUERA DE VIAJE;12
ColpetroleumRsu8;2025-12-08 13:32:22;MN-48;0;256,36;FUERA DE VIAJE;12
ColpetroleumRsu8;2025-12-08 13:32:26;MN-48;0;255,74;FUERA DE VIAJE;12
ColpetroleumRsu8;2025-12-08 13:32:30;MN-48;0;254,8;FUERA DE VIAJE;12
ColpetroleumRsu8;2025-12-08 13:32:34;MN-48;0;254,17;FUERA DE VIAJE;12
ColpetroleumRsu8;2025-12-08 13:32:38;MN-48;0;253,54;FUERA DE VIAJE;12
ColpetroleumRsu8;2025-12-08 13:32:42;MN-48;0;252,91;FUERA DE VIAJE;12
ColpetroleumRsu8;2025-12-08 13:32:46;MN-48;0;252,29;FUERA DE VIAJE;12
ColpetroleumRsu8;2025-12-08 13:32:50;MN-48;0;252,29;FUERA DE VIAJE;12
ColpetroleumRsu8;2025-12-08 13:32:54;MN-48;0;251,66;FUERA DE VIAJE;12
ColpetroleumRsu8;2025-12-08 13:32:58;MN-48;0;250,41;FUERA DE VIAJE;12
ColpetroleumRsu8;2025-12-08 13:33:02;MN-48;0;249,78;FUERA DE VIAJE;12
ColpetroleumRsu8;2025-12-08 13:33:06;MN-48;0;249,78;FUERA DE VIAJE;12
ColpetroleumRsu8;2025-12-08 13:33:10;MN-48;0;248,53;FUERA DE VIAJE;12
ColpetroleumRsu8;2025-12-08 13:33:14;MN-48;0;247,9;FUERA DE VIAJE;12
ColpetroleumRsu8;2025-12-08 13:33:18;MN-48;0;247,9;FUERA DE VIAJE;12
ColpetroleumRsu8;2025-12-08 13:33:22;MN-48;0;246,33;FUERA DE VIAJE;12
ColpetroleumRsu8;2025-12-08 13:33:26;MN-48;0;246,33;FUERA DE VIAJE;12
ColpetroleumRsu8;2025-12-08 13:33:30;MN-48;0;246,33;FUERA DE VIAJE;12
ColpetroleumRsu8;2025-12-08 13:33:34;MN-48;0;245,08;FUERA DE VIAJE;12
ColpetroleumRsu8;2025-12-08 13:33:38;MN-48;0;244,45;FUERA DE VIAJE;12
ColpetroleumRsu8;2025-12-08 13:33:42;MN-48;0;243,83;FUERA DE VIAJE;12
ColpetroleumRsu8;2025-12-08 13:33:46;MN-48;0;243,2;FUERA DE VIAJE;12
ColpetroleumRsu8;2025-12-08 13:33:50;MN-48;0;242,57;FUERA DE VIAJE;12
ColpetroleumRsu8;2025-12-08 13:33:54;MN-48;0;242,57;FUERA DE VIAJE;12
ColpetroleumRsu8;2025-12-08 13:33:58;MN-48;0;241,95;FUERA DE VIAJE;12
ColpetroleumRsu8;2025-12-08 13:34:02;MN-48;0;241,32;FUERA DE VIAJE;12
ColpetroleumRsu8;2025-12-08 13:34:06;MN-48;0;240,69;FUERA DE VIAJE;12
ColpetroleumRsu8;2025-12-08 13:34:10;MN-48;0;240,07;FUERA DE VIAJE;12
ColpetroleumRsu8;2025-12-08 13:34:14;MN-48;0;239,44;FUERA DE VIAJE;12
ColpetroleumRsu8;2025-12-08 13:34:18;MN-48;0;238,81;FUERA DE VIAJE;12
ColpetroleumRsu8;2025-12-08 13:34:22;MN-48;0;238,81;FUERA DE VIAJE;12
ColpetroleumRsu8;2025-12-08 13:34:26;MN-48;0;238,18;FUERA DE VIAJE;12
ColpetroleumRsu8;2025-12-08 13:34:30;MN-48;0;236,93;FUERA DE VIAJE;12
ColpetroleumRsu8;2025-12-08 13:34:34;MN-48;0;236,93;FUERA DE VIAJE;12
ColpetroleumRsu8;2025-12-08 13:34:38;MN-48;0;236,3;FUERA DE VIAJE;12
ColpetroleumRsu8;2025-12-08 13:34:42;MN-48;0;235,05;FUERA DE VIAJE;12
ColpetroleumRsu8;2025-12-08 13:34:46;MN-48;0;235,05;FUERA DE VIAJE;12
ColpetroleumRsu8;2025-12-08 13:34:50;MN-48;0;234,42;FUERA DE VIAJE;12
ColpetroleumRsu8;2025-12-08 13:34:54;MN-48;0;233,8;FUERA DE VIAJE;12
ColpetroleumRsu8;2025-12-08 13:34:58;MN-48;0;233,17;FUERA DE VIAJE;12
ColpetroleumRsu8;2025-12-08 13:35:02;MN-48;0;232,54;FUERA DE VIAJE;12
ColpetroleumRsu8;2025-12-08 13:35:06;MN-48;0;232,54;FUERA DE VIAJE;12
ColpetroleumRsu8;2025-12-08 13:35:10;MN-48;0;231,92;FUERA DE VIAJE;12
ColpetroleumRsu8;2025-12-08 13:35:14;MN-48;0;230,66;FUERA DE VIAJE;12
ColpetroleumRsu8;2025-12-08 13:35:18;MN-48;0;230,04;FUERA DE VIAJE;12
ColpetroleumRsu8;2025-12-08 13:35:22;MN-48;0;230,04;FUERA DE VIAJE;12
ColpetroleumRsu8;2025-12-08 13:35:26;MN-48;0;229,41;FUERA DE VIAJE;12
ColpetroleumRsu8;2025-12-08 13:35:30;MN-48;0;228,78;FUERA DE VIAJE;12
ColpetroleumRsu8;2025-12-08 13:35:34;MN-48;0;228,78;FUERA DE VIAJE;12
ColpetroleumRsu8;2025-12-08 13:35:38;MN-48;0;227,53;FUERA DE VIAJE;12
ColpetroleumRsu8;2025-12-08 13:35:42;MN-48;0;227,53;FUERA DE VIAJE;12
ColpetroleumRsu8;2025-12-08 13:35:46;MN-48;0;226,9;FUERA DE VIAJE;12
ColpetroleumRsu8;2025-12-08 13:35:50;MN-48;0;225,65;FUERA DE VIAJE;12
ColpetroleumRsu8;2025-12-08 13:35:54;MN-48;0;225,65;FUERA DE VIAJE;12
ColpetroleumRsu8;2025-12-08 13:35:58;MN-48;0;225,02;FUERA DE VIAJE;12
ColpetroleumRsu8;2025-12-08 13:36:02;MN-48;0;224,4;FUERA DE VIAJE;12
ColpetroleumRsu8;2025-12-08 13:36:06;MN-48;0;224,4;FUERA DE VIAJE;12
ColpetroleumRsu8;2025-12-08 13:36:10;MN-48;0;223,77;FUERA DE VIAJE;12
ColpetroleumRsu8;2025-12-08 13:36:14;MN-48;0;223,14;FUERA DE VIAJE;12
ColpetroleumRsu8;2025-12-08 13:36:18;MN-48;0;222,51;FUERA DE VIAJE;12
ColpetroleumRsu8;2025-12-08 13:36:22;MN-48;0;221,89;FUERA DE VIAJE;12
ColpetroleumRsu8;2025-12-08 13:36:26;MN-48;0;221,26;FUERA DE VIAJE;12
ColpetroleumRsu8;2025-12-08 13:36:30;MN-48;0;220,63;FUERA DE VIAJE;12
ColpetroleumRsu8;2025-12-08 13:36:34;MN-48;0;220,63;FUERA DE VIAJE;12
ColpetroleumRsu8;2025-12-08 13:36:38;MN-48;0;220,01;FUERA DE VIAJE;12
ColpetroleumRsu8;2025-12-08 13:36:42;MN-48;0;219,38;FUERA DE VIAJE;12
ColpetroleumRsu8;2025-12-08 13:36:46;MN-48;0;219,38;FUERA DE VIAJE;12
ColpetroleumRsu8;2025-12-08 13:36:50;MN-48;0;218,44;FUERA DE VIAJE;12
ColpetroleumRsu8;2025-12-08 13:36:54;MN-48;0;217,81;FUERA DE VIAJE;12
ColpetroleumRsu8;2025-12-08 13:36:58;MN-48;0;217,19;FUERA DE VIAJE;12
ColpetroleumRsu8;2025-12-08 13:37:02;MN-48;0;217,19;FUERA DE VIAJE;12
ColpetroleumRsu8;2025-12-08 13:37:06;MN-48;0;216,56;FUERA DE VIAJE;12
ColpetroleumRsu8;2025-12-08 13:37:10;MN-48;0;215,93;FUERA DE VIAJE;12
ColpetroleumRsu8;2025-12-08 13:37:14;MN-48;0;215,31;FUERA DE VIAJE;12
ColpetroleumRsu8;2025-12-08 13:37:18;MN-48;0;214,37;FUERA DE VIAJE;12
ColpetroleumRsu8;2025-12-08 13:37:22;MN-48;0;214,37;FUERA DE VIAJE;12
ColpetroleumRsu8;2025-12-08 13:37:26;MN-48;0;213,74;FUERA DE VIAJE;12
ColpetroleumRsu8;2025-12-08 13:37:30;MN-48;0;213,74;FUERA DE VIAJE;12
ColpetroleumRsu8;2025-12-08 13:37:34;MN-48;0;213,11;FUERA DE VIAJE;12
ColpetroleumRsu8;2025-12-08 13:37:38;MN-48;0;212,49;FUERA DE VIAJE;12
ColpetroleumRsu8;2025-12-08 13:37:42;MN-48;0;211,86;FUERA DE VIAJE;12
ColpetroleumRsu8;2025-12-08 13:37:46;MN-48;0;211,86;FUERA DE VIAJE;12
ColpetroleumRsu8;2025-12-08 13:37:50;MN-48;0;210,61;FUERA DE VIAJE;12
ColpetroleumRsu8;2025-12-08 13:37:54;MN-48;0;210,61;FUERA DE VIAJE;12
ColpetroleumRsu8;2025-12-08 13:37:58;MN-48;0;209,35;FUERA DE VIAJE;12
ColpetroleumRsu8;2025-12-08 13:38:02;MN-48;0;209,35;FUERA DE VIAJE;12
ColpetroleumRsu8;2025-12-08 13:38:06;MN-48;0;208,73;FUERA DE VIAJE;12
ColpetroleumRsu8;2025-12-08 13:38:10;MN-48;0;208,1;FUERA DE VIAJE;12
ColpetroleumRsu8;2025-12-08 13:38:14;MN-48;0;208,1;FUERA DE VIAJE;12
ColpetroleumRsu8;2025-12-08 13:38:18;MN-48;0;207,47;FUERA DE VIAJE;12
ColpetroleumRsu8;2025-12-08 13:38:22;MN-48;0;206,84;FUERA DE VIAJE;12
ColpetroleumRsu8;2025-12-08 13:38:26;MN-48;0;206,22;FUERA DE VIAJE;12
ColpetroleumRsu8;2025-12-08 13:38:30;MN-48;0;205,59;FUERA DE VIAJE;12
ColpetroleumRsu8;2025-12-08 13:38:34;MN-48;0;205,59;FUERA DE VIAJE;12
ColpetroleumRsu8;2025-12-08 13:38:38;MN-48;0;204,34;FUERA DE VIAJE;12
ColpetroleumRsu8;2025-12-08 13:38:42;MN-48;0;204,34;FUERA DE VIAJE;12
ColpetroleumRsu8;2025-12-08 13:38:46;MN-48;0;203,71;FUERA DE VIAJE;12
ColpetroleumRsu8;2025-12-08 13:38:50;MN-48;0;203,08;FUERA DE VIAJE;12
ColpetroleumRsu8;2025-12-08 13:38:54;MN-48;0;203,08;FUERA DE VIAJE;12
ColpetroleumRsu8;2025-12-08 13:38:58;MN-48;0;202,46;FUERA DE VIAJE;12
ColpetroleumRsu8;2025-12-08 13:39:02;MN-48;0;201,83;FUERA DE VIAJE;12
ColpetroleumRsu8;2025-12-08 13:39:06;MN-48;0;201,2;FUERA DE VIAJE;12
ColpetroleumRsu8;2025-12-08 13:39:10;MN-48;0;200,58;FUERA DE VIAJE;12
ColpetroleumRsu8;2025-12-08 13:39:14;MN-48;0;200,58;FUERA DE VIAJE;12
ColpetroleumRsu8;2025-12-08 13:39:18;MN-48;0;199,95;FUERA DE VIAJE;12
ColpetroleumRsu8;2025-12-08 13:39:22;MN-48;0;199,32;FUERA DE VIAJE;12
ColpetroleumRsu8;2025-12-08 13:39:26;MN-48;0;198,7;FUERA DE VIAJE;12
ColpetroleumRsu8;2025-12-08 13:39:30;MN-48;0;198,7;FUERA DE VIAJE;12
ColpetroleumRsu8;2025-12-08 13:39:34;MN-48;0;197,44;FUERA DE VIAJE;12
ColpetroleumRsu8;2025-12-08 13:39:38;MN-48;0;197,13;FUERA DE VIAJE;12
ColpetroleumRsu8;2025-12-08 13:39:42;MN-48;0;197,13;FUERA DE VIAJE;12
ColpetroleumRsu8;2025-12-08 13:39:46;MN-48;0;196,5;FUERA DE VIAJE;12
ColpetroleumRsu8;2025-12-08 13:39:50;MN-48;0;196,5;FUERA DE VIAJE;12
ColpetroleumRsu8;2025-12-08 13:39:54;MN-48;0;195,56;FUERA DE VIAJE;12
ColpetroleumRsu8;2025-12-08 13:39:58;MN-48;0;194,94;FUERA DE VIAJE;12
ColpetroleumRsu8;2025-12-08 13:40:02;MN-48;0;194,94;FUERA DE VIAJE;12
ColpetroleumRsu8;2025-12-08 13:40:06;MN-48;0;194;FUERA DE VIAJE;12
ColpetroleumRsu8;2025-12-08 13:40:10;MN-48;0;194;FUERA DE VIAJE;12
ColpetroleumRsu8;2025-12-08 13:40:14;MN-48;0;193,06;FUERA DE VIAJE;12
ColpetroleumRsu8;2025-12-08 13:40:18;MN-48;0;193,06;FUERA DE VIAJE;12
ColpetroleumRsu8;2025-12-08 13:40:22;MN-48;0;192,43;FUERA DE VIAJE;12
ColpetroleumRsu8;2025-12-08 13:40:26;MN-48;0;191,8;FUERA DE VIAJE;12
ColpetroleumRsu8;2025-12-08 13:40:30;MN-48;0;191,17;FUERA DE VIAJE;12
ColpetroleumRsu8;2025-12-08 13:40:34;MN-48;0;190,55;FUERA DE VIAJE;12
ColpetroleumRsu8;2025-12-08 13:40:38;MN-48;0;190,55;FUERA DE VIAJE;12
ColpetroleumRsu8;2025-12-08 13:40:42;MN-48;0;189,92;FUERA DE VIAJE;12
ColpetroleumRsu8;2025-12-08 13:40:46;MN-48;0;189,92;FUERA DE VIAJE;12
ColpetroleumRsu8;2025-12-08 13:40:50;MN-48;0;188,67;FUERA DE VIAJE;12
ColpetroleumRsu8;2025-12-08 13:40:54;MN-48;0;188,67;FUERA DE VIAJE;12
ColpetroleumRsu8;2025-12-08 13:40:58;MN-48;0;188,04;FUERA DE VIAJE;12
ColpetroleumRsu8;2025-12-08 13:41:02;MN-48;0;187,41;FUERA DE VIAJE;12
ColpetroleumRsu8;2025-12-08 13:41:06;MN-48;0;187,41;FUERA DE VIAJE;12
ColpetroleumRsu8;2025-12-08 13:41:10;MN-48;0;186,79;FUERA DE VIAJE;12
ColpetroleumRsu8;2025-12-08 13:41:14;MN-48;0;186,16;FUERA DE VIAJE;12
ColpetroleumRsu8;2025-12-08 13:41:18;MN-48;0;185,53;FUERA DE VIAJE;12
ColpetroleumRsu8;2025-12-08 13:41:22;MN-48;0;184,91;FUERA DE VIAJE;12
ColpetroleumRsu8;2025-12-08 13:41:26;MN-48;0;184,28;FUERA DE VIAJE;12
ColpetroleumRsu8;2025-12-08 13:41:30;MN-48;0;184,28;FUERA DE VIAJE;12
ColpetroleumRsu8;2025-12-08 13:41:34;MN-48;0;183,65;FUERA DE VIAJE;12
ColpetroleumRsu8;2025-12-08 13:41:38;MN-48;0;183,65;FUERA DE VIAJE;12
ColpetroleumRsu8;2025-12-08 13:41:42;MN-48;0;183,03;FUERA DE VIAJE;12
ColpetroleumRsu8;2025-12-08 13:41:46;MN-48;0;182,4;FUERA DE VIAJE;12
ColpetroleumRsu8;2025-12-08 13:41:50;MN-48;0;181,77;FUERA DE VIAJE;12
ColpetroleumRsu8;2025-12-08 13:41:54;MN-48;0;181,77;FUERA DE VIAJE;12
ColpetroleumRsu8;2025-12-08 13:41:58;MN-48;0;181,15;FUERA DE VIAJE;12
ColpetroleumRsu8;2025-12-08 14:11:02;MN-48;0;75,22;FUERA DE VIAJE;13
ColpetroleumRsu8;2025-12-08 14:11:06;MN-48;0;74,59;FUERA DE VIAJE;13
ColpetroleumRsu8;2025-12-08 14:11:10;MN-48;0;74,59;FUERA DE VIAJE;13
ColpetroleumRsu8;2025-12-08 14:11:14;MN-48;0;74,59;FUERA DE VIAJE;13
ColpetroleumRsu8;2025-12-08 14:11:18;MN-48;0;74,59;FUERA DE VIAJE;13
ColpetroleumRsu8;2025-12-08 14:11:22;MN-48;0;74,59;FUERA DE VIAJE;13
ColpetroleumRsu8;2025-12-08 14:11:26;MN-48;0;73,96;FUERA DE VIAJE;13
ColpetroleumRsu8;2025-12-08 14:11:30;MN-48;0;73,96;FUERA DE VIAJE;13
ColpetroleumRsu8;2025-12-08 14:11:34;MN-48;0;73,96;FUERA DE VIAJE;13
ColpetroleumRsu8;2025-12-08 14:11:38;MN-48;0;73,96;FUERA DE VIAJE;13
ColpetroleumRsu8;2025-12-08 14:11:42;MN-48;0;73,34;FUERA DE VIAJE;13
ColpetroleumRsu8;2025-12-08 14:11:46;MN-48;0;73,34;FUERA DE VIAJE;13
ColpetroleumRsu8;2025-12-08 14:11:50;MN-48;0;73,34;FUERA DE VIAJE;13
ColpetroleumRsu8;2025-12-08 14:11:54;MN-48;0;73,34;FUERA DE VIAJE;13
ColpetroleumRsu8;2025-12-08 14:11:58;MN-48;0;73,34;FUERA DE VIAJE;13
ColpetroleumRsu8;2025-12-08 14:12:02;MN-48;0;73,34;FUERA DE VIAJE;13
ColpetroleumRsu8;2025-12-08 14:12:06;MN-48;0;72,71;FUERA DE VIAJE;13
ColpetroleumRsu8;2025-12-08 14:12:10;MN-48;0;72,71;FUERA DE VIAJE;13
ColpetroleumRsu8;2025-12-08 14:12:14;MN-48;0;72,71;FUERA DE VIAJE;13
ColpetroleumRsu8;2025-12-08 14:12:18;MN-48;0;72,71;FUERA DE VIAJE;13
ColpetroleumRsu8;2025-12-08 14:12:22;MN-48;0;72,08;FUERA DE VIAJE;13
ColpetroleumRsu8;2025-12-08 14:12:26;MN-48;0;72,08;FUERA DE VIAJE;13
ColpetroleumRsu8;2025-12-08 14:12:30;MN-48;0;71,46;FUERA DE VIAJE;13
ColpetroleumRsu8;2025-12-08 14:12:34;MN-48;0;71,46;FUERA DE VIAJE;13
ColpetroleumRsu8;2025-12-08 14:12:38;MN-48;0;71,46;FUERA DE VIAJE;13
ColpetroleumRsu8;2025-12-08 14:12:42;MN-48;0;71,46;FUERA DE VIAJE;13
ColpetroleumRsu8;2025-12-08 14:12:46;MN-48;0;70,83;FUERA DE VIAJE;13
ColpetroleumRsu8;2025-12-08 14:12:50;MN-48;0;70,83;FUERA DE VIAJE;13
ColpetroleumRsu8;2025-12-08 14:12:54;MN-48;0;70,83;FUERA DE VIAJE;13
ColpetroleumRsu8;2025-12-08 14:12:58;MN-48;0;70,83;FUERA DE VIAJE;13
ColpetroleumRsu8;2025-12-08 14:13:02;MN-48;0;70,83;FUERA DE VIAJE;13
ColpetroleumRsu8;2025-12-08 14:13:06;MN-48;0;70,83;FUERA DE VIAJE;13
ColpetroleumRsu8;2025-12-08 14:13:10;MN-48;0;70,2;FUERA DE VIAJE;13
ColpetroleumRsu8;2025-12-08 14:13:14;MN-48;0;70,2;FUERA DE VIAJE;13
ColpetroleumRsu8;2025-12-08 14:13:18;MN-48;0;69,58;FUERA DE VIAJE;13
ColpetroleumRsu8;2025-12-08 14:13:22;MN-48;0;69,58;FUERA DE VIAJE;13
ColpetroleumRsu8;2025-12-08 14:13:26;MN-48;0;69,58;FUERA DE VIAJE;13
ColpetroleumRsu8;2025-12-08 14:13:30;MN-48;0;69,58;FUERA DE VIAJE;13
ColpetroleumRsu8;2025-12-08 14:13:34;MN-48;0;69,58;FUERA DE VIAJE;13
ColpetroleumRsu8;2025-12-08 14:13:38;MN-48;0;69,58;FUERA DE VIAJE;13
ColpetroleumRsu8;2025-12-08 14:13:42;MN-48;0;68,95;FUERA DE VIAJE;13
ColpetroleumRsu8;2025-12-08 14:13:46;MN-48;0;68,95;FUERA DE VIAJE;13
ColpetroleumRsu8;2025-12-08 14:13:50;MN-48;0;68,95;FUERA DE VIAJE;13
ColpetroleumRsu8;2025-12-08 14:13:54;MN-48;0;68,95;FUERA DE VIAJE;13
ColpetroleumRsu8;2025-12-08 14:13:58;MN-48;0;68,32;FUERA DE VIAJE;13
ColpetroleumRsu8;2025-12-08 14:14:02;MN-48;0;68,32;FUERA DE VIAJE;13
ColpetroleumRsu8;2025-12-08 14:14:06;MN-48;0;68,32;FUERA DE VIAJE;13
ColpetroleumRsu8;2025-12-08 14:14:10;MN-48;0;68,32;FUERA DE VIAJE;13
ColpetroleumRsu8;2025-12-08 14:14:14;MN-48;0;67,69;FUERA DE VIAJE;13
ColpetroleumRsu8;2025-12-08 14:14:18;MN-48;0;67,69;FUERA DE VIAJE;13
ColpetroleumRsu8;2025-12-08 14:14:22;MN-48;0;68,95;FUERA DE VIAJE;13
ColpetroleumRsu8;2025-12-08 14:14:26;MN-48;0;75,84;FUERA DE VIAJE;13
ColpetroleumRsu8;2025-12-08 14:14:30;MN-48;0;73,34;FUERA DE VIAJE;13
ColpetroleumRsu8;2025-12-08 14:14:34;MN-48;0;168,3;FUERA DE VIAJE;13
ColpetroleumRsu8;2025-12-08 14:14:38;MN-48;0;386,11;FUERA DE VIAJE;13
ColpetroleumRsu8;2025-12-08 14:14:42;MN-48;0;33,53;FUERA DE VIAJE;13
ColpetroleumRsu8;2025-12-08 14:14:46;MN-48;0;46,38;FUERA DE VIAJE;13
ColpetroleumRsu8;2025-12-08 14:14:50;MN-48;0;58,29;FUERA DE VIAJE;13
ColpetroleumRsu8;2025-12-08 14:14:54;MN-48;0;56,73;FUERA DE VIAJE;13
ColpetroleumRsu8;2025-12-08 14:14:58;MN-48;0;65,19;FUERA DE VIAJE;13
ColpetroleumRsu8;2025-12-08 14:15:02;MN-48;0;57,67;FUERA DE VIAJE;13
ColpetroleumRsu8;2025-12-08 14:15:06;MN-48;0;63,31;FUERA DE VIAJE;13
ColpetroleumRsu8;2025-12-08 14:15:10;MN-48;0;57,67;FUERA DE VIAJE;13
ColpetroleumRsu8;2025-12-08 14:15:14;MN-48;0;191,8;FUERA DE VIAJE;13
ColpetroleumRsu8;2025-12-08 14:15:18;MN-48;0;96,53;FUERA DE VIAJE;13
ColpetroleumRsu8;2025-12-08 14:15:22;MN-48;0;146,04;FUERA DE VIAJE;13
ColpetroleumRsu8;2025-12-08 14:15:26;MN-48;0;304,94;FUERA DE VIAJE;13
ColpetroleumRsu8;2025-12-08 14:15:30;MN-48;0;233,8;FUERA DE VIAJE;13
ColpetroleumRsu8;2025-12-08 14:15:34;MN-48;0;233,48;FUERA DE VIAJE;13
ColpetroleumRsu8;2025-12-08 14:15:38;MN-48;0;251,66;FUERA DE VIAJE;13
ColpetroleumRsu8;2025-12-08 14:15:42;MN-48;0;221,89;FUERA DE VIAJE;13
ColpetroleumRsu8;2025-12-08 14:15:46;MN-48;0;253,85;FUERA DE VIAJE;13
ColpetroleumRsu8;2025-12-08 14:15:50;MN-48;0;245,71;FUERA DE VIAJE;13
ColpetroleumRsu8;2025-12-08 14:15:54;MN-48;0;244,77;FUERA DE VIAJE;13
ColpetroleumRsu8;2025-12-08 14:15:58;MN-48;0;240,07;FUERA DE VIAJE;13
ColpetroleumRsu8;2025-12-08 14:16:02;MN-48;0;262,94;FUERA DE VIAJE;13
ColpetroleumRsu8;2025-12-08 14:16:06;MN-48;0;231,29;FUERA DE VIAJE;13
ColpetroleumRsu8;2025-12-08 14:16:10;MN-48;0;263,57;FUERA DE VIAJE;13
ColpetroleumRsu8;2025-12-08 14:16:14;MN-48;0;218,13;FUERA DE VIAJE;13
ColpetroleumRsu8;2025-12-08 14:16:18;MN-48;0;244,14;FUERA DE VIAJE;13
ColpetroleumRsu8;2025-12-08 14:16:22;MN-48;0;210,61;FUERA DE VIAJE;13
ColpetroleumRsu8;2025-12-08 14:16:26;MN-48;0;261,38;FUERA DE VIAJE;13
ColpetroleumRsu8;2025-12-08 14:16:30;MN-48;0;254,17;FUERA DE VIAJE;13
ColpetroleumRsu8;2025-12-08 14:16:34;MN-48;0;480,44;FUERA DE VIAJE;13
ColpetroleumRsu8;2025-12-08 14:16:38;MN-48;0;418,39;FUERA DE VIAJE;13
ColpetroleumRsu8;2025-12-08 14:16:42;MN-48;0;440,02;FUERA DE VIAJE;13
ColpetroleumRsu8;2025-12-08 14:16:46;MN-48;0;436,25;FUERA DE VIAJE;13
ColpetroleumRsu8;2025-12-08 14:16:50;MN-48;0;463,52;FUERA DE VIAJE;13
ColpetroleumRsu8;2025-12-08 14:16:54;MN-48;0;475,12;FUERA DE VIAJE;13
ColpetroleumRsu8;2025-12-08 14:16:58;MN-48;0;445,66;FUERA DE VIAJE;13
ColpetroleumRsu8;2025-12-08 14:17:02;MN-48;0;445,03;FUERA DE VIAJE;13
ColpetroleumRsu8;2025-12-08 14:17:06;MN-48;0;403,03;FUERA DE VIAJE;13
ColpetroleumRsu8;2025-12-08 14:17:10;MN-48;0;478,56;FUERA DE VIAJE;13
ColpetroleumRsu8;2025-12-08 14:17:14;MN-48;0;460,7;FUERA DE VIAJE;13
ColpetroleumRsu8;2025-12-08 14:17:18;MN-48;0;453,8;FUERA DE VIAJE;13
ColpetroleumRsu8;2025-12-08 14:17:22;MN-48;0;503,32;FUERA DE VIAJE;13
ColpetroleumRsu8;2025-12-08 14:17:26;MN-48;0;472,3;FUERA DE VIAJE;13
ColpetroleumRsu8;2025-12-08 14:17:30;MN-48;0;523,07;FUERA DE VIAJE;13
ColpetroleumRsu8;2025-12-08 14:17:34;MN-48;0;601,1;FUERA DE VIAJE;13
ColpetroleumRsu8;2025-12-08 14:17:38;MN-48;0;591,7;FUERA DE VIAJE;13
ColpetroleumRsu8;2025-12-08 14:17:42;MN-48;0;660,02;FUERA DE VIAJE;13
ColpetroleumRsu8;2025-12-08 14:17:46;MN-48;0;679,45;FUERA DE VIAJE;13
ColpetroleumRsu8;2025-12-08 14:17:50;MN-48;0;702,02;FUERA DE VIAJE;13
ColpetroleumRsu8;2025-12-08 14:17:54;MN-48;0;712,05;FUERA DE VIAJE;13
ColpetroleumRsu8;2025-12-08 14:17:58;MN-48;0;744,64;FUERA DE VIAJE;13
ColpetroleumRsu8;2025-12-08 14:18:02;MN-48;0;635,26;FUERA DE VIAJE;13
ColpetroleumRsu8;2025-12-08 14:18:06;MN-48;0;670,05;FUERA DE VIAJE;13
ColpetroleumRsu8;2025-12-08 14:18:10;MN-48;0;676,95;FUERA DE VIAJE;13
ColpetroleumRsu8;2025-12-08 14:18:14;MN-48;0;661,59;FUERA DE VIAJE;13
ColpetroleumRsu8;2025-12-08 14:18:18;MN-48;0;676,63;FUERA DE VIAJE;13
ColpetroleumRsu8;2025-12-08 14:18:22;MN-48;0;684,47;FUERA DE VIAJE;13
ColpetroleumRsu8;2025-12-08 14:18:26;MN-48;0;638,4;FUERA DE VIAJE;13
ColpetroleumRsu8;2025-12-08 14:18:30;MN-48;0;721,14;FUERA DE VIAJE;13
ColpetroleumRsu8;2025-12-08 14:18:34;MN-48;0;750,28;FUERA DE VIAJE;13
ColpetroleumRsu8;2025-12-08 14:18:38;MN-48;0;623,67;FUERA DE VIAJE;13
ColpetroleumRsu8;2025-12-08 14:18:42;MN-48;0;748,4;FUERA DE VIAJE;13
ColpetroleumRsu8;2025-12-08 14:18:46;MN-48;0;733,04;FUERA DE VIAJE;13
ColpetroleumRsu8;2025-12-08 14:18:50;MN-48;0;888,18;FUERA DE VIAJE;13
ColpetroleumRsu8;2025-12-08 14:18:54;MN-48;0;813,9;FUERA DE VIAJE;13
ColpetroleumRsu8;2025-12-08 14:18:58;MN-48;0;841,17;FUERA DE VIAJE;13
ColpetroleumRsu8;2025-12-08 14:19:02;MN-48;0;835,21;FUERA DE VIAJE;13
ColpetroleumRsu8;2025-12-08 14:19:06;MN-48;0;760,94;FUERA DE VIAJE;13
ColpetroleumRsu8;2025-12-08 14:19:10;MN-48;0;813,28;FUERA DE VIAJE;13
ColpetroleumRsu8;2025-12-08 14:19:14;MN-48;0;925,16;FUERA DE VIAJE;13
ColpetroleumRsu8;2025-12-08 14:19:18;MN-48;0;820,8;FUERA DE VIAJE;13
ColpetroleumRsu8;2025-12-08 14:19:22;MN-48;0;815,16;FUERA DE VIAJE;13
ColpetroleumRsu8;2025-12-08 14:19:26;MN-48;0;993,17;FUERA DE VIAJE;13
ColpetroleumRsu8;2025-12-08 14:19:30;MN-48;0;850,57;FUERA DE VIAJE;13
ColpetroleumRsu8;2025-12-08 14:19:34;MN-48;0;912,31;FUERA DE VIAJE;13
ColpetroleumRsu8;2025-12-08 14:19:38;MN-48;0;936,13;FUERA DE VIAJE;13
ColpetroleumRsu8;2025-12-08 14:19:42;MN-48;0;910,12;FUERA DE VIAJE;13
ColpetroleumRsu8;2025-12-08 14:19:46;MN-48;0;928,29;FUERA DE VIAJE;13
ColpetroleumRsu8;2025-12-08 14:19:50;MN-48;0;982,83;FUERA DE VIAJE;13
ColpetroleumRsu8;2025-12-08 14:19:54;MN-48;0;932,99;FUERA DE VIAJE;13
ColpetroleumRsu8;2025-12-08 14:19:58;MN-48;0;905,73;FUERA DE VIAJE;13
ColpetroleumRsu8;2025-12-08 14:20:02;MN-48;0;1134,2;FUERA DE VIAJE;13
ColpetroleumRsu8;2025-12-08 14:20:06;MN-48;0;1100,98;FUERA DE VIAJE;13
ColpetroleumRsu8;2025-12-08 14:20:10;MN-48;0;972,8;FUERA DE VIAJE;13
ColpetroleumRsu8;2025-12-08 14:20:14;MN-48;0;1069,95;FUERA DE VIAJE;13
ColpetroleumRsu8;2025-12-08 14:20:18;MN-48;0;983,77;FUERA DE VIAJE;13
ColpetroleumRsu8;2025-12-08 14:20:22;MN-48;0;1056,16;FUERA DE VIAJE;13
ColpetroleumRsu8;2025-12-08 14:20:26;MN-48;0;1053,03;FUERA DE VIAJE;13
ColpetroleumRsu8;2025-12-08 14:20:30;MN-48;0;1032,97;FUERA DE VIAJE;13
ColpetroleumRsu8;2025-12-08 14:20:34;MN-48;0;1072,14;FUERA DE VIAJE;13
ColpetroleumRsu8;2025-12-08 14:20:38;MN-48;0;1057,1;FUERA DE VIAJE;13
ColpetroleumRsu8;2025-12-08 14:20:42;MN-48;0;1113,2;FUERA DE VIAJE;13
ColpetroleumRsu8;2025-12-08 14:20:46;MN-48;0;1049,27;FUERA DE VIAJE;13
ColpetroleumRsu8;2025-12-08 14:20:50;MN-48;0;1153,32;FUERA DE VIAJE;13
ColpetroleumRsu8;2025-12-08 14:20:54;MN-48;0;1154,57;FUERA DE VIAJE;13
ColpetroleumRsu8;2025-12-08 14:20:58;MN-48;0;1118,84;FUERA DE VIAJE;13
ColpetroleumRsu8;2025-12-08 14:21:02;MN-48;0;1166,17;FUERA DE VIAJE;13
ColpetroleumRsu8;2025-12-08 14:21:06;MN-48;0;1111,63;FUERA DE VIAJE;13
ColpetroleumRsu8;2025-12-08 14:21:10;MN-48;0;1107,25;FUERA DE VIAJE;13
ColpetroleumRsu8;2025-12-08 14:21:14;MN-48;0;1116,96;FUERA DE VIAJE;13
ColpetroleumRsu8;2025-12-08 14:21:18;MN-48;0;1111,95;FUERA DE VIAJE;13
ColpetroleumRsu8;2025-12-08 14:21:22;MN-48;0;1115,39;FUERA DE VIAJE;13
ColpetroleumRsu8;2025-12-08 14:21:26;MN-48;0;992,54;FUERA DE VIAJE;13
ColpetroleumRsu8;2025-12-08 14:21:30;MN-48;0;1050,52;FUERA DE VIAJE;13
ColpetroleumRsu8;2025-12-08 14:21:34;MN-48;0;1004,14;FUERA DE VIAJE;13
ColpetroleumRsu8;2025-12-08 14:21:38;MN-48;0;1039,86;FUERA DE VIAJE;13
ColpetroleumRsu8;2025-12-08 14:21:42;MN-48;0;979,06;FUERA DE VIAJE;13
ColpetroleumRsu8;2025-12-08 14:21:46;MN-48;0;1035,48;FUERA DE VIAJE;13
ColpetroleumRsu8;2025-12-08 14:21:50;MN-48;0;1061,18;FUERA DE VIAJE;13
ColpetroleumRsu8;2025-12-08 14:21:54;MN-48;0;1071,83;FUERA DE VIAJE;13
ColpetroleumRsu8;2025-12-08 14:21:58;MN-48;0;1091,89;FUERA DE VIAJE;13
ColpetroleumRsu8;2025-12-08 14:22:02;MN-48;0;1134,83;FUERA DE VIAJE;13
ColpetroleumRsu8;2025-12-08 14:22:06;MN-48;0;1150,5;FUERA DE VIAJE;13
ColpetroleumRsu8;2025-12-08 14:22:10;MN-48;0;1133,26;FUERA DE VIAJE;13
ColpetroleumRsu8;2025-12-08 14:22:14;MN-48;0;1141,09;FUERA DE VIAJE;13
ColpetroleumRsu8;2025-12-08 14:22:18;MN-48;0;1092,52;FUERA DE VIAJE;13
ColpetroleumRsu8;2025-12-08 14:22:22;MN-48;0;1103,48;FUERA DE VIAJE;13
ColpetroleumRsu8;2025-12-08 14:22:26;MN-48;0;1149,87;FUERA DE VIAJE;13
ColpetroleumRsu8;2025-12-08 14:22:30;MN-48;0;1033,6;FUERA DE VIAJE;13
ColpetroleumRsu8;2025-12-08 14:22:34;MN-48;0;1007,27;FUERA DE VIAJE;13
ColpetroleumRsu8;2025-12-08 14:22:38;MN-48;0;1029,84;FUERA DE VIAJE;13
ColpetroleumRsu8;2025-12-08 14:22:42;MN-48;0;1078,1;FUERA DE VIAJE;13
ColpetroleumRsu8;2025-12-08 14:22:46;MN-48;0;1007,9;FUERA DE VIAJE;13
ColpetroleumRsu8;2025-12-08 14:22:50;MN-48;0;1088,76;FUERA DE VIAJE;13
ColpetroleumRsu8;2025-12-08 14:22:54;MN-48;0;867,49;FUERA DE VIAJE;13
ColpetroleumRsu8;2025-12-08 14:22:58;MN-48;0;765,01;FUERA DE VIAJE;13
ColpetroleumRsu8;2025-12-08 14:23:02;MN-48;0;813,59;FUERA DE VIAJE;13
ColpetroleumRsu8;2025-12-08 14:23:06;MN-48;0;530,9;FUERA DE VIAJE;13
ColpetroleumRsu8;2025-12-08 14:23:10;MN-48;0;230,35;FUERA DE VIAJE;13
ColpetroleumRsu8;2025-12-08 14:23:14;MN-48;0;146,36;FUERA DE VIAJE;13
ColpetroleumRsu8;2025-12-08 14:23:18;MN-48;0;181,77;FUERA DE VIAJE;13
ColpetroleumRsu8;2025-12-08 14:23:22;MN-48;0;237,87;FUERA DE VIAJE;13
ColpetroleumRsu8;2025-12-08 14:23:26;MN-48;0;235,36;FUERA DE VIAJE;13
ColpetroleumRsu8;2025-12-08 14:23:30;MN-48;0;241,01;FUERA DE VIAJE;13
ColpetroleumRsu8;2025-12-08 14:23:34;MN-48;0;291,15;FUERA DE VIAJE;13
ColpetroleumRsu8;2025-12-08 14:23:38;MN-48;0;285,51;FUERA DE VIAJE;13
ColpetroleumRsu8;2025-12-08 14:23:42;MN-48;0;282,06;FUERA DE VIAJE;13
ColpetroleumRsu8;2025-12-08 14:23:46;MN-48;0;312,77;FUERA DE VIAJE;13
ColpetroleumRsu8;2025-12-08 14:23:50;MN-48;0;305,25;FUERA DE VIAJE;13
ColpetroleumRsu8;2025-12-08 14:23:54;MN-48;0;300,55;FUERA DE VIAJE;13
ColpetroleumRsu8;2025-12-08 14:23:58;MN-48;0;294,91;FUERA DE VIAJE;13
ColpetroleumRsu8;2025-12-08 14:24:02;MN-48;0;304;FUERA DE VIAJE;13
ColpetroleumRsu8;2025-12-08 14:24:06;MN-48;0;295,85;FUERA DE VIAJE;13
ColpetroleumRsu8;2025-12-08 14:24:10;MN-48;0;292,4;FUERA DE VIAJE;13
ColpetroleumRsu8;2025-12-08 14:24:14;MN-48;0;332,83;FUERA DE VIAJE;13
ColpetroleumRsu8;2025-12-08 14:24:18;MN-48;0;306,51;FUERA DE VIAJE;13
ColpetroleumRsu8;2025-12-08 14:24:22;MN-48;0;307,76;FUERA DE VIAJE;13
ColpetroleumRsu8;2025-12-08 14:24:26;MN-48;0;347,25;FUERA DE VIAJE;13
ColpetroleumRsu8;2025-12-08 14:24:30;MN-48;0;336,28;FUERA DE VIAJE;13
ColpetroleumRsu8;2025-12-08 14:24:34;MN-48;0;306,51;FUERA DE VIAJE;13
ColpetroleumRsu8;2025-12-08 14:24:38;MN-48;0;315,28;FUERA DE VIAJE;13
ColpetroleumRsu8;2025-12-08 14:24:42;MN-48;0;325,62;FUERA DE VIAJE;13
ColpetroleumRsu8;2025-12-08 14:24:46;MN-48;0;323,74;FUERA DE VIAJE;13
ColpetroleumRsu8;2025-12-08 14:24:50;MN-48;0;342,23;FUERA DE VIAJE;13
ColpetroleumRsu8;2025-12-08 14:24:54;MN-48;0;321,55;FUERA DE VIAJE;13
ColpetroleumRsu8;2025-12-08 14:24:58;MN-48;0;312,15;FUERA DE VIAJE;13
ColpetroleumRsu8;2025-12-08 14:25:02;MN-48;0;319,36;FUERA DE VIAJE;13
ColpetroleumRsu8;2025-12-08 14:25:06;MN-48;0;315,28;FUERA DE VIAJE;13
ColpetroleumRsu8;2025-12-08 14:25:10;MN-48;0;328,13;FUERA DE VIAJE;13
ColpetroleumRsu8;2025-12-08 14:25:14;MN-48;0;346,93;FUERA DE VIAJE;13
ColpetroleumRsu8;2025-12-08 14:25:18;MN-48;0;341,92;FUERA DE VIAJE;13
ColpetroleumRsu8;2025-12-08 14:25:22;MN-48;0;357,28;FUERA DE VIAJE;13
ColpetroleumRsu8;2025-12-08 14:25:26;MN-48;0;333,15;FUERA DE VIAJE;13
ColpetroleumRsu8;2025-12-08 14:25:30;MN-48;0;334,09;FUERA DE VIAJE;13
ColpetroleumRsu8;2025-12-08 14:25:34;MN-48;0;335,34;FUERA DE VIAJE;13
ColpetroleumRsu8;2025-12-08 14:25:38;MN-48;0;338,79;FUERA DE VIAJE;13
ColpetroleumRsu8;2025-12-08 14:25:42;MN-48;0;343,49;FUERA DE VIAJE;13
ColpetroleumRsu8;2025-12-08 14:25:46;MN-48;0;365,43;FUERA DE VIAJE;13
ColpetroleumRsu8;2025-12-08 14:25:50;MN-48;0;349,76;FUERA DE VIAJE;13
ColpetroleumRsu8;2025-12-08 14:25:54;MN-48;0;327,19;FUERA DE VIAJE;13
ColpetroleumRsu8;2025-12-08 14:25:58;MN-48;0;351,64;FUERA DE VIAJE;13
ColpetroleumRsu8;2025-12-08 14:26:02;MN-48;0;342,86;FUERA DE VIAJE;13
ColpetroleumRsu8;2025-12-08 14:26:06;MN-48;0;324,37;FUERA DE VIAJE;13
ColpetroleumRsu8;2025-12-08 14:26:10;MN-48;0;324,06;FUERA DE VIAJE;13
ColpetroleumRsu8;2025-12-08 14:26:14;MN-48;0;334,71;FUERA DE VIAJE;13
ColpetroleumRsu8;2025-12-08 14:26:18;MN-48;0;342,23;FUERA DE VIAJE;13
ColpetroleumRsu8;2025-12-08 14:26:22;MN-48;0;333,77;FUERA DE VIAJE;13
ColpetroleumRsu8;2025-12-08 14:26:26;MN-48;0;343,49;FUERA DE VIAJE;13
ColpetroleumRsu8;2025-12-08 14:26:30;MN-48;0;339,1;FUERA DE VIAJE;13
ColpetroleumRsu8;2025-12-08 14:26:34;MN-48;0;334,09;FUERA DE VIAJE;13
ColpetroleumRsu8;2025-12-08 14:26:38;MN-48;0;368,56;FUERA DE VIAJE;13
ColpetroleumRsu8;2025-12-08 14:26:42;MN-48;0;354,46;FUERA DE VIAJE;13
ColpetroleumRsu8;2025-12-08 14:26:46;MN-48;0;349,44;FUERA DE VIAJE;13
ColpetroleumRsu8;2025-12-08 14:26:50;MN-48;0;322,18;FUERA DE VIAJE;13
ColpetroleumRsu8;2025-12-08 14:26:54;MN-48;0;305,25;FUERA DE VIAJE;13
ColpetroleumRsu8;2025-12-08 14:26:58;MN-48;0;328,76;FUERA DE VIAJE;13
ColpetroleumRsu8;2025-12-08 14:27:02;MN-48;0;323,12;FUERA DE VIAJE;13
ColpetroleumRsu8;2025-12-08 14:27:06;MN-48;0;325,31;FUERA DE VIAJE;13
ColpetroleumRsu8;2025-12-08 14:27:10;MN-48;0;340,98;FUERA DE VIAJE;13
ColpetroleumRsu8;2025-12-08 14:27:14;MN-48;0;341,29;FUERA DE VIAJE;13
ColpetroleumRsu8;2025-12-08 14:27:18;MN-48;0;338,16;FUERA DE VIAJE;13
ColpetroleumRsu8;2025-12-08 14:27:22;MN-48;0;331,26;FUERA DE VIAJE;13
ColpetroleumRsu8;2025-12-08 14:27:26;MN-48;0;325,94;FUERA DE VIAJE;13
ColpetroleumRsu8;2025-12-08 14:27:30;MN-48;0;343,17;FUERA DE VIAJE;13
ColpetroleumRsu8;2025-12-08 14:27:34;MN-48;0;331,58;FUERA DE VIAJE;13
ColpetroleumRsu8;2025-12-08 14:27:38;MN-48;0;364,17;FUERA DE VIAJE;13
ColpetroleumRsu8;2025-12-08 14:27:42;MN-48;0;356,65;FUERA DE VIAJE;13
ColpetroleumRsu8;2025-12-08 14:27:46;MN-48;0;328,13;FUERA DE VIAJE;13
ColpetroleumRsu8;2025-12-08 14:27:50;MN-48;0;302,75;FUERA DE VIAJE;13
ColpetroleumRsu8;2025-12-08 14:27:54;MN-48;0;337,22;FUERA DE VIAJE;13
ColpetroleumRsu8;2025-12-08 14:27:58;MN-48;0;326,25;FUERA DE VIAJE;13
ColpetroleumRsu8;2025-12-08 14:28:02;MN-48;0;327,82;FUERA DE VIAJE;13
ColpetroleumRsu8;2025-12-08 14:28:06;MN-48;0;337,85;FUERA DE VIAJE;13
ColpetroleumRsu8;2025-12-08 14:28:10;MN-48;0;335,34;FUERA DE VIAJE;13
ColpetroleumRsu8;2025-12-08 14:28:14;MN-48;0;332,52;FUERA DE VIAJE;13
ColpetroleumRsu8;2025-12-08 14:28:18;MN-48;0;340,04;FUERA DE VIAJE;13
ColpetroleumRsu8;2025-12-08 14:28:22;MN-48;0;364,17;FUERA DE VIAJE;13
ColpetroleumRsu8;2025-12-08 14:28:26;MN-48;0;361,66;FUERA DE VIAJE;13
ColpetroleumRsu8;2025-12-08 14:28:30;MN-48;0;358,22;FUERA DE VIAJE;13
ColpetroleumRsu8;2025-12-08 14:28:34;MN-48;0;350,07;FUERA DE VIAJE;13
ColpetroleumRsu8;2025-12-08 14:28:38;MN-48;0;339,1;FUERA DE VIAJE;13
ColpetroleumRsu8;2025-12-08 14:28:42;MN-48;0;324,37;FUERA DE VIAJE;13
ColpetroleumRsu8;2025-12-08 14:28:46;MN-48;0;315,91;FUERA DE VIAJE;13
ColpetroleumRsu8;2025-12-08 14:28:50;MN-48;0;337,85;FUERA DE VIAJE;13
ColpetroleumRsu8;2025-12-08 14:28:54;MN-48;0;333,46;FUERA DE VIAJE;13
ColpetroleumRsu8;2025-12-08 14:28:58;MN-48;0;332,21;FUERA DE VIAJE;13
ColpetroleumRsu8;2025-12-08 14:29:02;MN-48;0;336,91;FUERA DE VIAJE;13
ColpetroleumRsu8;2025-12-08 14:29:06;MN-48;0;342,55;FUERA DE VIAJE;13
ColpetroleumRsu8;2025-12-08 14:29:10;MN-48;0;337,22;FUERA DE VIAJE;13
ColpetroleumRsu8;2025-12-08 14:29:14;MN-48;0;352,58;FUERA DE VIAJE;13
ColpetroleumRsu8;2025-12-08 14:29:18;MN-48;0;336,28;FUERA DE VIAJE;13
ColpetroleumRsu8;2025-12-08 14:29:22;MN-48;0;368,56;FUERA DE VIAJE;13
ColpetroleumRsu8;2025-12-08 14:29:26;MN-48;0;354,77;FUERA DE VIAJE;13
ColpetroleumRsu8;2025-12-08 14:29:30;MN-48;0;344,11;FUERA DE VIAJE;13
ColpetroleumRsu8;2025-12-08 14:29:34;MN-48;0;334,09;FUERA DE VIAJE;13
ColpetroleumRsu8;2025-12-08 14:29:38;MN-48;0;334,4;FUERA DE VIAJE;13
ColpetroleumRsu8;2025-12-08 14:29:42;MN-48;0;333,46;FUERA DE VIAJE;13
ColpetroleumRsu8;2025-12-08 14:29:46;MN-48;0;334,71;FUERA DE VIAJE;13
ColpetroleumRsu8;2025-12-08 14:29:50;MN-48;0;329,38;FUERA DE VIAJE;13
ColpetroleumRsu8;2025-12-08 14:29:54;MN-48;0;324,68;FUERA DE VIAJE;13
ColpetroleumRsu8;2025-12-08 14:29:58;MN-48;0;334,71;FUERA DE VIAJE;13
ColpetroleumRsu8;2025-12-08 14:30:02;MN-48;0;348,82;FUERA DE VIAJE;13
ColpetroleumRsu8;2025-12-08 14:30:06;MN-48;0;339,73;FUERA DE VIAJE;13
ColpetroleumRsu8;2025-12-08 14:30:10;MN-48;0;340,35;FUERA DE VIAJE;13
ColpetroleumRsu8;2025-12-08 14:30:14;MN-48;0;359,78;FUERA DE VIAJE;13
ColpetroleumRsu8;2025-12-08 14:30:18;MN-48;0;342,86;FUERA DE VIAJE;13
ColpetroleumRsu8;2025-12-08 14:30:22;MN-48;0;347,56;FUERA DE VIAJE;13
ColpetroleumRsu8;2025-12-08 14:30:26;MN-48;0;341,92;FUERA DE VIAJE;13
ColpetroleumRsu8;2025-12-08 14:30:30;MN-48;0;332,52;FUERA DE VIAJE;13
ColpetroleumRsu8;2025-12-08 14:30:34;MN-48;0;331,26;FUERA DE VIAJE;13
ColpetroleumRsu8;2025-12-08 14:30:38;MN-48;0;325,62;FUERA DE VIAJE;13
ColpetroleumRsu8;2025-12-08 14:30:42;MN-48;0;333,46;FUERA DE VIAJE;13
ColpetroleumRsu8;2025-12-08 14:30:46;MN-48;0;337,53;FUERA DE VIAJE;13
ColpetroleumRsu8;2025-12-08 14:30:50;MN-48;0;337,85;FUERA DE VIAJE;13
ColpetroleumRsu8;2025-12-08 14:30:54;MN-48;0;337,85;FUERA DE VIAJE;13
ColpetroleumRsu8;2025-12-08 14:30:58;MN-48;0;336,91;FUERA DE VIAJE;13
ColpetroleumRsu8;2025-12-08 14:31:02;MN-48;0;335,97;FUERA DE VIAJE;13
ColpetroleumRsu8;2025-12-08 14:31:06;MN-48;0;370,13;FUERA DE VIAJE;13
ColpetroleumRsu8;2025-12-08 14:31:10;MN-48;0;362,92;FUERA DE VIAJE;13
ColpetroleumRsu8;2025-12-08 14:31:14;MN-48;0;338,16;FUERA DE VIAJE;13
ColpetroleumRsu8;2025-12-08 14:31:18;MN-48;0;335,97;FUERA DE VIAJE;13
ColpetroleumRsu8;2025-12-08 14:31:22;MN-48;0;342,23;FUERA DE VIAJE;13
ColpetroleumRsu8;2025-12-08 14:31:26;MN-48;0;347,56;FUERA DE VIAJE;13
ColpetroleumRsu8;2025-12-08 14:31:30;MN-48;0;324,68;FUERA DE VIAJE;13
ColpetroleumRsu8;2025-12-08 14:31:34;MN-48;0;327,82;FUERA DE VIAJE;13
ColpetroleumRsu8;2025-12-08 14:31:38;MN-48;0;336,91;FUERA DE VIAJE;13
ColpetroleumRsu8;2025-12-08 14:31:42;MN-48;0;334,09;FUERA DE VIAJE;13
ColpetroleumRsu8;2025-12-08 14:31:46;MN-48;0;327,19;FUERA DE VIAJE;13
ColpetroleumRsu8;2025-12-08 14:31:50;MN-48;0;350,07;FUERA DE VIAJE;13
ColpetroleumRsu8;2025-12-08 14:31:54;MN-48;0;346,62;FUERA DE VIAJE;13
ColpetroleumRsu8;2025-12-08 14:31:58;MN-48;0;366,99;FUERA DE VIAJE;13
ColpetroleumRsu8;2025-12-08 14:32:02;MN-48;0;356,96;FUERA DE VIAJE;13
ColpetroleumRsu8;2025-12-08 14:32:06;MN-48;0;364,17;FUERA DE VIAJE;13
ColpetroleumRsu8;2025-12-08 14:32:10;MN-48;0;336,59;FUERA DE VIAJE;13
ColpetroleumRsu8;2025-12-08 14:32:14;MN-48;0;337,22;FUERA DE VIAJE;13
ColpetroleumRsu8;2025-12-08 14:32:18;MN-48;0;325,31;FUERA DE VIAJE;13
ColpetroleumRsu8;2025-12-08 14:32:22;MN-48;0;340,35;FUERA DE VIAJE;13
ColpetroleumRsu8;2025-12-08 14:32:26;MN-48;0;320,3;FUERA DE VIAJE;13
ColpetroleumRsu8;2025-12-08 14:32:30;MN-48;0;336,59;FUERA DE VIAJE;13
ColpetroleumRsu8;2025-12-08 14:32:34;MN-48;0;334,09;FUERA DE VIAJE;13
ColpetroleumRsu8;2025-12-08 14:32:38;MN-48;0;340,04;FUERA DE VIAJE;13
ColpetroleumRsu8;2025-12-08 14:32:42;MN-48;0;340,98;FUERA DE VIAJE;13
ColpetroleumRsu8;2025-12-08 14:32:46;MN-48;0;342,86;FUERA DE VIAJE;13
ColpetroleumRsu8;2025-12-08 14:32:50;MN-48;0;338,47;FUERA DE VIAJE;13
ColpetroleumRsu8;2025-12-08 14:32:54;MN-48;0;372,95;FUERA DE VIAJE;13
ColpetroleumRsu8;2025-12-08 14:32:58;MN-48;0;355,71;FUERA DE VIAJE;13
ColpetroleumRsu8;2025-12-08 14:33:02;MN-48;0;327,19;FUERA DE VIAJE;13
ColpetroleumRsu8;2025-12-08 14:33:06;MN-48;0;335,34;FUERA DE VIAJE;13
ColpetroleumRsu8;2025-12-08 14:33:10;MN-48;0;334,4;FUERA DE VIAJE;13
ColpetroleumRsu8;2025-12-08 14:33:14;MN-48;0;350,38;FUERA DE VIAJE;13
ColpetroleumRsu8;2025-12-08 14:33:18;MN-48;0;344,74;FUERA DE VIAJE;13
ColpetroleumRsu8;2025-12-08 14:33:22;MN-48;0;329,7;FUERA DE VIAJE;13
ColpetroleumRsu8;2025-12-08 14:33:26;MN-48;0;338,47;FUERA DE VIAJE;13
ColpetroleumRsu8;2025-12-08 14:33:30;MN-48;0;336,91;FUERA DE VIAJE;13
ColpetroleumRsu8;2025-12-08 14:33:34;MN-48;0;333,15;FUERA DE VIAJE;13
ColpetroleumRsu8;2025-12-08 14:33:38;MN-48;0;331,26;FUERA DE VIAJE;13
ColpetroleumRsu8;2025-12-08 14:33:42;MN-48;0;344,74;FUERA DE VIAJE;13
ColpetroleumRsu8;2025-12-08 14:33:46;MN-48;0;351,01;FUERA DE VIAJE;13
ColpetroleumRsu8;2025-12-08 14:33:50;MN-48;0;364,49;FUERA DE VIAJE;13
ColpetroleumRsu8;2025-12-08 14:33:54;MN-48;0;348,19;FUERA DE VIAJE;13
ColpetroleumRsu8;2025-12-08 14:33:58;MN-48;0;357,28;FUERA DE VIAJE;13
ColpetroleumRsu8;2025-12-08 14:34:02;MN-48;0;326,56;FUERA DE VIAJE;13
ColpetroleumRsu8;2025-12-08 14:34:06;MN-48;0;329,7;FUERA DE VIAJE;13
ColpetroleumRsu8;2025-12-08 14:34:10;MN-48;0;325,94;FUERA DE VIAJE;13
ColpetroleumRsu8;2025-12-08 14:34:14;MN-48;0;347,88;FUERA DE VIAJE;13
ColpetroleumRsu8;2025-12-08 14:34:18;MN-48;0;338,79;FUERA DE VIAJE;13
ColpetroleumRsu8;2025-12-08 14:34:22;MN-48;0;337,22;FUERA DE VIAJE;13
ColpetroleumRsu8;2025-12-08 14:34:26;MN-48;0;348,19;FUERA DE VIAJE;13
ColpetroleumRsu8;2025-12-08 14:34:30;MN-48;0;335,34;FUERA DE VIAJE;13
ColpetroleumRsu8;2025-12-08 14:34:34;MN-48;0;334,71;FUERA DE VIAJE;13
ColpetroleumRsu8;2025-12-08 14:34:38;MN-48;0;345,37;FUERA DE VIAJE;13
ColpetroleumRsu8;2025-12-08 14:34:42;MN-48;0;339,41;FUERA DE VIAJE;13
ColpetroleumRsu8;2025-12-08 14:34:46;MN-48;0;365,74;FUERA DE VIAJE;13
ColpetroleumRsu8;2025-12-08 14:34:50;MN-48;0;318,1;FUERA DE VIAJE;13
ColpetroleumRsu8;2025-12-08 14:34:54;MN-48;0;325,62;FUERA DE VIAJE;13
ColpetroleumRsu8;2025-12-08 14:34:58;MN-48;0;324,37;FUERA DE VIAJE;13
ColpetroleumRsu8;2025-12-08 14:35:02;MN-48;0;326,56;FUERA DE VIAJE;13
ColpetroleumRsu8;2025-12-08 14:35:06;MN-48;0;345,99;FUERA DE VIAJE;13
ColpetroleumRsu8;2025-12-08 14:35:10;MN-48;0;325;FUERA DE VIAJE;13
ColpetroleumRsu8;2025-12-08 14:35:14;MN-48;0;324,68;FUERA DE VIAJE;13
ColpetroleumRsu8;2025-12-08 14:35:18;MN-48;0;339,1;FUERA DE VIAJE;13
ColpetroleumRsu8;2025-12-08 14:35:22;MN-48;0;338,47;FUERA DE VIAJE;13
ColpetroleumRsu8;2025-12-08 14:35:26;MN-48;0;338,16;FUERA DE VIAJE;13
ColpetroleumRsu8;2025-12-08 14:35:30;MN-48;0;337,22;FUERA DE VIAJE;13
ColpetroleumRsu8;2025-12-08 14:35:34;MN-48;0;341,61;FUERA DE VIAJE;13
ColpetroleumRsu8;2025-12-08 14:35:38;MN-48;0;346,62;FUERA DE VIAJE;13
ColpetroleumRsu8;2025-12-08 14:35:42;MN-48;0;332,21;FUERA DE VIAJE;13
ColpetroleumRsu8;2025-12-08 14:35:46;MN-48;0;344,11;FUERA DE VIAJE;13
ColpetroleumRsu8;2025-12-08 14:35:50;MN-48;0;320,3;FUERA DE VIAJE;13
ColpetroleumRsu8;2025-12-08 14:35:54;MN-48;0;322,18;FUERA DE VIAJE;13
ColpetroleumRsu8;2025-12-08 14:35:58;MN-48;0;330,32;FUERA DE VIAJE;13
ColpetroleumRsu8;2025-12-08 14:36:02;MN-48;0;341,92;FUERA DE VIAJE;13
ColpetroleumRsu8;2025-12-08 14:36:06;MN-48;0;321,55;FUERA DE VIAJE;13
ColpetroleumRsu8;2025-12-08 14:36:11;MN-48;0;336,91;FUERA DE VIAJE;13
ColpetroleumRsu8;2025-12-08 14:36:15;MN-48;0;339,73;FUERA DE VIAJE;13
ColpetroleumRsu8;2025-12-08 14:36:19;MN-48;0;333,77;FUERA DE VIAJE;13
ColpetroleumRsu8;2025-12-08 14:36:23;MN-48;0;345,37;FUERA DE VIAJE;13
ColpetroleumRsu8;2025-12-08 14:36:27;MN-48;0;331,58;FUERA DE VIAJE;13
ColpetroleumRsu8;2025-12-08 14:36:31;MN-48;0;347,88;FUERA DE VIAJE;13
ColpetroleumRsu8;2025-12-08 14:36:35;MN-48;0;337,85;FUERA DE VIAJE;13
ColpetroleumRsu8;2025-12-08 14:36:39;MN-48;0;325,62;FUERA DE VIAJE;13
ColpetroleumRsu8;2025-12-08 14:36:43;MN-48;0;320,61;FUERA DE VIAJE;13
ColpetroleumRsu8;2025-12-08 14:36:47;MN-48;0;324,68;FUERA DE VIAJE;13
ColpetroleumRsu8;2025-12-08 14:36:51;MN-48;0;345,37;FUERA DE VIAJE;13
ColpetroleumRsu8;2025-12-08 14:36:55;MN-48;0;346,93;FUERA DE VIAJE;13
ColpetroleumRsu8;2025-12-08 14:36:59;MN-48;0;345,99;FUERA DE VIAJE;13
ColpetroleumRsu8;2025-12-08 14:37:03;MN-48;0;330,95;FUERA DE VIAJE;13
ColpetroleumRsu8;2025-12-08 14:37:07;MN-48;0;340,98;FUERA DE VIAJE;13
ColpetroleumRsu8;2025-12-08 14:37:11;MN-48;0;332,21;FUERA DE VIAJE;13
ColpetroleumRsu8;2025-12-08 14:37:15;MN-48;0;324,06;FUERA DE VIAJE;13
ColpetroleumRsu8;2025-12-08 14:37:19;MN-48;0;324,06;FUERA DE VIAJE;13
ColpetroleumRsu8;2025-12-08 14:37:23;MN-48;0;354,77;FUERA DE VIAJE;13
ColpetroleumRsu8;2025-12-08 14:37:27;MN-48;0;320,3;FUERA DE VIAJE;13
ColpetroleumRsu8;2025-12-08 14:37:31;MN-48;0;323,12;FUERA DE VIAJE;13
ColpetroleumRsu8;2025-12-08 14:37:35;MN-48;0;310,27;FUERA DE VIAJE;13
ColpetroleumRsu8;2025-12-08 14:37:39;MN-48;0;325,94;FUERA DE VIAJE;13
ColpetroleumRsu8;2025-12-08 14:37:43;MN-48;0;323,74;FUERA DE VIAJE;13
ColpetroleumRsu8;2025-12-08 14:37:47;MN-48;0;335,97;FUERA DE VIAJE;13
ColpetroleumRsu8;2025-12-08 14:37:51;MN-48;0;339,1;FUERA DE VIAJE;13
ColpetroleumRsu8;2025-12-08 14:37:55;MN-48;0;332,83;FUERA DE VIAJE;13
ColpetroleumRsu8;2025-12-08 14:37:59;MN-48;0;339,1;FUERA DE VIAJE;13
ColpetroleumRsu8;2025-12-08 14:38:03;MN-48;0;339,1;FUERA DE VIAJE;13
ColpetroleumRsu8;2025-12-08 14:38:07;MN-48;0;330,01;FUERA DE VIAJE;13
ColpetroleumRsu8;2025-12-08 14:38:11;MN-48;0;360,72;FUERA DE VIAJE;13
ColpetroleumRsu8;2025-12-08 14:38:15;MN-48;0;364,17;FUERA DE VIAJE;13
ColpetroleumRsu8;2025-12-08 14:38:19;MN-48;0;353,52;FUERA DE VIAJE;13
ColpetroleumRsu8;2025-12-08 14:38:23;MN-48;0;335,34;FUERA DE VIAJE;13
ColpetroleumRsu8;2025-12-08 14:38:27;MN-48;0;312,77;FUERA DE VIAJE;13
ColpetroleumRsu8;2025-12-08 14:38:31;MN-48;0;332,21;FUERA DE VIAJE;13
ColpetroleumRsu8;2025-12-08 14:38:35;MN-48;0;329,07;FUERA DE VIAJE;13
ColpetroleumRsu8;2025-12-08 14:38:39;MN-48;0;325,94;FUERA DE VIAJE;13
ColpetroleumRsu8;2025-12-08 14:38:43;MN-48;0;331,89;FUERA DE VIAJE;13
ColpetroleumRsu8;2025-12-08 14:38:47;MN-48;0;341,92;FUERA DE VIAJE;13
ColpetroleumRsu8;2025-12-08 14:38:51;MN-48;0;336,59;FUERA DE VIAJE;13
ColpetroleumRsu8;2025-12-08 14:38:55;MN-48;0;337,85;FUERA DE VIAJE;13
ColpetroleumRsu8;2025-12-08 14:38:59;MN-48;0;336,59;FUERA DE VIAJE;13
ColpetroleumRsu8;2025-12-08 14:39:03;MN-48;0;329,07;FUERA DE VIAJE;13
ColpetroleumRsu8;2025-12-08 14:39:07;MN-48;0;358,84;FUERA DE VIAJE;13
ColpetroleumRsu8;2025-12-08 14:39:11;MN-48;0;343,49;FUERA DE VIAJE;13
ColpetroleumRsu8;2025-12-08 14:39:15;MN-48;0;332,21;FUERA DE VIAJE;13
ColpetroleumRsu8;2025-12-08 14:39:19;MN-48;0;333,46;FUERA DE VIAJE;13
ColpetroleumRsu8;2025-12-08 14:39:23;MN-48;0;316,54;FUERA DE VIAJE;13
ColpetroleumRsu8;2025-12-08 14:39:27;MN-48;0;340,04;FUERA DE VIAJE;13
ColpetroleumRsu8;2025-12-08 14:39:31;MN-48;0;339,73;FUERA DE VIAJE;13
ColpetroleumRsu8;2025-12-08 14:39:35;MN-48;0;325,62;FUERA DE VIAJE;13
ColpetroleumRsu8;2025-12-08 14:39:39;MN-48;0;330,95;FUERA DE VIAJE;13
ColpetroleumRsu8;2025-12-08 14:39:43;MN-48;0;330,32;FUERA DE VIAJE;13
ColpetroleumRsu8;2025-12-08 14:39:47;MN-48;0;335,34;FUERA DE VIAJE;13
ColpetroleumRsu8;2025-12-08 14:39:51;MN-48;0;336,59;FUERA DE VIAJE;13
ColpetroleumRsu8;2025-12-08 14:39:55;MN-48;0;357,9;FUERA DE VIAJE;13
ColpetroleumRsu8;2025-12-08 14:39:59;MN-48;0;353,52;FUERA DE VIAJE;13
ColpetroleumRsu8;2025-12-08 14:40:03;MN-48;0;361,98;FUERA DE VIAJE;13
ColpetroleumRsu8;2025-12-08 14:40:07;MN-48;0;336,91;FUERA DE VIAJE;13
ColpetroleumRsu8;2025-12-08 14:40:11;MN-48;0;327,19;FUERA DE VIAJE;13
ColpetroleumRsu8;2025-12-08 14:40:15;MN-48;0;331,58;FUERA DE VIAJE;13
ColpetroleumRsu8;2025-12-08 14:40:19;MN-48;0;340,67;FUERA DE VIAJE;13
ColpetroleumRsu8;2025-12-08 14:40:23;MN-48;0;323,12;FUERA DE VIAJE;13
ColpetroleumRsu8;2025-12-08 14:40:27;MN-48;0;333,46;FUERA DE VIAJE;13
ColpetroleumRsu8;2025-12-08 14:40:31;MN-48;0;342,86;FUERA DE VIAJE;13
ColpetroleumRsu8;2025-12-08 14:40:35;MN-48;0;336,91;FUERA DE VIAJE;13
ColpetroleumRsu8;2025-12-08 14:40:39;MN-48;0;335,97;FUERA DE VIAJE;13
ColpetroleumRsu8;2025-12-08 14:40:43;MN-48;0;342,23;FUERA DE VIAJE;13
ColpetroleumRsu8;2025-12-08 14:40:47;MN-48;0;361,35;FUERA DE VIAJE;13
ColpetroleumRsu8;2025-12-08 14:40:51;MN-48;0;371,38;FUERA DE VIAJE;13
ColpetroleumRsu8;2025-12-08 14:40:55;MN-48;0;356,65;FUERA DE VIAJE;13
ColpetroleumRsu8;2025-12-08 14:40:59;MN-48;0;321,55;FUERA DE VIAJE;13
ColpetroleumRsu8;2025-12-08 14:41:03;MN-48;0;328,44;FUERA DE VIAJE;13
ColpetroleumRsu8;2025-12-08 14:41:07;MN-48;0;328,44;FUERA DE VIAJE;13
ColpetroleumRsu8;2025-12-08 14:41:11;MN-48;0;324,06;FUERA DE VIAJE;13
ColpetroleumRsu8;2025-12-08 14:41:15;MN-48;0;327,82;FUERA DE VIAJE;13
ColpetroleumRsu8;2025-12-08 14:41:19;MN-48;0;337,85;FUERA DE VIAJE;13
ColpetroleumRsu8;2025-12-08 14:41:23;MN-48;0;337,85;FUERA DE VIAJE;13
ColpetroleumRsu8;2025-12-08 14:41:27;MN-48;0;338,47;FUERA DE VIAJE;13
ColpetroleumRsu8;2025-12-08 14:41:31;MN-48;0;337,85;FUERA DE VIAJE;13
ColpetroleumRsu8;2025-12-08 14:41:35;MN-48;0;339,1;FUERA DE VIAJE;13
ColpetroleumRsu8;2025-12-08 14:41:39;MN-48;0;346,62;FUERA DE VIAJE;13
ColpetroleumRsu8;2025-12-08 14:41:43;MN-48;0;343,8;FUERA DE VIAJE;13
ColpetroleumRsu8;2025-12-08 14:41:47;MN-48;0;321,55;FUERA DE VIAJE;13
ColpetroleumRsu8;2025-12-08 14:41:51;MN-48;0;336,91;FUERA DE VIAJE;13
ColpetroleumRsu8;2025-12-08 14:41:55;MN-48;0;318,73;FUERA DE VIAJE;13
ColpetroleumRsu8;2025-12-08 14:41:59;MN-48;0;320,3;FUERA DE VIAJE;13
ColpetroleumRsu8;2025-12-08 14:42:03;MN-48;0;338,79;FUERA DE VIAJE;13
ColpetroleumRsu8;2025-12-08 14:42:07;MN-48;0;340,98;FUERA DE VIAJE;13
ColpetroleumRsu8;2025-12-08 14:42:11;MN-48;0;327,82;FUERA DE VIAJE;13
ColpetroleumRsu8;2025-12-08 14:42:15;MN-48;0;323,12;FUERA DE VIAJE;13
ColpetroleumRsu8;2025-12-08 14:42:19;MN-48;0;339,73;FUERA DE VIAJE;13
ColpetroleumRsu8;2025-12-08 14:42:23;MN-48;0;328,76;FUERA DE VIAJE;13
ColpetroleumRsu8;2025-12-08 14:42:27;MN-48;0;334,09;FUERA DE VIAJE;13
ColpetroleumRsu8;2025-12-08 14:42:31;MN-48;0;353,2;FUERA DE VIAJE;13
ColpetroleumRsu8;2025-12-08 14:42:35;MN-48;0;350,38;FUERA DE VIAJE;13
ColpetroleumRsu8;2025-12-08 14:42:39;MN-48;0;328,13;FUERA DE VIAJE;13
ColpetroleumRsu8;2025-12-08 14:42:43;MN-48;0;308,07;FUERA DE VIAJE;13
ColpetroleumRsu8;2025-12-08 14:42:47;MN-48;0;312,77;FUERA DE VIAJE;13
ColpetroleumRsu8;2025-12-08 14:42:51;MN-48;0;325,94;FUERA DE VIAJE;13
ColpetroleumRsu8;2025-12-08 14:42:55;MN-48;0;322,49;FUERA DE VIAJE;13
ColpetroleumRsu8;2025-12-08 14:42:59;MN-48;0;342,86;FUERA DE VIAJE;13
ColpetroleumRsu8;2025-12-08 14:43:03;MN-48;0;335,97;FUERA DE VIAJE;13
ColpetroleumRsu8;2025-12-08 14:43:07;MN-48;0;334,71;FUERA DE VIAJE;13
ColpetroleumRsu8;2025-12-08 14:43:11;MN-48;0;341,61;FUERA DE VIAJE;13
ColpetroleumRsu8;2025-12-08 14:43:15;MN-48;0;326,88;FUERA DE VIAJE;13
ColpetroleumRsu8;2025-12-08 14:43:19;MN-48;0;325,94;FUERA DE VIAJE;13
ColpetroleumRsu8;2025-12-08 14:43:23;MN-48;0;367,93;FUERA DE VIAJE;13
ColpetroleumRsu8;2025-12-08 14:43:27;MN-48;0;370,44;FUERA DE VIAJE;13
ColpetroleumRsu8;2025-12-08 14:43:31;MN-48;0;357,9;FUERA DE VIAJE;13
ColpetroleumRsu8;2025-12-08 14:43:35;MN-48;0;316,22;FUERA DE VIAJE;13
ColpetroleumRsu8;2025-12-08 14:43:39;MN-48;0;307,13;FUERA DE VIAJE;13
ColpetroleumRsu8;2025-12-08 14:43:43;MN-48;0;340,67;FUERA DE VIAJE;13
ColpetroleumRsu8;2025-12-08 14:43:47;MN-48;0;332,21;FUERA DE VIAJE;13
ColpetroleumRsu8;2025-12-08 14:43:51;MN-48;0;322,8;FUERA DE VIAJE;13
ColpetroleumRsu8;2025-12-08 14:43:55;MN-48;0;331,26;FUERA DE VIAJE;13
ColpetroleumRsu8;2025-12-08 14:43:59;MN-48;0;335,97;FUERA DE VIAJE;13
ColpetroleumRsu8;2025-12-08 14:44:03;MN-48;0;338,79;FUERA DE VIAJE;13
ColpetroleumRsu8;2025-12-08 14:44:07;MN-48;0;339,73;FUERA DE VIAJE;13
ColpetroleumRsu8;2025-12-08 14:44:11;MN-48;0;345,05;FUERA DE VIAJE;13
ColpetroleumRsu8;2025-12-08 14:44:15;MN-48;0;364,8;FUERA DE VIAJE;13
ColpetroleumRsu8;2025-12-08 14:44:19;MN-48;0;340,67;FUERA DE VIAJE;13
ColpetroleumRsu8;2025-12-08 14:44:23;MN-48;0;336,59;FUERA DE VIAJE;13
ColpetroleumRsu8;2025-12-08 14:44:27;MN-48;0;328,44;FUERA DE VIAJE;13
ColpetroleumRsu8;2025-12-08 14:44:31;MN-48;0;335,97;FUERA DE VIAJE;13
ColpetroleumRsu8;2025-12-08 14:44:35;MN-48;0;332,83;FUERA DE VIAJE;13
ColpetroleumRsu8;2025-12-08 14:44:39;MN-48;0;324,68;FUERA DE VIAJE;13
ColpetroleumRsu8;2025-12-08 14:44:43;MN-48;0;336,59;FUERA DE VIAJE;13
ColpetroleumRsu8;2025-12-08 14:44:47;MN-48;0;340,67;FUERA DE VIAJE;13
ColpetroleumRsu8;2025-12-08 14:44:51;MN-48;0;338,79;FUERA DE VIAJE;13
ColpetroleumRsu8;2025-12-08 14:44:55;MN-48;0;342,86;FUERA DE VIAJE;13
ColpetroleumRsu8;2025-12-08 14:44:59;MN-48;0;339,1;FUERA DE VIAJE;13
ColpetroleumRsu8;2025-12-08 14:45:03;MN-48;0;333,15;FUERA DE VIAJE;13
ColpetroleumRsu8;2025-12-08 14:45:07;MN-48;0;351,95;FUERA DE VIAJE;13
ColpetroleumRsu8;2025-12-08 14:45:11;MN-48;0;356,65;FUERA DE VIAJE;13
ColpetroleumRsu8;2025-12-08 14:45:15;MN-48;0;326,88;FUERA DE VIAJE;13
ColpetroleumRsu8;2025-12-08 14:45:19;MN-48;0;331,58;FUERA DE VIAJE;13
ColpetroleumRsu8;2025-12-08 14:45:23;MN-48;0;322,8;FUERA DE VIAJE;13
ColpetroleumRsu8;2025-12-08 14:45:27;MN-48;0;347,88;FUERA DE VIAJE;13
ColpetroleumRsu8;2025-12-08 14:45:31;MN-48;0;344,11;FUERA DE VIAJE;13
ColpetroleumRsu8;2025-12-08 14:45:35;MN-48;0;328,13;FUERA DE VIAJE;13
ColpetroleumRsu8;2025-12-08 14:45:39;MN-48;0;338,47;FUERA DE VIAJE;13
ColpetroleumRsu8;2025-12-08 14:45:43;MN-48;0;339,1;FUERA DE VIAJE;13
ColpetroleumRsu8;2025-12-08 14:45:47;MN-48;0;331,26;FUERA DE VIAJE;13
ColpetroleumRsu8;2025-12-08 14:45:51;MN-48;0;338,47;FUERA DE VIAJE;13
ColpetroleumRsu8;2025-12-08 14:45:55;MN-48;0;347,25;FUERA DE VIAJE;13
ColpetroleumRsu8;2025-12-08 14:45:59;MN-48;0;327,19;FUERA DE VIAJE;13
ColpetroleumRsu8;2025-12-08 14:46:03;MN-48;0;342,86;FUERA DE VIAJE;13
ColpetroleumRsu8;2025-12-08 14:46:07;MN-48;0;322,8;FUERA DE VIAJE;13
ColpetroleumRsu8;2025-12-08 14:46:11;MN-48;0;317,16;FUERA DE VIAJE;13
ColpetroleumRsu8;2025-12-08 14:46:15;MN-48;0;321,24;FUERA DE VIAJE;13
ColpetroleumRsu8;2025-12-08 14:46:19;MN-48;0;344,74;FUERA DE VIAJE;13
ColpetroleumRsu8;2025-12-08 14:46:23;MN-48;0;343,8;FUERA DE VIAJE;13
ColpetroleumRsu8;2025-12-08 14:46:27;MN-48;0;325,31;FUERA DE VIAJE;13
ColpetroleumRsu8;2025-12-08 14:46:31;MN-48;0;340,98;FUERA DE VIAJE;13
ColpetroleumRsu8;2025-12-08 14:46:35;MN-48;0;340,04;FUERA DE VIAJE;13
ColpetroleumRsu8;2025-12-08 14:46:39;MN-48;0;340,35;FUERA DE VIAJE;13
ColpetroleumRsu8;2025-12-08 14:46:43;MN-48;0;363,55;FUERA DE VIAJE;13
ColpetroleumRsu8;2025-12-08 14:46:47;MN-48;0;366,68;FUERA DE VIAJE;13
ColpetroleumRsu8;2025-12-08 14:46:51;MN-48;0;355,4;FUERA DE VIAJE;13
ColpetroleumRsu8;2025-12-08 14:46:55;MN-48;0;330,64;FUERA DE VIAJE;13
ColpetroleumRsu8;2025-12-08 14:46:59;MN-48;0;312,77;FUERA DE VIAJE;13
ColpetroleumRsu8;2025-12-08 14:47:03;MN-48;0;332,21;FUERA DE VIAJE;13
ColpetroleumRsu8;2025-12-08 14:47:07;MN-48;0;325;FUERA DE VIAJE;13
ColpetroleumRsu8;2025-12-08 14:47:11;MN-48;0;323,43;FUERA DE VIAJE;13
ColpetroleumRsu8;2025-12-08 14:47:15;MN-48;0;336,91;FUERA DE VIAJE;13
ColpetroleumRsu8;2025-12-08 14:47:19;MN-48;0;339,1;FUERA DE VIAJE;13
ColpetroleumRsu8;2025-12-08 14:47:23;MN-48;0;340,35;FUERA DE VIAJE;13
ColpetroleumRsu8;2025-12-08 14:47:27;MN-48;0;339,73;FUERA DE VIAJE;13
ColpetroleumRsu8;2025-12-08 14:47:31;MN-48;0;337,85;FUERA DE VIAJE;13
ColpetroleumRsu8;2025-12-08 14:47:35;MN-48;0;368,56;FUERA DE VIAJE;13
ColpetroleumRsu8;2025-12-08 14:47:39;MN-48;0;360,72;FUERA DE VIAJE;13
ColpetroleumRsu8;2025-12-08 14:47:43;MN-48;0;343,49;FUERA DE VIAJE;13
ColpetroleumRsu8;2025-12-08 14:47:47;MN-48;0;332,52;FUERA DE VIAJE;13
ColpetroleumRsu8;2025-12-08 14:47:51;MN-48;0;334,09;FUERA DE VIAJE;13
ColpetroleumRsu8;2025-12-08 14:47:55;MN-48;0;319,04;FUERA DE VIAJE;13
ColpetroleumRsu8;2025-12-08 14:47:59;MN-48;0;334,09;FUERA DE VIAJE;13
ColpetroleumRsu8;2025-12-08 14:48:03;MN-48;0;333,15;FUERA DE VIAJE;13
ColpetroleumRsu8;2025-12-08 14:48:07;MN-48;0;329,7;FUERA DE VIAJE;13
ColpetroleumRsu8;2025-12-08 14:48:11;MN-48;0;327,5;FUERA DE VIAJE;13
ColpetroleumRsu8;2025-12-08 14:48:15;MN-48;0;346,93;FUERA DE VIAJE;13
ColpetroleumRsu8;2025-12-08 14:48:19;MN-48;0;336,59;FUERA DE VIAJE;13
ColpetroleumRsu8;2025-12-08 14:48:23;MN-48;0;334,09;FUERA DE VIAJE;13
ColpetroleumRsu8;2025-12-08 14:48:27;MN-48;0;374,51;FUERA DE VIAJE;13
ColpetroleumRsu8;2025-12-08 14:48:31;MN-48;0;360,1;FUERA DE VIAJE;13
ColpetroleumRsu8;2025-12-08 14:48:35;MN-48;0;325,31;FUERA DE VIAJE;13
ColpetroleumRsu8;2025-12-08 14:48:39;MN-48;0;331,26;FUERA DE VIAJE;13
ColpetroleumRsu8;2025-12-08 14:48:43;MN-48;0;326,25;FUERA DE VIAJE;13
ColpetroleumRsu8;2025-12-08 14:48:47;MN-48;0;350,38;FUERA DE VIAJE;13
ColpetroleumRsu8;2025-12-08 14:48:51;MN-48;0;344,11;FUERA DE VIAJE;13
ColpetroleumRsu8;2025-12-08 14:48:55;MN-48;0;335,97;FUERA DE VIAJE;13
ColpetroleumRsu8;2025-12-08 14:48:59;MN-48;0;337,22;FUERA DE VIAJE;13
ColpetroleumRsu8;2025-12-08 14:49:03;MN-48;0;343,49;FUERA DE VIAJE;13
ColpetroleumRsu8;2025-12-08 14:49:07;MN-48;0;339,41;FUERA DE VIAJE;13
ColpetroleumRsu8;2025-12-08 14:49:11;MN-48;0;337,53;FUERA DE VIAJE;13
ColpetroleumRsu8;2025-12-08 14:49:15;MN-48;0;347,88;FUERA DE VIAJE;13
ColpetroleumRsu8;2025-12-08 14:49:19;MN-48;0;345,05;FUERA DE VIAJE;13
ColpetroleumRsu8;2025-12-08 14:49:23;MN-48;0;359,16;FUERA DE VIAJE;13
ColpetroleumRsu8;2025-12-08 14:49:27;MN-48;0;342,86;FUERA DE VIAJE;13
ColpetroleumRsu8;2025-12-08 14:49:31;MN-48;0;324,06;FUERA DE VIAJE;13
ColpetroleumRsu8;2025-12-08 14:49:35;MN-48;0;324,37;FUERA DE VIAJE;13
ColpetroleumRsu8;2025-12-08 14:49:39;MN-48;0;334,09;FUERA DE VIAJE;13
ColpetroleumRsu8;2025-12-08 14:49:43;MN-48;0;339,41;FUERA DE VIAJE;13
ColpetroleumRsu8;2025-12-08 14:49:47;MN-48;0;331,89;FUERA DE VIAJE;13
ColpetroleumRsu8;2025-12-08 14:49:51;MN-48;0;341,29;FUERA DE VIAJE;13
ColpetroleumRsu8;2025-12-08 14:49:55;MN-48;0;339,41;FUERA DE VIAJE;13
ColpetroleumRsu8;2025-12-08 14:49:59;MN-48;0;324,06;FUERA DE VIAJE;13
ColpetroleumRsu8;2025-12-08 14:50:03;MN-48;0;361,98;FUERA DE VIAJE;13
ColpetroleumRsu8;2025-12-08 14:50:07;MN-48;0;347,56;FUERA DE VIAJE;13
ColpetroleumRsu8;2025-12-08 14:50:11;MN-48;0;347,88;FUERA DE VIAJE;13
ColpetroleumRsu8;2025-12-08 14:50:15;MN-48;0;347,88;FUERA DE VIAJE;13
ColpetroleumRsu8;2025-12-08 14:50:19;MN-48;0;317,79;FUERA DE VIAJE;13
ColpetroleumRsu8;2025-12-08 14:50:23;MN-48;0;320,92;FUERA DE VIAJE;13
ColpetroleumRsu8;2025-12-08 14:50:27;MN-48;0;323,12;FUERA DE VIAJE;13
ColpetroleumRsu8;2025-12-08 14:50:31;MN-48;0;343,8;FUERA DE VIAJE;13
ColpetroleumRsu8;2025-12-08 14:50:35;MN-48;0;345,99;FUERA DE VIAJE;13
ColpetroleumRsu8;2025-12-08 14:50:39;MN-48;0;346,62;FUERA DE VIAJE;13
ColpetroleumRsu8;2025-12-08 14:50:43;MN-48;0;336,91;FUERA DE VIAJE;13
ColpetroleumRsu8;2025-12-08 14:50:47;MN-48;0;344,74;FUERA DE VIAJE;13
ColpetroleumRsu8;2025-12-08 14:50:51;MN-48;0;328,76;FUERA DE VIAJE;13
ColpetroleumRsu8;2025-12-08 14:50:55;MN-48;0;330,95;FUERA DE VIAJE;13
ColpetroleumRsu8;2025-12-08 14:50:59;MN-48;0;368,87;FUERA DE VIAJE;13
ColpetroleumRsu8;2025-12-08 14:51:03;MN-48;0;358,22;FUERA DE VIAJE;13
ColpetroleumRsu8;2025-12-08 14:51:07;MN-48;0;357,9;FUERA DE VIAJE;13
ColpetroleumRsu8;2025-12-08 14:51:11;MN-48;0;309,33;FUERA DE VIAJE;13
ColpetroleumRsu8;2025-12-08 14:51:15;MN-48;0;305,88;FUERA DE VIAJE;13
ColpetroleumRsu8;2025-12-08 14:51:19;MN-48;0;334,09;FUERA DE VIAJE;13
ColpetroleumRsu8;2025-12-08 14:51:23;MN-48;0;324,68;FUERA DE VIAJE;13
ColpetroleumRsu8;2025-12-08 14:51:27;MN-48;0;330,01;FUERA DE VIAJE;13
ColpetroleumRsu8;2025-12-08 14:51:31;MN-48;0;340,98;FUERA DE VIAJE;13
ColpetroleumRsu8;2025-12-08 14:51:35;MN-48;0;346,31;FUERA DE VIAJE;13
ColpetroleumRsu8;2025-12-08 14:51:39;MN-48;0;340,98;FUERA DE VIAJE;13
ColpetroleumRsu8;2025-12-08 14:51:43;MN-48;0;342,23;FUERA DE VIAJE;13
ColpetroleumRsu8;2025-12-08 14:51:47;MN-48;0;336,59;FUERA DE VIAJE;13
ColpetroleumRsu8;2025-12-08 14:51:51;MN-48;0;362,29;FUERA DE VIAJE;13
ColpetroleumRsu8;2025-12-08 14:51:55;MN-48;0;355,71;FUERA DE VIAJE;13
ColpetroleumRsu8;2025-12-08 14:51:59;MN-48;0;347,25;FUERA DE VIAJE;13
ColpetroleumRsu8;2025-12-08 14:52:03;MN-48;0;338,47;FUERA DE VIAJE;13
ColpetroleumRsu8;2025-12-08 14:52:07;MN-48;0;336,59;FUERA DE VIAJE;13
ColpetroleumRsu8;2025-12-08 14:52:11;MN-48;0;334,71;FUERA DE VIAJE;13
ColpetroleumRsu8;2025-12-08 14:52:15;MN-48;0;341,92;FUERA DE VIAJE;13
ColpetroleumRsu8;2025-12-08 14:52:19;MN-48;0;328,44;FUERA DE VIAJE;13
ColpetroleumRsu8;2025-12-08 14:52:23;MN-48;0;327,82;FUERA DE VIAJE;13
ColpetroleumRsu8;2025-12-08 14:52:27;MN-48;0;335,65;FUERA DE VIAJE;13
ColpetroleumRsu8;2025-12-08 14:52:31;MN-48;0;348,5;FUERA DE VIAJE;13
ColpetroleumRsu8;2025-12-08 14:52:35;MN-48;0;344,11;FUERA DE VIAJE;13
ColpetroleumRsu8;2025-12-08 14:52:39;MN-48;0;363,55;FUERA DE VIAJE;13
ColpetroleumRsu8;2025-12-08 14:52:43;MN-48;0;359,78;FUERA DE VIAJE;13
ColpetroleumRsu8;2025-12-08 14:52:47;MN-48;0;361,66;FUERA DE VIAJE;13
ColpetroleumRsu8;2025-12-08 14:52:51;MN-48;0;347,25;FUERA DE VIAJE;13
ColpetroleumRsu8;2025-12-08 14:52:55;MN-48;0;342,55;FUERA DE VIAJE;13
ColpetroleumRsu8;2025-12-08 14:52:59;MN-48;0;331,89;FUERA DE VIAJE;13
ColpetroleumRsu8;2025-12-08 14:53:03;MN-48;0;334,71;FUERA DE VIAJE;13
ColpetroleumRsu8;2025-12-08 14:53:07;MN-48;0;327,82;FUERA DE VIAJE;13
ColpetroleumRsu8;2025-12-08 14:53:11;MN-48;0;338,47;FUERA DE VIAJE;13
ColpetroleumRsu8;2025-12-08 14:53:15;MN-48;0;343,49;FUERA DE VIAJE;13
ColpetroleumRsu8;2025-12-08 14:53:19;MN-48;0;337,85;FUERA DE VIAJE;13
ColpetroleumRsu8;2025-12-08 14:53:23;MN-48;0;336,59;FUERA DE VIAJE;13
ColpetroleumRsu8;2025-12-08 14:53:27;MN-48;0;346,62;FUERA DE VIAJE;13
ColpetroleumRsu8;2025-12-08 14:53:31;MN-48;0;340,04;FUERA DE VIAJE;13
ColpetroleumRsu8;2025-12-08 14:53:35;MN-48;0;370,75;FUERA DE VIAJE;13
ColpetroleumRsu8;2025-12-08 14:53:39;MN-48;0;358,84;FUERA DE VIAJE;13
ColpetroleumRsu8;2025-12-08 14:53:43;MN-48;0;328,76;FUERA DE VIAJE;13
ColpetroleumRsu8;2025-12-08 14:53:47;MN-48;0;339,1;FUERA DE VIAJE;13
ColpetroleumRsu8;2025-12-08 14:53:51;MN-48;0;336,91;FUERA DE VIAJE;13
ColpetroleumRsu8;2025-12-08 14:53:55;MN-48;0;321,55;FUERA DE VIAJE;13
ColpetroleumRsu8;2025-12-08 14:53:59;MN-48;0;343,17;FUERA DE VIAJE;13
ColpetroleumRsu8;2025-12-08 14:54:03;MN-48;0;326,56;FUERA DE VIAJE;13
ColpetroleumRsu8;2025-12-08 14:54:07;MN-48;0;340,35;FUERA DE VIAJE;13
ColpetroleumRsu8;2025-12-08 14:54:11;MN-48;0;342,55;FUERA DE VIAJE;13
ColpetroleumRsu8;2025-12-08 14:54:15;MN-48;0;334,09;FUERA DE VIAJE;13
ColpetroleumRsu8;2025-12-08 14:54:19;MN-48;0;339,73;FUERA DE VIAJE;13
ColpetroleumRsu8;2025-12-08 14:54:23;MN-48;0;338,16;FUERA DE VIAJE;13
ColpetroleumRsu8;2025-12-08 14:54:27;MN-48;0;346,93;FUERA DE VIAJE;13
ColpetroleumRsu8;2025-12-08 14:54:31;MN-48;0;361,98;FUERA DE VIAJE;13
ColpetroleumRsu8;2025-12-08 14:54:35;MN-48;0;349,76;FUERA DE VIAJE;13
ColpetroleumRsu8;2025-12-08 14:54:39;MN-48;0;318,42;FUERA DE VIAJE;13
ColpetroleumRsu8;2025-12-08 14:54:43;MN-48;0;322,8;FUERA DE VIAJE;13
ColpetroleumRsu8;2025-12-08 14:54:47;MN-48;0;338,16;FUERA DE VIAJE;13
ColpetroleumRsu8;2025-12-08 14:54:51;MN-48;0;326,56;FUERA DE VIAJE;13
ColpetroleumRsu8;2025-12-08 14:54:55;MN-48;0;329,38;FUERA DE VIAJE;13
ColpetroleumRsu8;2025-12-08 14:54:59;MN-48;0;328,44;FUERA DE VIAJE;13
ColpetroleumRsu8;2025-12-08 14:55:03;MN-48;0;339,73;FUERA DE VIAJE;13
ColpetroleumRsu8;2025-12-08 14:55:07;MN-48;0;340,98;FUERA DE VIAJE;13
ColpetroleumRsu8;2025-12-08 14:55:11;MN-48;0;335,03;FUERA DE VIAJE;13
ColpetroleumRsu8;2025-12-08 14:55:15;MN-48;0;347,56;FUERA DE VIAJE;13
ColpetroleumRsu8;2025-12-08 14:55:19;MN-48;0;350,38;FUERA DE VIAJE;13
ColpetroleumRsu8;2025-12-08 14:55:23;MN-48;0;352,26;FUERA DE VIAJE;13
ColpetroleumRsu8;2025-12-08 14:55:27;MN-48;0;312,15;FUERA DE VIAJE;13
ColpetroleumRsu8;2025-12-08 14:55:31;MN-48;0;327,82;FUERA DE VIAJE;13
ColpetroleumRsu8;2025-12-08 14:55:35;MN-48;0;320,3;FUERA DE VIAJE;13
ColpetroleumRsu8;2025-12-08 14:55:39;MN-48;0;322,18;FUERA DE VIAJE;13
ColpetroleumRsu8;2025-12-08 14:55:43;MN-48;0;345,05;FUERA DE VIAJE;13
ColpetroleumRsu8;2025-12-08 14:55:47;MN-48;0;345,99;FUERA DE VIAJE;13
ColpetroleumRsu8;2025-12-08 14:55:51;MN-48;0;327,82;FUERA DE VIAJE;13
ColpetroleumRsu8;2025-12-08 14:55:55;MN-48;0;341,61;FUERA DE VIAJE;13
ColpetroleumRsu8;2025-12-08 14:55:59;MN-48;0;342,23;FUERA DE VIAJE;13
ColpetroleumRsu8;2025-12-08 14:56:03;MN-48;0;337,22;FUERA DE VIAJE;13
ColpetroleumRsu8;2025-12-08 14:56:07;MN-48;0;331,58;FUERA DE VIAJE;13
ColpetroleumRsu8;2025-12-08 14:56:11;MN-48;0;366,68;FUERA DE VIAJE;13
ColpetroleumRsu8;2025-12-08 14:56:15;MN-48;0;352,58;FUERA DE VIAJE;13
ColpetroleumRsu8;2025-12-08 14:56:19;MN-48;0;324,68;FUERA DE VIAJE;13
ColpetroleumRsu8;2025-12-08 14:56:23;MN-48;0;313,09;FUERA DE VIAJE;13
ColpetroleumRsu8;2025-12-08 14:56:27;MN-48;0;313,71;FUERA DE VIAJE;13
ColpetroleumRsu8;2025-12-08 14:56:31;MN-48;0;325,62;FUERA DE VIAJE;13
ColpetroleumRsu8;2025-12-08 14:56:35;MN-48;0;333,77;FUERA DE VIAJE;13
ColpetroleumRsu8;2025-12-08 14:56:39;MN-48;0;339,73;FUERA DE VIAJE;13
ColpetroleumRsu8;2025-12-08 14:56:43;MN-48;0;341,29;FUERA DE VIAJE;13
ColpetroleumRsu8;2025-12-08 14:56:47;MN-48;0;345,05;FUERA DE VIAJE;13
ColpetroleumRsu8;2025-12-08 14:56:51;MN-48;0;341,92;FUERA DE VIAJE;13
ColpetroleumRsu8;2025-12-08 14:56:55;MN-48;0;330,32;FUERA DE VIAJE;13
ColpetroleumRsu8;2025-12-08 14:56:59;MN-48;0;344,43;FUERA DE VIAJE;13
ColpetroleumRsu8;2025-12-08 14:57:03;MN-48;0;337,22;FUERA DE VIAJE;13
ColpetroleumRsu8;2025-12-08 14:57:07;MN-48;0;355,4;FUERA DE VIAJE;13
ColpetroleumRsu8;2025-12-08 14:57:11;MN-48;0;356,02;FUERA DE VIAJE;13
ColpetroleumRsu8;2025-12-08 14:57:15;MN-48;0;335,65;FUERA DE VIAJE;13
ColpetroleumRsu8;2025-12-08 14:57:19;MN-48;0;314,03;FUERA DE VIAJE;13
ColpetroleumRsu8;2025-12-08 14:57:23;MN-48;0;312,15;FUERA DE VIAJE;13
ColpetroleumRsu8;2025-12-08 14:57:27;MN-48;0;325,62;FUERA DE VIAJE;13
ColpetroleumRsu8;2025-12-08 14:57:31;MN-48;0;324,68;FUERA DE VIAJE;13
ColpetroleumRsu8;2025-12-08 14:57:35;MN-48;0;333,46;FUERA DE VIAJE;13
ColpetroleumRsu8;2025-12-08 14:57:39;MN-48;0;343,8;FUERA DE VIAJE;13
ColpetroleumRsu8;2025-12-08 14:57:43;MN-48;0;342,23;FUERA DE VIAJE;13
ColpetroleumRsu8;2025-12-08 14:57:47;MN-48;0;341,61;FUERA DE VIAJE;13
ColpetroleumRsu8;2025-12-08 14:57:51;MN-48;0;330,01;FUERA DE VIAJE;13
ColpetroleumRsu8;2025-12-08 14:57:55;MN-48;0;358,22;FUERA DE VIAJE;13
ColpetroleumRsu8;2025-12-08 14:57:59;MN-48;0;362,29;FUERA DE VIAJE;13
ColpetroleumRsu8;2025-12-08 14:58:03;MN-48;0;363,23;FUERA DE VIAJE;13
ColpetroleumRsu8;2025-12-08 14:58:07;MN-48;0;338,79;FUERA DE VIAJE;13
ColpetroleumRsu8;2025-12-08 14:58:11;MN-48;0;333,46;FUERA DE VIAJE;13
ColpetroleumRsu8;2025-12-08 14:58:15;MN-48;0;313,09;FUERA DE VIAJE;13
ColpetroleumRsu8;2025-12-08 14:58:19;MN-48;0;335,34;FUERA DE VIAJE;13
ColpetroleumRsu8;2025-12-08 14:58:23;MN-48;0;325,31;FUERA DE VIAJE;13
ColpetroleumRsu8;2025-12-08 14:58:27;MN-48;0;333,46;FUERA DE VIAJE;13
ColpetroleumRsu8;2025-12-08 14:58:31;MN-48;0;340,04;FUERA DE VIAJE;13
ColpetroleumRsu8;2025-12-08 14:58:35;MN-48;1,2;342,23;FUERA DE VIAJE;13
ColpetroleumRsu8;2025-12-08 14:58:39;MN-48;1,11;340,35;FUERA DE VIAJE;13
ColpetroleumRsu8;2025-12-08 14:58:43;MN-48;1,2;343,49;FUERA DE VIAJE;13
ColpetroleumRsu8;2025-12-08 14:58:47;MN-48;1,2;332,83;FUERA DE VIAJE;13
ColpetroleumRsu8;2025-12-08 14:58:51;MN-48;1,15;362,92;FUERA DE VIAJE;13
ColpetroleumRsu8;2025-12-08 14:58:55;MN-48;1,2;360,72;FUERA DE VIAJE;13
ColpetroleumRsu8;2025-12-08 14:58:59;MN-48;1,11;351,01;FUERA DE VIAJE;13
ColpetroleumRsu8;2025-12-08 14:59:03;MN-48;1,2;354,14;FUERA DE VIAJE;13
ColpetroleumRsu8;2025-12-08 14:59:07;MN-48;1,2;321,55;FUERA DE VIAJE;13
ColpetroleumRsu8;2025-12-08 14:59:11;MN-48;1,15;337,22;FUERA DE VIAJE;13
ColpetroleumRsu8;2025-12-08 14:59:15;MN-48;1,2;335,97;FUERA DE VIAJE;13
ColpetroleumRsu8;2025-12-08 14:59:19;MN-48;1,11;329,38;FUERA DE VIAJE;13
ColpetroleumRsu8;2025-12-08 14:59:23;MN-48;1,2;329,38;FUERA DE VIAJE;13
ColpetroleumRsu8;2025-12-08 14:59:27;MN-48;1,2;336,59;FUERA DE VIAJE;13
ColpetroleumRsu8;2025-12-08 14:59:31;MN-48;1,15;342,86;FUERA DE VIAJE;13
ColpetroleumRsu8;2025-12-08 14:59:35;MN-48;1,2;338,16;FUERA DE VIAJE;13
ColpetroleumRsu8;2025-12-08 14:59:39;MN-48;1,15;364,17;FUERA DE VIAJE;13
ColpetroleumRsu8;2025-12-08 14:59:43;MN-48;1,15;342,86;FUERA DE VIAJE;13
ColpetroleumRsu8;2025-12-08 14:59:47;MN-48;1,2;371,69;FUERA DE VIAJE;13
ColpetroleumRsu8;2025-12-08 14:59:51;MN-48;1,15;353,83;FUERA DE VIAJE;13
ColpetroleumRsu8;2025-12-08 14:59:55;MN-48;1,2;344,74;FUERA DE VIAJE;13
ColpetroleumRsu8;2025-12-08 14:59:59;MN-48;1,11;335,34;FUERA DE VIAJE;13
ColpetroleumRsu8;2025-12-08 15:00:03;MN-48;1,2;330,95;FUERA DE VIAJE;13
ColpetroleumRsu8;2025-12-08 15:00:07;MN-48;1,2;331,58;FUERA DE VIAJE;13
ColpetroleumRsu8;2025-12-08 15:00:11;MN-48;1,2;339,73;FUERA DE VIAJE;13
ColpetroleumRsu8;2025-12-08 15:00:15;MN-48;1,2;335,03;FUERA DE VIAJE;13
ColpetroleumRsu8;2025-12-08 15:00:19;MN-48;1,15;329,7;FUERA DE VIAJE;13
ColpetroleumRsu8;2025-12-08 15:00:23;MN-48;1,15;345,99;FUERA DE VIAJE;13
ColpetroleumRsu8;2025-12-08 15:00:27;MN-48;1,2;345,37;FUERA DE VIAJE;13
ColpetroleumRsu8;2025-12-08 15:00:31;MN-48;1,2;337,85;FUERA DE VIAJE;13
ColpetroleumRsu8;2025-12-08 15:00:35;MN-48;1,2;374,2;FUERA DE VIAJE;13
ColpetroleumRsu8;2025-12-08 15:00:39;MN-48;1,2;360,72;FUERA DE VIAJE;13
ColpetroleumRsu8;2025-12-08 15:00:43;MN-48;1,11;323,43;FUERA DE VIAJE;13
ColpetroleumRsu8;2025-12-08 15:00:47;MN-48;1,2;330,01;FUERA DE VIAJE;13
ColpetroleumRsu8;2025-12-08 15:00:51;MN-48;1,15;335,97;FUERA DE VIAJE;13
ColpetroleumRsu8;2025-12-08 15:00:55;MN-48;1,2;326,25;FUERA DE VIAJE;13
ColpetroleumRsu8;2025-12-08 15:00:59;MN-48;1,2;351,64;FUERA DE VIAJE;13
ColpetroleumRsu8;2025-12-08 16:11:00;MN-48;0,97;268,9;FUERA DE VIAJE;14
ColpetroleumRsu8;2025-12-08 16:11:04;MN-48;0,97;283,31;FUERA DE VIAJE;14
ColpetroleumRsu8;2025-12-08 16:11:08;MN-48;0,97;267,02;FUERA DE VIAJE;14
ColpetroleumRsu8;2025-12-08 16:11:12;MN-48;0,97;241,01;FUERA DE VIAJE;14
ColpetroleumRsu8;2025-12-08 16:11:16;MN-48;0,97;293,97;FUERA DE VIAJE;14
ColpetroleumRsu8;2025-12-08 16:11:20;MN-48;0,92;289,27;FUERA DE VIAJE;14
ColpetroleumRsu8;2025-12-08 16:11:24;MN-48;0,97;270,78;FUERA DE VIAJE;14
ColpetroleumRsu8;2025-12-08 16:11:28;MN-48;0,97;267,02;FUERA DE VIAJE;14
ColpetroleumRsu8;2025-12-08 16:11:32;MN-48;0,97;284,25;FUERA DE VIAJE;14
ColpetroleumRsu8;2025-12-08 16:11:36;MN-48;0,97;274,54;FUERA DE VIAJE;14
ColpetroleumRsu8;2025-12-08 16:11:40;MN-48;0,97;256,99;FUERA DE VIAJE;14
ColpetroleumRsu8;2025-12-08 16:11:44;MN-48;0,92;293,03;FUERA DE VIAJE;14
ColpetroleumRsu8;2025-12-08 16:11:48;MN-48;0,97;276,11;FUERA DE VIAJE;14
ColpetroleumRsu8;2025-12-08 16:11:52;MN-48;0,97;246,02;FUERA DE VIAJE;14
ColpetroleumRsu8;2025-12-08 16:11:56;MN-48;0,97;282,69;FUERA DE VIAJE;14
ColpetroleumRsu8;2025-12-08 16:12:00;MN-48;0,97;273,29;FUERA DE VIAJE;14
ColpetroleumRsu8;2025-12-08 16:12:04;MN-48;0,97;280,81;FUERA DE VIAJE;14
ColpetroleumRsu8;2025-12-08 16:12:08;MN-48;0,97;272,97;FUERA DE VIAJE;14
ColpetroleumRsu8;2025-12-08 16:12:12;MN-48;0,92;287,39;FUERA DE VIAJE;14
ColpetroleumRsu8;2025-12-08 16:12:16;MN-48;0,97;292,09;FUERA DE VIAJE;14
ColpetroleumRsu8;2025-12-08 16:12:20;MN-48;0,92;250,72;FUERA DE VIAJE;14
ColpetroleumRsu8;2025-12-08 16:12:24;MN-48;0,97;280,18;FUERA DE VIAJE;14
ColpetroleumRsu8;2025-12-08 16:12:28;MN-48;0,97;286,76;FUERA DE VIAJE;14
ColpetroleumRsu8;2025-12-08 16:12:32;MN-48;0,97;268,9;FUERA DE VIAJE;14
ColpetroleumRsu8;2025-12-08 16:12:36;MN-48;0,97;272,66;FUERA DE VIAJE;14
ColpetroleumRsu8;2025-12-08 16:12:40;MN-48;0,97;291,46;FUERA DE VIAJE;14
ColpetroleumRsu8;2025-12-08 16:12:44;MN-48;0,97;297,1;FUERA DE VIAJE;14
ColpetroleumRsu8;2025-12-08 16:12:48;MN-48;0,97;255,74;FUERA DE VIAJE;14
ColpetroleumRsu8;2025-12-08 16:12:52;MN-48;0,97;292,4;FUERA DE VIAJE;14
ColpetroleumRsu8;2025-12-08 16:12:56;MN-48;0,97;294,91;FUERA DE VIAJE;14
ColpetroleumRsu8;2025-12-08 16:13:00;MN-48;0,97;270,78;FUERA DE VIAJE;14
ColpetroleumRsu8;2025-12-08 16:13:04;MN-48;0,92;277,36;FUERA DE VIAJE;14
ColpetroleumRsu8;2025-12-08 16:13:08;MN-48;0,97;276,11;FUERA DE VIAJE;14
ColpetroleumRsu8;2025-12-08 16:13:12;MN-48;0,97;275,48;FUERA DE VIAJE;14
ColpetroleumRsu8;2025-12-08 16:13:16;MN-48;0,97;252,6;FUERA DE VIAJE;14
ColpetroleumRsu8;2025-12-08 16:13:20;MN-48;0,97;300,24;FUERA DE VIAJE;14
ColpetroleumRsu8;2025-12-08 16:13:24;MN-48;0,92;302,12;FUERA DE VIAJE;14
ColpetroleumRsu8;2025-12-08 16:13:28;MN-48;0,97;252,29;FUERA DE VIAJE;14
ColpetroleumRsu8;2025-12-08 16:13:32;MN-48;0,97;276,73;FUERA DE VIAJE;14
ColpetroleumRsu8;2025-12-08 16:13:36;MN-48;0,97;272,97;FUERA DE VIAJE;14
ColpetroleumRsu8;2025-12-08 16:13:40;MN-48;0,97;267,64;FUERA DE VIAJE;14
ColpetroleumRsu8;2025-12-08 16:13:44;MN-48;0,97;265,45;FUERA DE VIAJE;14
ColpetroleumRsu8;2025-12-08 16:13:48;MN-48;0,92;282,06;FUERA DE VIAJE;14
ColpetroleumRsu8;2025-12-08 16:13:52;MN-48;0,97;282,69;FUERA DE VIAJE;14
ColpetroleumRsu8;2025-12-08 16:13:56;MN-48;0,97;262,32;FUERA DE VIAJE;14
ColpetroleumRsu8;2025-12-08 16:14:00;MN-48;0,97;270,15;FUERA DE VIAJE;14
ColpetroleumRsu8;2025-12-08 16:14:04;MN-48;0,97;288,64;FUERA DE VIAJE;14
ColpetroleumRsu8;2025-12-08 16:14:08;MN-48;0,88;132,57;FUERA DE VIAJE;14
ColpetroleumRsu8;2025-12-08 16:14:12;MN-48;0,88;11,28;FUERA DE VIAJE;14
ColpetroleumRsu8;2025-12-08 16:14:16;MN-48;0,88;7,21;FUERA DE VIAJE;14
ColpetroleumRsu8;2025-12-08 16:14:20;MN-48;0,88;24,45;FUERA DE VIAJE;14
ColpetroleumRsu8;2025-12-08 16:14:24;MN-48;0,88;30,71;FUERA DE VIAJE;14
ColpetroleumRsu8;2025-12-08 16:14:28;MN-48;0;85,25;FUERA DE VIAJE;14
ColpetroleumRsu8;2025-12-08 16:14:32;MN-48;0;98,41;FUERA DE VIAJE;14
ColpetroleumRsu8;2025-12-08 16:14:36;MN-48;0;113,45;FUERA DE VIAJE;14
ColpetroleumRsu8;2025-12-08 16:14:40;MN-48;0;101,54;FUERA DE VIAJE;14
ColpetroleumRsu8;2025-12-08 16:14:44;MN-48;0;88,38;FUERA DE VIAJE;14
ColpetroleumRsu8;2025-12-08 16:14:48;MN-48;0;90,57;FUERA DE VIAJE;14
ColpetroleumRsu8;2025-12-08 16:14:52;MN-48;0;108,44;FUERA DE VIAJE;14
ColpetroleumRsu8;2025-12-08 16:14:56;MN-48;0;114,39;FUERA DE VIAJE;14
ColpetroleumRsu8;2025-12-08 16:15:00;MN-48;0;122,85;FUERA DE VIAJE;14
ColpetroleumRsu8;2025-12-08 16:15:04;MN-48;0;121,6;FUERA DE VIAJE;14
ColpetroleumRsu8;2025-12-08 16:15:08;MN-48;0;122,54;FUERA DE VIAJE;14
ColpetroleumRsu8;2025-12-08 16:15:12;MN-48;0;133,51;FUERA DE VIAJE;14
ColpetroleumRsu8;2025-12-08 16:15:16;MN-48;0;141,34;FUERA DE VIAJE;14
ColpetroleumRsu8;2025-12-08 16:15:20;MN-48;0;148,55;FUERA DE VIAJE;14
ColpetroleumRsu8;2025-12-08 16:15:24;MN-48;0;150,12;FUERA DE VIAJE;14
ColpetroleumRsu8;2025-12-08 16:15:28;MN-48;0;157,95;FUERA DE VIAJE;14
ColpetroleumRsu8;2025-12-08 16:15:32;MN-48;0;167,04;FUERA DE VIAJE;14
ColpetroleumRsu8;2025-12-08 16:15:36;MN-48;0;173;FUERA DE VIAJE;14
ColpetroleumRsu8;2025-12-08 16:15:40;MN-48;0;178,01;FUERA DE VIAJE;14
ColpetroleumRsu8;2025-12-08 16:15:44;MN-48;0;183,03;FUERA DE VIAJE;14
ColpetroleumRsu8;2025-12-08 16:15:48;MN-48;0;189,92;FUERA DE VIAJE;14
ColpetroleumRsu8;2025-12-08 16:15:52;MN-48;0;196,19;FUERA DE VIAJE;14
ColpetroleumRsu8;2025-12-08 16:15:56;MN-48;0;201,52;FUERA DE VIAJE;14
ColpetroleumRsu8;2025-12-08 16:16:00;MN-48;0;205,9;FUERA DE VIAJE;14
ColpetroleumRsu8;2025-12-08 16:16:04;MN-48;0;212,49;FUERA DE VIAJE;14
ColpetroleumRsu8;2025-12-08 16:16:08;MN-48;0;217,5;FUERA DE VIAJE;14
ColpetroleumRsu8;2025-12-08 16:16:12;MN-48;0;221,89;FUERA DE VIAJE;14
ColpetroleumRsu8;2025-12-08 16:16:16;MN-48;0;226,9;FUERA DE VIAJE;14
ColpetroleumRsu8;2025-12-08 16:16:20;MN-48;0;231,29;FUERA DE VIAJE;14
ColpetroleumRsu8;2025-12-08 16:16:24;MN-48;0;236,62;FUERA DE VIAJE;14
ColpetroleumRsu8;2025-12-08 16:16:28;MN-48;0;241,01;FUERA DE VIAJE;14
ColpetroleumRsu8;2025-12-08 16:16:32;MN-48;0;245,08;FUERA DE VIAJE;14
ColpetroleumRsu8;2025-12-08 16:16:36;MN-48;0;248,84;FUERA DE VIAJE;14
ColpetroleumRsu8;2025-12-08 16:16:40;MN-48;0;251,97;FUERA DE VIAJE;14
ColpetroleumRsu8;2025-12-08 16:16:44;MN-48;0;256,99;FUERA DE VIAJE;14
ColpetroleumRsu8;2025-12-08 16:16:48;MN-48;0;260,75;FUERA DE VIAJE;14
ColpetroleumRsu8;2025-12-08 16:16:52;MN-48;0;263,88;FUERA DE VIAJE;14
ColpetroleumRsu8;2025-12-08 16:16:56;MN-48;0;267,02;FUERA DE VIAJE;14
ColpetroleumRsu8;2025-12-08 16:17:00;MN-48;0;272,03;FUERA DE VIAJE;14
ColpetroleumRsu8;2025-12-08 16:17:04;MN-48;0;274,85;FUERA DE VIAJE;14
ColpetroleumRsu8;2025-12-08 16:17:08;MN-48;0;277,67;FUERA DE VIAJE;14
ColpetroleumRsu8;2025-12-08 16:17:12;MN-48;0;280,81;FUERA DE VIAJE;14
ColpetroleumRsu8;2025-12-08 16:17:16;MN-48;0;282,69;FUERA DE VIAJE;14
ColpetroleumRsu8;2025-12-08 16:17:20;MN-48;0;286,45;FUERA DE VIAJE;14
ColpetroleumRsu8;2025-12-08 16:17:24;MN-48;0;288,33;FUERA DE VIAJE;14
ColpetroleumRsu8;2025-12-08 16:17:28;MN-48;0;290,52;FUERA DE VIAJE;14
ColpetroleumRsu8;2025-12-08 16:17:32;MN-48;0;293,03;FUERA DE VIAJE;14
ColpetroleumRsu8;2025-12-08 16:17:36;MN-48;0;295,85;FUERA DE VIAJE;14
ColpetroleumRsu8;2025-12-08 16:17:40;MN-48;0;297,73;FUERA DE VIAJE;14
ColpetroleumRsu8;2025-12-08 16:17:44;MN-48;0;300,24;FUERA DE VIAJE;14
ColpetroleumRsu8;2025-12-08 16:17:48;MN-48;0;301,49;FUERA DE VIAJE;14
ColpetroleumRsu8;2025-12-08 16:17:52;MN-48;0;303,37;FUERA DE VIAJE;14
ColpetroleumRsu8;2025-12-08 16:17:56;MN-48;0;305,88;FUERA DE VIAJE;14
ColpetroleumRsu8;2025-12-08 16:18:00;MN-48;0;307,45;FUERA DE VIAJE;14
ColpetroleumRsu8;2025-12-08 16:18:04;MN-48;0;309,01;FUERA DE VIAJE;14
ColpetroleumRsu8;2025-12-08 16:18:08;MN-48;0;310,89;FUERA DE VIAJE;14
ColpetroleumRsu8;2025-12-08 16:18:12;MN-48;0;311,83;FUERA DE VIAJE;14
ColpetroleumRsu8;2025-12-08 16:18:16;MN-48;0;313,09;FUERA DE VIAJE;14
ColpetroleumRsu8;2025-12-08 16:18:20;MN-48;0;314,34;FUERA DE VIAJE;14
ColpetroleumRsu8;2025-12-08 16:18:24;MN-48;0;315,59;FUERA DE VIAJE;14
ColpetroleumRsu8;2025-12-08 16:18:28;MN-48;0;316,85;FUERA DE VIAJE;14
ColpetroleumRsu8;2025-12-08 16:18:32;MN-48;0;317,48;FUERA DE VIAJE;14
ColpetroleumRsu8;2025-12-08 16:18:36;MN-48;0;319,04;FUERA DE VIAJE;14
ColpetroleumRsu8;2025-12-08 16:18:40;MN-48;0;319,67;FUERA DE VIAJE;14
ColpetroleumRsu8;2025-12-08 16:18:44;MN-48;0;320,3;FUERA DE VIAJE;14
ColpetroleumRsu8;2025-12-08 16:18:48;MN-48;0;320,92;FUERA DE VIAJE;14
ColpetroleumRsu8;2025-12-08 16:18:52;MN-48;0;321,86;FUERA DE VIAJE;14
ColpetroleumRsu8;2025-12-08 16:18:56;MN-48;0;322,49;FUERA DE VIAJE;14
ColpetroleumRsu8;2025-12-08 16:19:00;MN-48;0;323,12;FUERA DE VIAJE;14
ColpetroleumRsu8;2025-12-08 16:19:04;MN-48;0;323,74;FUERA DE VIAJE;14
ColpetroleumRsu8;2025-12-08 16:19:08;MN-48;0;324,68;FUERA DE VIAJE;14
ColpetroleumRsu8;2025-12-08 16:19:12;MN-48;0;325;FUERA DE VIAJE;14
ColpetroleumRsu8;2025-12-08 16:19:16;MN-48;0;325,62;FUERA DE VIAJE;14
ColpetroleumRsu8;2025-12-08 16:19:20;MN-48;0;325,62;FUERA DE VIAJE;14
ColpetroleumRsu8;2025-12-08 16:19:24;MN-48;0;326,25;FUERA DE VIAJE;14
ColpetroleumRsu8;2025-12-08 16:19:28;MN-48;0;326,88;FUERA DE VIAJE;14
ColpetroleumRsu8;2025-12-08 16:19:32;MN-48;0;326,88;FUERA DE VIAJE;14
ColpetroleumRsu8;2025-12-08 16:19:36;MN-48;0;326,88;FUERA DE VIAJE;14
ColpetroleumRsu8;2025-12-08 16:19:40;MN-48;0;326,88;FUERA DE VIAJE;14
ColpetroleumRsu8;2025-12-08 16:19:44;MN-48;0;326,88;FUERA DE VIAJE;14
ColpetroleumRsu8;2025-12-08 16:19:48;MN-48;0;326,88;FUERA DE VIAJE;14
ColpetroleumRsu8;2025-12-08 16:19:52;MN-48;0;326,88;FUERA DE VIAJE;14
ColpetroleumRsu8;2025-12-08 16:19:56;MN-48;0;327,5;FUERA DE VIAJE;14
ColpetroleumRsu8;2025-12-08 16:20:00;MN-48;0;326,88;FUERA DE VIAJE;14
ColpetroleumRsu8;2025-12-08 16:20:04;MN-48;0;326,88;FUERA DE VIAJE;14
ColpetroleumRsu8;2025-12-08 16:20:08;MN-48;0;326,88;FUERA DE VIAJE;14
ColpetroleumRsu8;2025-12-08 16:20:12;MN-48;0;326,88;FUERA DE VIAJE;14
ColpetroleumRsu8;2025-12-08 16:20:16;MN-48;0;326,88;FUERA DE VIAJE;14
ColpetroleumRsu8;2025-12-08 16:20:20;MN-48;0;325,94;FUERA DE VIAJE;14
ColpetroleumRsu8;2025-12-08 16:20:24;MN-48;0;325,31;FUERA DE VIAJE;14
ColpetroleumRsu8;2025-12-08 16:20:28;MN-48;0;325,31;FUERA DE VIAJE;14
ColpetroleumRsu8;2025-12-08 16:20:32;MN-48;0;325,31;FUERA DE VIAJE;14
ColpetroleumRsu8;2025-12-08 16:20:36;MN-48;0;324,68;FUERA DE VIAJE;14
ColpetroleumRsu8;2025-12-08 16:20:40;MN-48;0;324,68;FUERA DE VIAJE;14
ColpetroleumRsu8;2025-12-08 16:20:44;MN-48;0;324,06;FUERA DE VIAJE;14
ColpetroleumRsu8;2025-12-08 16:20:48;MN-48;0;323,43;FUERA DE VIAJE;14
ColpetroleumRsu8;2025-12-08 16:20:52;MN-48;0;323,43;FUERA DE VIAJE;14
ColpetroleumRsu8;2025-12-08 16:20:56;MN-48;0;322,8;FUERA DE VIAJE;14
ColpetroleumRsu8;2025-12-08 16:21:00;MN-48;0;322,18;FUERA DE VIAJE;14
ColpetroleumRsu8;2025-12-08 16:21:04;MN-48;0;322,18;FUERA DE VIAJE;14
ColpetroleumRsu8;2025-12-08 16:21:08;MN-48;0;321,55;FUERA DE VIAJE;14
ColpetroleumRsu8;2025-12-08 16:21:12;MN-48;0;320,92;FUERA DE VIAJE;14
ColpetroleumRsu8;2025-12-08 16:21:16;MN-48;0;320,3;FUERA DE VIAJE;14
ColpetroleumRsu8;2025-12-08 16:21:20;MN-48;0;320,3;FUERA DE VIAJE;14
ColpetroleumRsu8;2025-12-08 16:21:24;MN-48;0;319,04;FUERA DE VIAJE;14
ColpetroleumRsu8;2025-12-08 16:21:28;MN-48;0;319,04;FUERA DE VIAJE;14
ColpetroleumRsu8;2025-12-08 16:21:32;MN-48;0;318,42;FUERA DE VIAJE;14
ColpetroleumRsu8;2025-12-08 16:21:36;MN-48;0;317,48;FUERA DE VIAJE;14
ColpetroleumRsu8;2025-12-08 16:21:40;MN-48;0;316,85;FUERA DE VIAJE;14
ColpetroleumRsu8;2025-12-08 16:21:44;MN-48;0;315,91;FUERA DE VIAJE;14
ColpetroleumRsu8;2025-12-08 16:21:48;MN-48;0;315,28;FUERA DE VIAJE;14
ColpetroleumRsu8;2025-12-08 16:21:52;MN-48;0;314,65;FUERA DE VIAJE;14
ColpetroleumRsu8;2025-12-08 16:21:56;MN-48;0;314,03;FUERA DE VIAJE;14
ColpetroleumRsu8;2025-12-08 16:22:00;MN-48;0;313,4;FUERA DE VIAJE;14
ColpetroleumRsu8;2025-12-08 16:22:04;MN-48;0;312,77;FUERA DE VIAJE;14
ColpetroleumRsu8;2025-12-08 16:22:08;MN-48;0;312,15;FUERA DE VIAJE;14
ColpetroleumRsu8;2025-12-08 16:22:12;MN-48;0;310,89;FUERA DE VIAJE;14
ColpetroleumRsu8;2025-12-08 16:22:16;MN-48;0;310,27;FUERA DE VIAJE;14
ColpetroleumRsu8;2025-12-08 16:22:20;MN-48;0;309,64;FUERA DE VIAJE;14
ColpetroleumRsu8;2025-12-08 16:22:24;MN-48;0;308,7;FUERA DE VIAJE;14
ColpetroleumRsu8;2025-12-08 16:22:28;MN-48;0;307,76;FUERA DE VIAJE;14
ColpetroleumRsu8;2025-12-08 16:22:32;MN-48;0;307,76;FUERA DE VIAJE;14
ColpetroleumRsu8;2025-12-08 16:22:36;MN-48;0;306,51;FUERA DE VIAJE;14
ColpetroleumRsu8;2025-12-08 16:22:40;MN-48;0;305,88;FUERA DE VIAJE;14
ColpetroleumRsu8;2025-12-08 16:22:44;MN-48;0;305,25;FUERA DE VIAJE;14
ColpetroleumRsu8;2025-12-08 16:22:48;MN-48;0;304,63;FUERA DE VIAJE;14
ColpetroleumRsu8;2025-12-08 16:22:52;MN-48;0;303,37;FUERA DE VIAJE;14
ColpetroleumRsu8;2025-12-08 16:22:56;MN-48;0;302,75;FUERA DE VIAJE;14
ColpetroleumRsu8;2025-12-08 16:23:00;MN-48;0;302,12;FUERA DE VIAJE;14
ColpetroleumRsu8;2025-12-08 16:23:04;MN-48;0;300,86;FUERA DE VIAJE;14
ColpetroleumRsu8;2025-12-08 16:23:08;MN-48;0;300,24;FUERA DE VIAJE;14
ColpetroleumRsu8;2025-12-08 16:23:12;MN-48;0;299,61;FUERA DE VIAJE;14
ColpetroleumRsu8;2025-12-08 16:23:16;MN-48;0;298,98;FUERA DE VIAJE;14
ColpetroleumRsu8;2025-12-08 16:23:20;MN-48;0;298,36;FUERA DE VIAJE;14
ColpetroleumRsu8;2025-12-08 16:23:24;MN-48;0;297,1;FUERA DE VIAJE;14
ColpetroleumRsu8;2025-12-08 16:23:28;MN-48;0;296,48;FUERA DE VIAJE;14
ColpetroleumRsu8;2025-12-08 16:23:32;MN-48;0;295,22;FUERA DE VIAJE;14
ColpetroleumRsu8;2025-12-08 16:23:36;MN-48;0;294,6;FUERA DE VIAJE;14
ColpetroleumRsu8;2025-12-08 16:23:40;MN-48;0;293,97;FUERA DE VIAJE;14
ColpetroleumRsu8;2025-12-08 16:23:44;MN-48;0;292,72;FUERA DE VIAJE;14
ColpetroleumRsu8;2025-12-08 16:23:48;MN-48;0;292,09;FUERA DE VIAJE;14
ColpetroleumRsu8;2025-12-08 16:23:52;MN-48;0;291,46;FUERA DE VIAJE;14
ColpetroleumRsu8;2025-12-08 16:23:56;MN-48;0;290,21;FUERA DE VIAJE;14
ColpetroleumRsu8;2025-12-08 16:24:00;MN-48;0;289,58;FUERA DE VIAJE;14
ColpetroleumRsu8;2025-12-08 16:24:04;MN-48;0;288,96;FUERA DE VIAJE;14
ColpetroleumRsu8;2025-12-08 16:24:08;MN-48;0;287,7;FUERA DE VIAJE;14
ColpetroleumRsu8;2025-12-08 16:24:12;MN-48;0;287,08;FUERA DE VIAJE;14
ColpetroleumRsu8;2025-12-08 16:24:16;MN-48;0;286,45;FUERA DE VIAJE;14
ColpetroleumRsu8;2025-12-08 16:24:20;MN-48;0;285,19;FUERA DE VIAJE;14
ColpetroleumRsu8;2025-12-08 16:24:24;MN-48;0;284,57;FUERA DE VIAJE;14
ColpetroleumRsu8;2025-12-08 16:24:28;MN-48;0;283,31;FUERA DE VIAJE;14
ColpetroleumRsu8;2025-12-08 16:24:32;MN-48;0;282,69;FUERA DE VIAJE;14
ColpetroleumRsu8;2025-12-08 16:24:36;MN-48;0;281,43;FUERA DE VIAJE;14
ColpetroleumRsu8;2025-12-08 16:24:40;MN-48;0;280,81;FUERA DE VIAJE;14
ColpetroleumRsu8;2025-12-08 16:24:44;MN-48;0;280,18;FUERA DE VIAJE;14
ColpetroleumRsu8;2025-12-08 16:24:48;MN-48;0;279,55;FUERA DE VIAJE;14
ColpetroleumRsu8;2025-12-08 16:24:52;MN-48;0;278,93;FUERA DE VIAJE;14
ColpetroleumRsu8;2025-12-08 16:24:56;MN-48;0;277,67;FUERA DE VIAJE;14
ColpetroleumRsu8;2025-12-08 16:25:00;MN-48;0;277,05;FUERA DE VIAJE;14
ColpetroleumRsu8;2025-12-08 16:25:04;MN-48;0;276,42;FUERA DE VIAJE;14
ColpetroleumRsu8;2025-12-08 16:25:08;MN-48;0;275,17;FUERA DE VIAJE;14
ColpetroleumRsu8;2025-12-08 16:25:12;MN-48;0;274,54;FUERA DE VIAJE;14
ColpetroleumRsu8;2025-12-08 16:25:16;MN-48;0;273,91;FUERA DE VIAJE;14
ColpetroleumRsu8;2025-12-08 16:25:20;MN-48;0;272,66;FUERA DE VIAJE;14
ColpetroleumRsu8;2025-12-08 16:25:24;MN-48;0;272,03;FUERA DE VIAJE;14
ColpetroleumRsu8;2025-12-08 16:25:28;MN-48;0;271,41;FUERA DE VIAJE;14
ColpetroleumRsu8;2025-12-08 16:25:32;MN-48;0;270,47;FUERA DE VIAJE;14
ColpetroleumRsu8;2025-12-08 16:25:36;MN-48;0;270,15;FUERA DE VIAJE;14
ColpetroleumRsu8;2025-12-08 16:25:40;MN-48;0;268,9;FUERA DE VIAJE;14
ColpetroleumRsu8;2025-12-08 16:25:44;MN-48;0;267,96;FUERA DE VIAJE;14
ColpetroleumRsu8;2025-12-08 16:25:48;MN-48;0;267,33;FUERA DE VIAJE;14
ColpetroleumRsu8;2025-12-08 16:25:52;MN-48;0;266,08;FUERA DE VIAJE;14
ColpetroleumRsu8;2025-12-08 16:25:56;MN-48;0;265,14;FUERA DE VIAJE;14
ColpetroleumRsu8;2025-12-08 16:26:00;MN-48;0;264,51;FUERA DE VIAJE;14
ColpetroleumRsu8;2025-12-08 16:26:04;MN-48;0;263,88;FUERA DE VIAJE;14
ColpetroleumRsu8;2025-12-08 16:26:08;MN-48;0;262,63;FUERA DE VIAJE;14
ColpetroleumRsu8;2025-12-08 16:26:12;MN-48;0;262;FUERA DE VIAJE;14
ColpetroleumRsu8;2025-12-08 16:26:16;MN-48;0;261,38;FUERA DE VIAJE;14
ColpetroleumRsu8;2025-12-08 16:26:20;MN-48;0;260,75;FUERA DE VIAJE;14
ColpetroleumRsu8;2025-12-08 16:26:24;MN-48;0;260,12;FUERA DE VIAJE;14
ColpetroleumRsu8;2025-12-08 16:26:28;MN-48;0;259,18;FUERA DE VIAJE;14
ColpetroleumRsu8;2025-12-08 16:26:32;MN-48;0;257,62;FUERA DE VIAJE;14
ColpetroleumRsu8;2025-12-08 16:26:36;MN-48;0;256,99;FUERA DE VIAJE;14
ColpetroleumRsu8;2025-12-08 16:26:40;MN-48;0;256,36;FUERA DE VIAJE;14
ColpetroleumRsu8;2025-12-08 16:26:44;MN-48;0;255,74;FUERA DE VIAJE;14
ColpetroleumRsu8;2025-12-08 16:26:48;MN-48;0;254,48;FUERA DE VIAJE;14
ColpetroleumRsu8;2025-12-08 16:26:52;MN-48;0;253,85;FUERA DE VIAJE;14
ColpetroleumRsu8;2025-12-08 16:26:56;MN-48;0;253,23;FUERA DE VIAJE;14
ColpetroleumRsu8;2025-12-08 16:27:00;MN-48;0;252,6;FUERA DE VIAJE;14
ColpetroleumRsu8;2025-12-08 16:27:04;MN-48;0;251,35;FUERA DE VIAJE;14
ColpetroleumRsu8;2025-12-08 16:27:08;MN-48;0;251,35;FUERA DE VIAJE;14
ColpetroleumRsu8;2025-12-08 16:27:12;MN-48;0;250,72;FUERA DE VIAJE;14
ColpetroleumRsu8;2025-12-08 16:27:16;MN-48;0;249,47;FUERA DE VIAJE;14
ColpetroleumRsu8;2025-12-08 16:27:20;MN-48;0;248,84;FUERA DE VIAJE;14
ColpetroleumRsu8;2025-12-08 16:27:24;MN-48;0;248,21;FUERA DE VIAJE;14
ColpetroleumRsu8;2025-12-08 16:27:28;MN-48;0;246,96;FUERA DE VIAJE;14
ColpetroleumRsu8;2025-12-08 16:27:32;MN-48;0;246,02;FUERA DE VIAJE;14
ColpetroleumRsu8;2025-12-08 16:27:36;MN-48;0;245,71;FUERA DE VIAJE;14
ColpetroleumRsu8;2025-12-08 16:27:40;MN-48;0;245,08;FUERA DE VIAJE;14
ColpetroleumRsu8;2025-12-08 16:27:44;MN-48;0;244,45;FUERA DE VIAJE;14
ColpetroleumRsu8;2025-12-08 16:27:48;MN-48;0;243,2;FUERA DE VIAJE;14
ColpetroleumRsu8;2025-12-08 16:27:52;MN-48;0;242,57;FUERA DE VIAJE;14
ColpetroleumRsu8;2025-12-08 16:27:56;MN-48;0;241,95;FUERA DE VIAJE;14
ColpetroleumRsu8;2025-12-08 16:28:00;MN-48;0;241,32;FUERA DE VIAJE;14
ColpetroleumRsu8;2025-12-08 16:28:04;MN-48;0;240,69;FUERA DE VIAJE;14
ColpetroleumRsu8;2025-12-08 16:28:08;MN-48;0;239,44;FUERA DE VIAJE;14
ColpetroleumRsu8;2025-12-08 16:28:12;MN-48;0;239,44;FUERA DE VIAJE;14
ColpetroleumRsu8;2025-12-08 16:28:16;MN-48;0;238,18;FUERA DE VIAJE;14
ColpetroleumRsu8;2025-12-08 16:28:20;MN-48;0;237,56;FUERA DE VIAJE;14
ColpetroleumRsu8;2025-12-08 16:28:24;MN-48;0;236,93;FUERA DE VIAJE;14
ColpetroleumRsu8;2025-12-08 16:28:28;MN-48;0;236,3;FUERA DE VIAJE;14
ColpetroleumRsu8;2025-12-08 16:28:32;MN-48;0;235,68;FUERA DE VIAJE;14
ColpetroleumRsu8;2025-12-08 16:28:36;MN-48;0;235,05;FUERA DE VIAJE;14
ColpetroleumRsu8;2025-12-08 16:28:40;MN-48;0;234,11;FUERA DE VIAJE;14
ColpetroleumRsu8;2025-12-08 16:28:44;MN-48;0;233,48;FUERA DE VIAJE;14
ColpetroleumRsu8;2025-12-08 16:28:48;MN-48;0;232,86;FUERA DE VIAJE;14
ColpetroleumRsu8;2025-12-08 16:28:52;MN-48;0;231,92;FUERA DE VIAJE;14
ColpetroleumRsu8;2025-12-08 16:28:56;MN-48;0;231,29;FUERA DE VIAJE;14
ColpetroleumRsu8;2025-12-08 16:29:00;MN-48;0;230,66;FUERA DE VIAJE;14
ColpetroleumRsu8;2025-12-08 16:29:04;MN-48;0;230,04;FUERA DE VIAJE;14
ColpetroleumRsu8;2025-12-08 16:29:08;MN-48;0;228,78;FUERA DE VIAJE;14
ColpetroleumRsu8;2025-12-08 16:29:12;MN-48;0;228,16;FUERA DE VIAJE;14
ColpetroleumRsu8;2025-12-08 16:29:16;MN-48;0;227,53;FUERA DE VIAJE;14
ColpetroleumRsu8;2025-12-08 16:29:20;MN-48;0;226,9;FUERA DE VIAJE;14
ColpetroleumRsu8;2025-12-08 16:29:24;MN-48;0;226,28;FUERA DE VIAJE;14
ColpetroleumRsu8;2025-12-08 16:29:28;MN-48;0;225,65;FUERA DE VIAJE;14
ColpetroleumRsu8;2025-12-08 16:29:32;MN-48;0;224,4;FUERA DE VIAJE;14
ColpetroleumRsu8;2025-12-08 16:29:36;MN-48;0;224,4;FUERA DE VIAJE;14
ColpetroleumRsu8;2025-12-08 16:29:40;MN-48;0;223,77;FUERA DE VIAJE;14
ColpetroleumRsu8;2025-12-08 16:29:44;MN-48;0;222,51;FUERA DE VIAJE;14
ColpetroleumRsu8;2025-12-08 16:29:48;MN-48;0;222,51;FUERA DE VIAJE;14
ColpetroleumRsu8;2025-12-08 16:29:52;MN-48;0;221,89;FUERA DE VIAJE;14
ColpetroleumRsu8;2025-12-08 16:29:56;MN-48;0;220,63;FUERA DE VIAJE;14
ColpetroleumRsu8;2025-12-08 16:30:00;MN-48;0;220,01;FUERA DE VIAJE;14
ColpetroleumRsu8;2025-12-08 16:30:04;MN-48;0;219,38;FUERA DE VIAJE;14
ColpetroleumRsu8;2025-12-08 16:30:08;MN-48;0;218,44;FUERA DE VIAJE;14
ColpetroleumRsu8;2025-12-08 16:30:12;MN-48;0;218,44;FUERA DE VIAJE;14
ColpetroleumRsu8;2025-12-08 16:30:16;MN-48;0;217,5;FUERA DE VIAJE;14
ColpetroleumRsu8;2025-12-08 16:30:20;MN-48;0;216,56;FUERA DE VIAJE;14
ColpetroleumRsu8;2025-12-08 16:30:24;MN-48;0;215,93;FUERA DE VIAJE;14
ColpetroleumRsu8;2025-12-08 16:30:28;MN-48;0;215,31;FUERA DE VIAJE;14
ColpetroleumRsu8;2025-12-08 16:30:32;MN-48;0;214,68;FUERA DE VIAJE;14
ColpetroleumRsu8;2025-12-08 16:30:36;MN-48;0;214,68;FUERA DE VIAJE;14
ColpetroleumRsu8;2025-12-08 16:30:40;MN-48;0;213,43;FUERA DE VIAJE;14
ColpetroleumRsu8;2025-12-08 16:30:44;MN-48;0;212,8;FUERA DE VIAJE;14
ColpetroleumRsu8;2025-12-08 16:30:48;MN-48;0;211,86;FUERA DE VIAJE;14
ColpetroleumRsu8;2025-12-08 16:30:52;MN-48;0;211,86;FUERA DE VIAJE;14
ColpetroleumRsu8;2025-12-08 16:30:56;MN-48;0;211,23;FUERA DE VIAJE;14
ColpetroleumRsu8;2025-12-08 16:31:00;MN-48;0;210,61;FUERA DE VIAJE;14
ColpetroleumRsu8;2025-12-08 16:31:04;MN-48;0;209,98;FUERA DE VIAJE;14
ColpetroleumRsu8;2025-12-08 16:31:08;MN-48;0;208,73;FUERA DE VIAJE;14
ColpetroleumRsu8;2025-12-08 16:31:12;MN-48;0;208,73;FUERA DE VIAJE;14
ColpetroleumRsu8;2025-12-08 16:31:16;MN-48;0;207,78;FUERA DE VIAJE;14
ColpetroleumRsu8;2025-12-08 16:31:20;MN-48;0;207,16;FUERA DE VIAJE;14
ColpetroleumRsu8;2025-12-08 16:31:24;MN-48;0;206,53;FUERA DE VIAJE;14
ColpetroleumRsu8;2025-12-08 16:31:28;MN-48;0;205,9;FUERA DE VIAJE;14
ColpetroleumRsu8;2025-12-08 16:31:32;MN-48;0;205,9;FUERA DE VIAJE;14
ColpetroleumRsu8;2025-12-08 16:31:36;MN-48;0;204,96;FUERA DE VIAJE;14
ColpetroleumRsu8;2025-12-08 16:31:40;MN-48;0;204,34;FUERA DE VIAJE;14
ColpetroleumRsu8;2025-12-08 16:31:44;MN-48;0;203,71;FUERA DE VIAJE;14
ColpetroleumRsu8;2025-12-08 16:31:48;MN-48;0;203,08;FUERA DE VIAJE;14
ColpetroleumRsu8;2025-12-08 16:31:52;MN-48;0;202,46;FUERA DE VIAJE;14
ColpetroleumRsu8;2025-12-08 16:31:56;MN-48;0;201,83;FUERA DE VIAJE;14
ColpetroleumRsu8;2025-12-08 16:32:00;MN-48;0;201,2;FUERA DE VIAJE;14
ColpetroleumRsu8;2025-12-08 16:32:04;MN-48;0;200,58;FUERA DE VIAJE;14
ColpetroleumRsu8;2025-12-08 16:32:08;MN-48;0;200,58;FUERA DE VIAJE;14
ColpetroleumRsu8;2025-12-08 16:32:12;MN-48;0;199,32;FUERA DE VIAJE;14
ColpetroleumRsu8;2025-12-08 16:32:16;MN-48;0;198,7;FUERA DE VIAJE;14
ColpetroleumRsu8;2025-12-08 16:32:20;MN-48;0;198,7;FUERA DE VIAJE;14
ColpetroleumRsu8;2025-12-08 16:32:24;MN-48;0;198,07;FUERA DE VIAJE;14
ColpetroleumRsu8;2025-12-08 16:32:28;MN-48;0;197,44;FUERA DE VIAJE;14
ColpetroleumRsu8;2025-12-08 16:32:32;MN-48;0;196,82;FUERA DE VIAJE;14
ColpetroleumRsu8;2025-12-08 16:32:36;MN-48;0;196,19;FUERA DE VIAJE;14
ColpetroleumRsu8;2025-12-08 16:32:40;MN-48;0;195,56;FUERA DE VIAJE;14
ColpetroleumRsu8;2025-12-08 16:32:44;MN-48;0;194,94;FUERA DE VIAJE;14
ColpetroleumRsu8;2025-12-08 16:32:48;MN-48;0;194,31;FUERA DE VIAJE;14
ColpetroleumRsu8;2025-12-08 16:32:52;MN-48;0;193,68;FUERA DE VIAJE;14
ColpetroleumRsu8;2025-12-08 16:32:56;MN-48;0;193,68;FUERA DE VIAJE;14
ColpetroleumRsu8;2025-12-08 16:33:00;MN-48;0;193,06;FUERA DE VIAJE;14
ColpetroleumRsu8;2025-12-08 16:33:04;MN-48;0;191,8;FUERA DE VIAJE;14
ColpetroleumRsu8;2025-12-08 16:33:08;MN-48;0;191,8;FUERA DE VIAJE;14
ColpetroleumRsu8;2025-12-08 16:33:12;MN-48;0;191,17;FUERA DE VIAJE;14
ColpetroleumRsu8;2025-12-08 16:33:16;MN-48;0;190,55;FUERA DE VIAJE;14
ColpetroleumRsu8;2025-12-08 16:33:20;MN-48;0;189,92;FUERA DE VIAJE;14
ColpetroleumRsu8;2025-12-08 16:33:24;MN-48;0;189,92;FUERA DE VIAJE;14
ColpetroleumRsu8;2025-12-08 16:33:28;MN-48;0;189,29;FUERA DE VIAJE;14
ColpetroleumRsu8;2025-12-08 16:33:32;MN-48;0;188,35;FUERA DE VIAJE;14
ColpetroleumRsu8;2025-12-08 16:33:36;MN-48;0;187,73;FUERA DE VIAJE;14
ColpetroleumRsu8;2025-12-08 16:33:40;MN-48;0;187,73;FUERA DE VIAJE;14
ColpetroleumRsu8;2025-12-08 16:33:44;MN-48;0;187,1;FUERA DE VIAJE;14
ColpetroleumRsu8;2025-12-08 16:33:48;MN-48;0;186,16;FUERA DE VIAJE;14
ColpetroleumRsu8;2025-12-08 16:33:52;MN-48;0;185,53;FUERA DE VIAJE;14
ColpetroleumRsu8;2025-12-08 16:33:56;MN-48;0;184,91;FUERA DE VIAJE;14
ColpetroleumRsu8;2025-12-08 16:34:00;MN-48;0;184,91;FUERA DE VIAJE;14
ColpetroleumRsu8;2025-12-08 16:34:04;MN-48;0;183,65;FUERA DE VIAJE;14
ColpetroleumRsu8;2025-12-08 16:34:08;MN-48;0;183,65;FUERA DE VIAJE;14
ColpetroleumRsu8;2025-12-08 16:34:12;MN-48;0;183,03;FUERA DE VIAJE;14
ColpetroleumRsu8;2025-12-08 16:34:16;MN-48;0;182,4;FUERA DE VIAJE;14
ColpetroleumRsu8;2025-12-08 16:34:20;MN-48;0;182,4;FUERA DE VIAJE;14
ColpetroleumRsu8;2025-12-08 16:34:24;MN-48;0;181,77;FUERA DE VIAJE;14
ColpetroleumRsu8;2025-12-08 16:34:28;MN-48;0;180,52;FUERA DE VIAJE;14
ColpetroleumRsu8;2025-12-08 16:34:32;MN-48;0;180,52;FUERA DE VIAJE;14
ColpetroleumRsu8;2025-12-08 16:34:36;MN-48;0;179,89;FUERA DE VIAJE;14
ColpetroleumRsu8;2025-12-08 16:34:40;MN-48;0;179,89;FUERA DE VIAJE;14
ColpetroleumRsu8;2025-12-08 16:34:44;MN-48;0;179,27;FUERA DE VIAJE;14
ColpetroleumRsu8;2025-12-08 16:34:48;MN-48;0;178,64;FUERA DE VIAJE;14
ColpetroleumRsu8;2025-12-08 16:34:52;MN-48;0;178,01;FUERA DE VIAJE;14
ColpetroleumRsu8;2025-12-08 16:34:56;MN-48;0;177,38;FUERA DE VIAJE;14
ColpetroleumRsu8;2025-12-08 18:18:01;MN-48;0;22,56;FUERA DE VIAJE;15
ColpetroleumRsu8;2025-12-08 18:18:05;MN-48;0;21,94;FUERA DE VIAJE;15
ColpetroleumRsu8;2025-12-08 18:18:09;MN-48;0;22,56;FUERA DE VIAJE;15
ColpetroleumRsu8;2025-12-08 18:18:13;MN-48;0;21,94;FUERA DE VIAJE;15
ColpetroleumRsu8;2025-12-08 18:18:17;MN-48;0;21,94;FUERA DE VIAJE;15
ColpetroleumRsu8;2025-12-08 18:18:21;MN-48;0;21,94;FUERA DE VIAJE;15
ColpetroleumRsu8;2025-12-08 18:18:25;MN-48;0;21,94;FUERA DE VIAJE;15
ColpetroleumRsu8;2025-12-08 18:18:29;MN-48;0;22,56;FUERA DE VIAJE;15
ColpetroleumRsu8;2025-12-08 18:18:33;MN-48;0;21,94;FUERA DE VIAJE;15
ColpetroleumRsu8;2025-12-08 18:18:37;MN-48;0;21,94;FUERA DE VIAJE;15
ColpetroleumRsu8;2025-12-08 18:18:41;MN-48;0;21,94;FUERA DE VIAJE;15
ColpetroleumRsu8;2025-12-08 18:18:45;MN-48;0;21,94;FUERA DE VIAJE;15
ColpetroleumRsu8;2025-12-08 18:18:49;MN-48;0;21,94;FUERA DE VIAJE;15
ColpetroleumRsu8;2025-12-08 18:18:53;MN-48;0;21,94;FUERA DE VIAJE;15
ColpetroleumRsu8;2025-12-08 18:18:57;MN-48;0;21,94;FUERA DE VIAJE;15
ColpetroleumRsu8;2025-12-08 18:19:01;MN-48;0;21,94;FUERA DE VIAJE;15
ColpetroleumRsu8;2025-12-08 18:19:05;MN-48;0;21,94;FUERA DE VIAJE;15
ColpetroleumRsu8;2025-12-08 18:19:09;MN-48;0;21,94;FUERA DE VIAJE;15
ColpetroleumRsu8;2025-12-08 18:19:13;MN-48;0;22,25;FUERA DE VIAJE;15
ColpetroleumRsu8;2025-12-08 18:19:17;MN-48;0;22,25;FUERA DE VIAJE;15
ColpetroleumRsu8;2025-12-08 18:19:21;MN-48;0;22,56;FUERA DE VIAJE;15
ColpetroleumRsu8;2025-12-08 18:19:25;MN-48;0;22,56;FUERA DE VIAJE;15
ColpetroleumRsu8;2025-12-08 18:19:29;MN-48;0;21,94;FUERA DE VIAJE;15
ColpetroleumRsu8;2025-12-08 18:19:33;MN-48;0;21,94;FUERA DE VIAJE;15
ColpetroleumRsu8;2025-12-08 18:19:37;MN-48;0;21,94;FUERA DE VIAJE;15
ColpetroleumRsu8;2025-12-08 18:19:41;MN-48;0;22,56;FUERA DE VIAJE;15
ColpetroleumRsu8;2025-12-08 18:19:45;MN-48;0;21,94;FUERA DE VIAJE;15
ColpetroleumRsu8;2025-12-08 18:19:49;MN-48;0;22,56;FUERA DE VIAJE;15
ColpetroleumRsu8;2025-12-08 18:19:53;MN-48;0;22,56;FUERA DE VIAJE;15
ColpetroleumRsu8;2025-12-08 18:19:57;MN-48;0;21,94;FUERA DE VIAJE;15
ColpetroleumRsu8;2025-12-08 18:20:01;MN-48;0;18,8;FUERA DE VIAJE;15
ColpetroleumRsu8;2025-12-08 18:20:05;MN-48;0;23,19;FUERA DE VIAJE;15
ColpetroleumRsu8;2025-12-08 18:20:09;MN-48;0;22,25;FUERA DE VIAJE;15
ColpetroleumRsu8;2025-12-08 18:20:14;MN-48;0;21,94;FUERA DE VIAJE;15
ColpetroleumRsu8;2025-12-08 18:20:18;MN-48;0;21,62;FUERA DE VIAJE;15
ColpetroleumRsu8;2025-12-08 18:20:22;MN-48;0;20,37;FUERA DE VIAJE;15
ColpetroleumRsu8;2025-12-08 18:20:26;MN-48;0;17,86;FUERA DE VIAJE;15
ColpetroleumRsu8;2025-12-08 18:20:30;MN-48;0;17,55;FUERA DE VIAJE;15
ColpetroleumRsu8;2025-12-08 18:20:34;MN-48;0;16,3;FUERA DE VIAJE;15
ColpetroleumRsu8;2025-12-08 18:20:38;MN-48;0;16,3;FUERA DE VIAJE;15
ColpetroleumRsu8;2025-12-08 18:20:42;MN-48;0;16,3;FUERA DE VIAJE;15
ColpetroleumRsu8;2025-12-08 18:20:46;MN-48;0;16,3;FUERA DE VIAJE;15
ColpetroleumRsu8;2025-12-08 18:20:50;MN-48;0;16,3;FUERA DE VIAJE;15
ColpetroleumRsu8;2025-12-08 18:20:54;MN-48;0;16,3;FUERA DE VIAJE;15
ColpetroleumRsu8;2025-12-08 18:20:58;MN-48;0;16,3;FUERA DE VIAJE;15
ColpetroleumRsu8;2025-12-08 18:21:02;MN-48;0;16,3;FUERA DE VIAJE;15
ColpetroleumRsu8;2025-12-08 18:21:06;MN-48;0;16,3;FUERA DE VIAJE;15
ColpetroleumRsu8;2025-12-08 18:21:10;MN-48;0;16,3;FUERA DE VIAJE;15
ColpetroleumRsu8;2025-12-08 18:21:14;MN-48;0;16,3;FUERA DE VIAJE;15
ColpetroleumRsu8;2025-12-08 18:21:18;MN-48;0;16,3;FUERA DE VIAJE;15
ColpetroleumRsu8;2025-12-08 18:21:22;MN-48;0;16,3;FUERA DE VIAJE;15
ColpetroleumRsu8;2025-12-08 18:21:26;MN-48;0;16,3;FUERA DE VIAJE;15
ColpetroleumRsu8;2025-12-08 18:21:30;MN-48;0;16,3;FUERA DE VIAJE;15
ColpetroleumRsu8;2025-12-08 18:21:34;MN-48;0;16,3;FUERA DE VIAJE;15
ColpetroleumRsu8;2025-12-08 18:21:38;MN-48;0;16,3;FUERA DE VIAJE;15
ColpetroleumRsu8;2025-12-08 18:21:42;MN-48;0;16,3;FUERA DE VIAJE;15
ColpetroleumRsu8;2025-12-08 18:21:46;MN-48;0;16,3;FUERA DE VIAJE;15
ColpetroleumRsu8;2025-12-08 18:21:50;MN-48;0;16,3;FUERA DE VIAJE;15
ColpetroleumRsu8;2025-12-08 18:21:54;MN-48;0;13,79;FUERA DE VIAJE;15
ColpetroleumRsu8;2025-12-08 18:21:58;MN-48;0;29,46;FUERA DE VIAJE;15
ColpetroleumRsu8;2025-12-08 18:22:02;MN-48;0;28,83;FUERA DE VIAJE;15
ColpetroleumRsu8;2025-12-08 18:22:06;MN-48;0;33,85;FUERA DE VIAJE;15
ColpetroleumRsu8;2025-12-08 18:22:10;MN-48;0;51,71;FUERA DE VIAJE;15
ColpetroleumRsu8;2025-12-08 18:22:14;MN-48;0;81,17;FUERA DE VIAJE;15
ColpetroleumRsu8;2025-12-08 18:22:18;MN-48;0;182,4;FUERA DE VIAJE;15
ColpetroleumRsu8;2025-12-08 18:22:22;MN-48;0;546,57;FUERA DE VIAJE;15
ColpetroleumRsu8;2025-12-08 18:22:26;MN-48;0;236,3;FUERA DE VIAJE;15
ColpetroleumRsu8;2025-12-08 18:22:30;MN-48;0;178,01;FUERA DE VIAJE;15
ColpetroleumRsu8;2025-12-08 18:22:34;MN-48;0;187,41;FUERA DE VIAJE;15
ColpetroleumRsu8;2025-12-08 18:22:38;MN-48;0;297,73;FUERA DE VIAJE;15
ColpetroleumRsu8;2025-12-08 18:22:42;MN-48;0;427,48;FUERA DE VIAJE;15
ColpetroleumRsu8;2025-12-08 18:22:46;MN-48;0;399,59;FUERA DE VIAJE;15
ColpetroleumRsu8;2025-12-08 18:22:50;MN-48;0;433,12;FUERA DE VIAJE;15
ColpetroleumRsu8;2025-12-08 18:22:54;MN-48;0;478,56;FUERA DE VIAJE;15
ColpetroleumRsu8;2025-12-08 18:22:58;MN-48;0;452,24;FUERA DE VIAJE;15
ColpetroleumRsu8;2025-12-08 18:23:02;MN-48;0;520,87;FUERA DE VIAJE;15
ColpetroleumRsu8;2025-12-08 18:23:06;MN-48;0;510,84;FUERA DE VIAJE;15
ColpetroleumRsu8;2025-12-08 18:23:10;MN-48;0;498,31;FUERA DE VIAJE;15
ColpetroleumRsu8;2025-12-08 18:23:14;MN-48;0;587,94;FUERA DE VIAJE;15
ColpetroleumRsu8;2025-12-08 18:23:18;MN-48;0;550,33;FUERA DE VIAJE;15
ColpetroleumRsu8;2025-12-08 18:23:22;MN-48;0;539,99;FUERA DE VIAJE;15
ColpetroleumRsu8;2025-12-08 18:23:26;MN-48;0;571,64;FUERA DE VIAJE;15
ColpetroleumRsu8;2025-12-08 18:23:30;MN-48;0;543,75;FUERA DE VIAJE;15
ColpetroleumRsu8;2025-12-08 18:23:34;MN-48;0;552,21;FUERA DE VIAJE;15
ColpetroleumRsu8;2025-12-08 18:23:38;MN-48;0;566;FUERA DE VIAJE;15
ColpetroleumRsu8;2025-12-08 18:23:42;MN-48;0;706,41;FUERA DE VIAJE;15
ColpetroleumRsu8;2025-12-08 18:23:46;MN-48;0;697,94;FUERA DE VIAJE;15
ColpetroleumRsu8;2025-12-08 18:23:50;MN-48;0;588,88;FUERA DE VIAJE;15
ColpetroleumRsu8;2025-12-08 18:23:54;MN-48;0;618,65;FUERA DE VIAJE;15
ColpetroleumRsu8;2025-12-08 18:23:58;MN-48;0;651,25;FUERA DE VIAJE;15
ColpetroleumRsu8;2025-12-08 18:24:02;MN-48;0;685,72;FUERA DE VIAJE;15
ColpetroleumRsu8;2025-12-08 18:24:06;MN-48;0;666,92;FUERA DE VIAJE;15
ColpetroleumRsu8;2025-12-08 18:24:10;MN-48;0;495,8;FUERA DE VIAJE;15
ColpetroleumRsu8;2025-12-08 18:24:14;MN-48;0;590,45;FUERA DE VIAJE;15
ColpetroleumRsu8;2025-12-08 18:24:18;MN-48;0;601,1;FUERA DE VIAJE;15
ColpetroleumRsu8;2025-12-08 18:24:22;MN-48;0;632,13;FUERA DE VIAJE;15
ColpetroleumRsu8;2025-12-08 18:24:26;MN-48;0;598,28;FUERA DE VIAJE;15
ColpetroleumRsu8;2025-12-08 18:24:30;MN-48;0;561,3;FUERA DE VIAJE;15
ColpetroleumRsu8;2025-12-08 18:24:34;MN-48;0;530,27;FUERA DE VIAJE;15
ColpetroleumRsu8;2025-12-08 18:24:38;MN-48;0;546,57;FUERA DE VIAJE;15
ColpetroleumRsu8;2025-12-08 18:24:42;MN-48;0;575,09;FUERA DE VIAJE;15
ColpetroleumRsu8;2025-12-08 18:24:46;MN-48;0;696,38;FUERA DE VIAJE;15
ColpetroleumRsu8;2025-12-08 18:24:50;MN-48;0;708,6;FUERA DE VIAJE;15
ColpetroleumRsu8;2025-12-08 18:24:54;MN-48;0;683,84;FUERA DE VIAJE;15
ColpetroleumRsu8;2025-12-08 18:24:58;MN-48;0;623,67;FUERA DE VIAJE;15
ColpetroleumRsu8;2025-12-08 18:25:02;MN-48;0;666,92;FUERA DE VIAJE;15
ColpetroleumRsu8;2025-12-08 18:25:06;MN-48;0;617,09;FUERA DE VIAJE;15
ColpetroleumRsu8;2025-12-08 18:25:10;MN-48;0;730,22;FUERA DE VIAJE;15
ColpetroleumRsu8;2025-12-08 18:25:14;MN-48;0;594,84;FUERA DE VIAJE;15
ColpetroleumRsu8;2025-12-08 18:25:18;MN-48;0;626,18;FUERA DE VIAJE;15
ColpetroleumRsu8;2025-12-08 18:25:22;MN-48;0;730,22;FUERA DE VIAJE;15
ColpetroleumRsu8;2025-12-08 18:25:26;MN-48;0;780,68;FUERA DE VIAJE;15
ColpetroleumRsu8;2025-12-08 18:25:30;MN-48;0;580,73;FUERA DE VIAJE;15
ColpetroleumRsu8;2025-12-08 18:25:34;MN-48;0;592,95;FUERA DE VIAJE;15
ColpetroleumRsu8;2025-12-08 18:25:38;MN-48;0;683,84;FUERA DE VIAJE;15
ColpetroleumRsu8;2025-12-08 18:25:42;MN-48;0;721,14;FUERA DE VIAJE;15
ColpetroleumRsu8;2025-12-08 18:25:46;MN-48;0;586,69;FUERA DE VIAJE;15
ColpetroleumRsu8;2025-12-08 18:25:50;MN-48;0;598,91;FUERA DE VIAJE;15
ColpetroleumRsu8;2025-12-08 18:25:54;MN-48;0;668,8;FUERA DE VIAJE;15
ColpetroleumRsu8;2025-12-08 18:25:58;MN-48;0;794,47;FUERA DE VIAJE;15
ColpetroleumRsu8;2025-12-08 18:26:02;MN-48;0;616,77;FUERA DE VIAJE;15
ColpetroleumRsu8;2025-12-08 18:26:06;MN-48;0;648,74;FUERA DE VIAJE;15
ColpetroleumRsu8;2025-12-08 18:26:10;MN-48;0;737,12;FUERA DE VIAJE;15
ColpetroleumRsu8;2025-12-08 18:26:14;MN-48;0;799,17;FUERA DE VIAJE;15
ColpetroleumRsu8;2025-12-08 18:26:18;MN-48;0;956,19;FUERA DE VIAJE;15
ColpetroleumRsu8;2025-12-08 18:26:22;MN-48;0;700,76;FUERA DE VIAJE;15
ColpetroleumRsu8;2025-12-08 18:26:26;MN-48;0;923,59;FUERA DE VIAJE;15
ColpetroleumRsu8;2025-12-08 18:26:30;MN-48;0;777,23;FUERA DE VIAJE;15
ColpetroleumRsu8;2025-12-08 18:26:34;MN-48;0;816,41;FUERA DE VIAJE;15
ColpetroleumRsu8;2025-12-08 18:26:38;MN-48;0;883,79;FUERA DE VIAJE;15
ColpetroleumRsu8;2025-12-08 18:26:42;MN-48;0;933,31;FUERA DE VIAJE;15
ColpetroleumRsu8;2025-12-08 18:26:46;MN-48;0;735,24;FUERA DE VIAJE;15
ColpetroleumRsu8;2025-12-08 18:26:50;MN-48;0;920,46;FUERA DE VIAJE;15
ColpetroleumRsu8;2025-12-08 18:26:54;MN-48;0;780,37;FUERA DE VIAJE;15
ColpetroleumRsu8;2025-12-08 18:26:58;MN-48;0;908,86;FUERA DE VIAJE;15
ColpetroleumRsu8;2025-12-08 18:27:02;MN-48;0;776,92;FUERA DE VIAJE;15
ColpetroleumRsu8;2025-12-08 18:27:06;MN-48;0;841,8;FUERA DE VIAJE;15
ColpetroleumRsu8;2025-12-08 18:27:10;MN-48;0;714,24;FUERA DE VIAJE;15
ColpetroleumRsu8;2025-12-08 18:27:14;MN-48;0;940,83;FUERA DE VIAJE;15
ColpetroleumRsu8;2025-12-08 18:27:18;MN-48;0;759,06;FUERA DE VIAJE;15
ColpetroleumRsu8;2025-12-08 18:27:22;MN-48;0;911,37;FUERA DE VIAJE;15
ColpetroleumRsu8;2025-12-08 18:27:26;MN-48;0;760,62;FUERA DE VIAJE;15
ColpetroleumRsu8;2025-12-08 18:27:30;MN-48;0;915,76;FUERA DE VIAJE;15
ColpetroleumRsu8;2025-12-08 18:27:34;MN-48;0;809,83;FUERA DE VIAJE;15
ColpetroleumRsu8;2025-12-08 18:27:38;MN-48;0;837,41;FUERA DE VIAJE;15
ColpetroleumRsu8;2025-12-08 18:27:42;MN-48;0;716,43;FUERA DE VIAJE;15
ColpetroleumRsu8;2025-12-08 18:27:46;MN-48;0;970,92;FUERA DE VIAJE;15
ColpetroleumRsu8;2025-12-08 18:27:50;MN-48;0;895,07;FUERA DE VIAJE;15
ColpetroleumRsu8;2025-12-08 18:27:54;MN-48;0;895,39;FUERA DE VIAJE;15
ColpetroleumRsu8;2025-12-08 18:27:58;MN-48;0;790,4;FUERA DE VIAJE;15
ColpetroleumRsu8;2025-12-08 18:28:02;MN-48;0;862,48;FUERA DE VIAJE;15
ColpetroleumRsu8;2025-12-08 18:28:06;MN-48;0;863,73;FUERA DE VIAJE;15
ColpetroleumRsu8;2025-12-08 18:28:10;MN-48;0;816,72;FUERA DE VIAJE;15
ColpetroleumRsu8;2025-12-08 18:28:14;MN-48;0;745,27;FUERA DE VIAJE;15
ColpetroleumRsu8;2025-12-08 18:28:18;MN-48;0;941,14;FUERA DE VIAJE;15
ColpetroleumRsu8;2025-12-08 18:28:22;MN-48;0;918,89;FUERA DE VIAJE;15
ColpetroleumRsu8;2025-12-08 18:28:26;MN-48;0;858,09;FUERA DE VIAJE;15
ColpetroleumRsu8;2025-12-08 18:28:30;MN-48;0;885,67;FUERA DE VIAJE;15
ColpetroleumRsu8;2025-12-08 18:28:34;MN-48;0;861,85;FUERA DE VIAJE;15
ColpetroleumRsu8;2025-12-08 18:28:38;MN-48;0;902,59;FUERA DE VIAJE;15
ColpetroleumRsu8;2025-12-08 18:28:42;MN-48;0;812,02;FUERA DE VIAJE;15
ColpetroleumRsu8;2025-12-08 18:28:46;MN-48;0;794,16;FUERA DE VIAJE;15
ColpetroleumRsu8;2025-12-08 18:28:50;MN-48;0;808,89;FUERA DE VIAJE;15
ColpetroleumRsu8;2025-12-08 18:28:54;MN-48;0;958,69;FUERA DE VIAJE;15
ColpetroleumRsu8;2025-12-08 18:28:58;MN-48;0;868,43;FUERA DE VIAJE;15
ColpetroleumRsu8;2025-12-08 18:29:02;MN-48;0;866,87;FUERA DE VIAJE;15
ColpetroleumRsu8;2025-12-08 18:29:06;MN-48;0;966,53;FUERA DE VIAJE;15
ColpetroleumRsu8;2025-12-08 18:29:10;MN-48;0;890,06;FUERA DE VIAJE;15
ColpetroleumRsu8;2025-12-08 18:29:14;MN-48;0;799,8;FUERA DE VIAJE;15
ColpetroleumRsu8;2025-12-08 18:29:18;MN-48;0;747,46;FUERA DE VIAJE;15
ColpetroleumRsu8;2025-12-08 18:29:22;MN-48;0;802,93;FUERA DE VIAJE;15
ColpetroleumRsu8;2025-12-08 18:29:26;MN-48;0;808,57;FUERA DE VIAJE;15
ColpetroleumRsu8;2025-12-08 18:29:30;MN-48;0;932,68;FUERA DE VIAJE;15
ColpetroleumRsu8;2025-12-08 18:29:34;MN-48;0;867,49;FUERA DE VIAJE;15
ColpetroleumRsu8;2025-12-08 18:29:38;MN-48;0;879,72;FUERA DE VIAJE;15
ColpetroleumRsu8;2025-12-08 18:29:42;MN-48;0;873,14;FUERA DE VIAJE;15
ColpetroleumRsu8;2025-12-08 18:29:46;MN-48;0;818,6;FUERA DE VIAJE;15
ColpetroleumRsu8;2025-12-08 18:29:50;MN-48;0;734,3;FUERA DE VIAJE;15
ColpetroleumRsu8;2025-12-08 18:29:54;MN-48;0;990,35;FUERA DE VIAJE;15
ColpetroleumRsu8;2025-12-08 18:29:58;MN-48;0;915,76;FUERA DE VIAJE;15
ColpetroleumRsu8;2025-12-08 18:30:02;MN-48;0;939,58;FUERA DE VIAJE;15
ColpetroleumRsu8;2025-12-08 18:30:06;MN-48;0;800,43;FUERA DE VIAJE;15
ColpetroleumRsu8;2025-12-08 18:30:10;MN-48;0;942,71;FUERA DE VIAJE;15
ColpetroleumRsu8;2025-12-08 18:30:14;MN-48;0;812,65;FUERA DE VIAJE;15
ColpetroleumRsu8;2025-12-08 18:30:18;MN-48;0;895,39;FUERA DE VIAJE;15
ColpetroleumRsu8;2025-12-08 18:30:22;MN-48;0;817,98;FUERA DE VIAJE;15
ColpetroleumRsu8;2025-12-08 18:30:26;MN-48;0;904,48;FUERA DE VIAJE;15
ColpetroleumRsu8;2025-12-08 18:30:30;MN-48;0;831,14;FUERA DE VIAJE;15
ColpetroleumRsu8;2025-12-08 18:30:34;MN-48;0;987,21;FUERA DE VIAJE;15
ColpetroleumRsu8;2025-12-08 18:30:38;MN-48;0;783,82;FUERA DE VIAJE;15
ColpetroleumRsu8;2025-12-08 18:30:42;MN-48;0;1004,76;FUERA DE VIAJE;15
ColpetroleumRsu8;2025-12-08 18:30:46;MN-48;0;827,38;FUERA DE VIAJE;15
ColpetroleumRsu8;2025-12-08 18:30:50;MN-48;0;777,55;FUERA DE VIAJE;15
ColpetroleumRsu8;2025-12-08 18:30:54;MN-48;0;783,5;FUERA DE VIAJE;15
ColpetroleumRsu8;2025-12-08 18:30:58;MN-48;0;997,24;FUERA DE VIAJE;15
ColpetroleumRsu8;2025-12-08 18:31:02;MN-48;0;981,57;FUERA DE VIAJE;15
ColpetroleumRsu8;2025-12-08 18:31:06;MN-48;0;922,03;FUERA DE VIAJE;15
ColpetroleumRsu8;2025-12-08 18:31:10;MN-48;0;992,85;FUERA DE VIAJE;15
ColpetroleumRsu8;2025-12-08 18:31:14;MN-48;0;775,04;FUERA DE VIAJE;15
ColpetroleumRsu8;2025-12-08 18:31:18;MN-48;0;1021,37;FUERA DE VIAJE;15
ColpetroleumRsu8;2025-12-08 18:31:22;MN-48;0;890,69;FUERA DE VIAJE;15
ColpetroleumRsu8;2025-12-08 18:31:26;MN-48;0;971,54;FUERA DE VIAJE;15
ColpetroleumRsu8;2025-12-08 18:31:30;MN-48;0;797,29;FUERA DE VIAJE;15
ColpetroleumRsu8;2025-12-08 18:31:34;MN-48;0;801,37;FUERA DE VIAJE;15
ColpetroleumRsu8;2025-12-08 18:31:38;MN-48;0;965,59;FUERA DE VIAJE;15
ColpetroleumRsu8;2025-12-08 18:31:42;MN-48;0;930,17;FUERA DE VIAJE;15
ColpetroleumRsu8;2025-12-08 18:31:46;MN-48;0;997,87;FUERA DE VIAJE;15
ColpetroleumRsu8;2025-12-08 18:31:50;MN-48;0;769,09;FUERA DE VIAJE;15
ColpetroleumRsu8;2025-12-08 18:31:54;MN-48;0;896,33;FUERA DE VIAJE;15
ColpetroleumRsu8;2025-12-08 18:31:58;MN-48;0;802,31;FUERA DE VIAJE;15
ColpetroleumRsu8;2025-12-08 18:32:02;MN-48;0;1002,88;FUERA DE VIAJE;15
ColpetroleumRsu8;2025-12-08 18:32:06;MN-48;0;1006,02;FUERA DE VIAJE;15
ColpetroleumRsu8;2025-12-08 18:32:10;MN-48;0;775,35;FUERA DE VIAJE;15
ColpetroleumRsu8;2025-12-08 18:32:14;MN-48;0;1044,88;FUERA DE VIAJE;15
ColpetroleumRsu8;2025-12-08 18:32:18;MN-48;0;806,07;FUERA DE VIAJE;15
ColpetroleumRsu8;2025-12-08 18:32:22;MN-48;0;1002,57;FUERA DE VIAJE;15
ColpetroleumRsu8;2025-12-08 18:32:26;MN-48;0;857,15;FUERA DE VIAJE;15
ColpetroleumRsu8;2025-12-08 18:32:30;MN-48;0;953,99;FUERA DE VIAJE;15
ColpetroleumRsu8;2025-12-08 18:32:34;MN-48;0;883,16;FUERA DE VIAJE;15
ColpetroleumRsu8;2025-12-08 18:32:38;MN-48;0;812,34;FUERA DE VIAJE;15
ColpetroleumRsu8;2025-12-08 18:32:42;MN-48;0;978,12;FUERA DE VIAJE;15
ColpetroleumRsu8;2025-12-08 18:32:46;MN-48;0;853,39;FUERA DE VIAJE;15
ColpetroleumRsu8;2025-12-08 18:32:50;MN-48;0;953,99;FUERA DE VIAJE;15
ColpetroleumRsu8;2025-12-08 18:32:54;MN-48;0;885,04;FUERA DE VIAJE;15
ColpetroleumRsu8;2025-12-08 18:32:58;MN-48;0;839,6;FUERA DE VIAJE;15
ColpetroleumRsu8;2025-12-08 18:33:02;MN-48;0;980,95;FUERA DE VIAJE;15
ColpetroleumRsu8;2025-12-08 18:33:06;MN-48;0;858,72;FUERA DE VIAJE;15
ColpetroleumRsu8;2025-12-08 18:33:10;MN-48;0;952,11;FUERA DE VIAJE;15
ColpetroleumRsu8;2025-12-08 18:33:14;MN-48;0;797,29;FUERA DE VIAJE;15
ColpetroleumRsu8;2025-12-08 18:33:18;MN-48;0;843,05;FUERA DE VIAJE;15
ColpetroleumRsu8;2025-12-08 18:33:22;MN-48;0;961,2;FUERA DE VIAJE;15
ColpetroleumRsu8;2025-12-08 18:33:26;MN-48;0;803,56;FUERA DE VIAJE;15
ColpetroleumRsu8;2025-12-08 18:33:30;MN-48;0;973,74;FUERA DE VIAJE;15
ColpetroleumRsu8;2025-12-08 18:33:34;MN-48;0;790,71;FUERA DE VIAJE;15
ColpetroleumRsu8;2025-12-08 18:33:38;MN-48;0;906,36;FUERA DE VIAJE;15
ColpetroleumRsu8;2025-12-08 18:33:42;MN-48;0;757,18;FUERA DE VIAJE;15
ColpetroleumRsu8;2025-12-08 18:33:46;MN-48;0;885,04;FUERA DE VIAJE;15
ColpetroleumRsu8;2025-12-08 18:33:50;MN-48;0;932,05;FUERA DE VIAJE;15
ColpetroleumRsu8;2025-12-08 18:33:54;MN-48;0;1006,02;FUERA DE VIAJE;15
ColpetroleumRsu8;2025-12-08 18:33:58;MN-48;0;960,57;FUERA DE VIAJE;15
ColpetroleumRsu8;2025-12-08 18:34:02;MN-48;0;1134,83;FUERA DE VIAJE;15
ColpetroleumRsu8;2025-12-08 18:34:06;MN-48;0;1142,97;FUERA DE VIAJE;15
ColpetroleumRsu8;2025-12-08 18:34:10;MN-48;0;1179,64;FUERA DE VIAJE;15
ColpetroleumRsu8;2025-12-08 18:34:14;MN-48;0;1359,22;FUERA DE VIAJE;15
ColpetroleumRsu8;2025-12-08 18:34:18;MN-48;0;1329,76;FUERA DE VIAJE;15
ColpetroleumRsu8;2025-12-08 18:34:22;MN-48;0;1215,06;FUERA DE VIAJE;15
ColpetroleumRsu8;2025-12-08 18:34:26;MN-48;0;1277,11;FUERA DE VIAJE;15
ColpetroleumRsu8;2025-12-08 18:34:30;MN-48;0;1419,39;FUERA DE VIAJE;15
ColpetroleumRsu8;2025-12-08 18:34:34;MN-48;0;1431,93;FUERA DE VIAJE;15
ColpetroleumRsu8;2025-12-08 18:34:38;MN-48;0;1364,86;FUERA DE VIAJE;15
ColpetroleumRsu8;2025-12-08 18:34:42;MN-48;0;1405,92;FUERA DE VIAJE;15
ColpetroleumRsu8;2025-12-08 18:34:46;MN-48;0;1467,97;FUERA DE VIAJE;15
ColpetroleumRsu8;2025-12-08 18:34:50;MN-48;0;1431,93;FUERA DE VIAJE;15
ColpetroleumRsu8;2025-12-08 18:34:54;MN-48;0;1509,65;FUERA DE VIAJE;15
ColpetroleumRsu8;2025-12-08 18:34:58;MN-48;0;1446,97;FUERA DE VIAJE;15
ColpetroleumRsu8;2025-12-08 18:35:02;MN-48;0;1525,64;FUERA DE VIAJE;15
ColpetroleumRsu8;2025-12-08 18:35:06;MN-48;0;1455,43;FUERA DE VIAJE;15
ColpetroleumRsu8;2025-12-08 18:35:10;MN-48;0;1561,36;FUERA DE VIAJE;15
ColpetroleumRsu8;2025-12-08 18:35:14;MN-48;0;1446,66;FUERA DE VIAJE;15
ColpetroleumRsu8;2025-12-08 18:35:18;MN-48;0;1433,5;FUERA DE VIAJE;15
ColpetroleumRsu8;2025-12-08 18:35:22;MN-48;0;1539,43;FUERA DE VIAJE;15
ColpetroleumRsu8;2025-12-08 18:35:26;MN-48;0;1410,3;FUERA DE VIAJE;15
ColpetroleumRsu8;2025-12-08 18:35:30;MN-48;0;1484,27;FUERA DE VIAJE;15
ColpetroleumRsu8;2025-12-08 18:35:34;MN-48;0;1430,05;FUERA DE VIAJE;15
ColpetroleumRsu8;2025-12-08 18:35:38;MN-48;0;1549,45;FUERA DE VIAJE;15
ColpetroleumRsu8;2025-12-08 18:35:42;MN-48;0;1541,31;FUERA DE VIAJE;15
ColpetroleumRsu8;2025-12-08 18:35:46;MN-48;0;1471,1;FUERA DE VIAJE;15
ColpetroleumRsu8;2025-12-08 18:35:50;MN-48;0;1525,95;FUERA DE VIAJE;15
ColpetroleumRsu8;2025-12-08 18:35:54;MN-48;0;1496,18;FUERA DE VIAJE;15
ColpetroleumRsu8;2025-12-08 18:35:58;MN-48;0;1501,19;FUERA DE VIAJE;15
ColpetroleumRsu8;2025-12-08 18:36:02;MN-48;0;1505,89;FUERA DE VIAJE;15
ColpetroleumRsu8;2025-12-08 18:36:06;MN-48;0;1562,3;FUERA DE VIAJE;15
ColpetroleumRsu8;2025-12-08 18:36:10;MN-48;0;1507,46;FUERA DE VIAJE;15
ColpetroleumRsu8;2025-12-08 18:36:14;MN-48;0;1418,77;FUERA DE VIAJE;15
ColpetroleumRsu8;2025-12-08 18:36:18;MN-48;0;1504,32;FUERA DE VIAJE;15
ColpetroleumRsu8;2025-12-08 18:36:22;MN-48;0;1519,37;FUERA DE VIAJE;15
ColpetroleumRsu8;2025-12-08 18:36:26;MN-48;0;1514,98;FUERA DE VIAJE;15
ColpetroleumRsu8;2025-12-08 18:36:30;MN-48;0;1450,42;FUERA DE VIAJE;15
ColpetroleumRsu8;2025-12-08 18:36:34;MN-48;0;1464,84;FUERA DE VIAJE;15
ColpetroleumRsu8;2025-12-08 18:36:38;MN-48;0;1579,85;FUERA DE VIAJE;15
ColpetroleumRsu8;2025-12-08 18:36:42;MN-48;0;1572,65;FUERA DE VIAJE;15
ColpetroleumRsu8;2025-12-08 18:36:46;MN-48;0;1492,42;FUERA DE VIAJE;15
ColpetroleumRsu8;2025-12-08 18:36:50;MN-48;0;1442,27;FUERA DE VIAJE;15
ColpetroleumRsu8;2025-12-08 18:36:54;MN-48;0;1482,7;FUERA DE VIAJE;15
ColpetroleumRsu8;2025-12-08 18:36:58;MN-48;0;1507,46;FUERA DE VIAJE;15
ColpetroleumRsu8;2025-12-08 18:37:02;MN-48;0;1502,76;FUERA DE VIAJE;15
ColpetroleumRsu8;2025-12-08 18:37:06;MN-48;0;1429,42;FUERA DE VIAJE;15
ColpetroleumRsu8;2025-12-08 18:37:10;MN-48;0;1481,13;FUERA DE VIAJE;15
ColpetroleumRsu8;2025-12-08 18:37:14;MN-48;0;1591,76;FUERA DE VIAJE;15
ColpetroleumRsu8;2025-12-08 18:37:18;MN-48;0;1561,99;FUERA DE VIAJE;15
ColpetroleumRsu8;2025-12-08 18:37:22;MN-48;0;1560,11;FUERA DE VIAJE;15
ColpetroleumRsu8;2025-12-08 18:37:26;MN-48;0;1493,98;FUERA DE VIAJE;15
ColpetroleumRsu8;2025-12-08 18:37:30;MN-48;0;1547,57;FUERA DE VIAJE;15
ColpetroleumRsu8;2025-12-08 18:37:34;MN-48;0;1548,83;FUERA DE VIAJE;15
ColpetroleumRsu8;2025-12-08 18:37:38;MN-48;0;1433,81;FUERA DE VIAJE;15
ColpetroleumRsu8;2025-12-08 18:37:42;MN-48;0;1383,98;FUERA DE VIAJE;15
ColpetroleumRsu8;2025-12-08 18:37:46;MN-48;0;1483,33;FUERA DE VIAJE;15
ColpetroleumRsu8;2025-12-08 18:37:50;MN-48;0;1588,32;FUERA DE VIAJE;15
ColpetroleumRsu8;2025-12-08 18:37:54;MN-48;0;1553,84;FUERA DE VIAJE;15
ColpetroleumRsu8;2025-12-08 18:37:58;MN-48;0;1481,13;FUERA DE VIAJE;15
ColpetroleumRsu8;2025-12-08 18:38:02;MN-48;0;1476,75;FUERA DE VIAJE;15
ColpetroleumRsu8;2025-12-08 18:38:06;MN-48;0;1445,41;FUERA DE VIAJE;15
ColpetroleumRsu8;2025-12-08 18:38:10;MN-48;0;1504,95;FUERA DE VIAJE;15
ColpetroleumRsu8;2025-12-08 18:38:14;MN-48;0;1505,58;FUERA DE VIAJE;15
ColpetroleumRsu8;2025-12-08 18:38:18;MN-48;0;1436,32;FUERA DE VIAJE;15
ColpetroleumRsu8;2025-12-08 18:38:22;MN-48;0;1477,37;FUERA DE VIAJE;15
ColpetroleumRsu8;2025-12-08 18:38:26;MN-48;0;1593,96;FUERA DE VIAJE;15
ColpetroleumRsu8;2025-12-08 18:38:30;MN-48;0;1555,72;FUERA DE VIAJE;15
ColpetroleumRsu8;2025-12-08 18:38:34;MN-48;0;1507,46;FUERA DE VIAJE;15
ColpetroleumRsu8;2025-12-08 18:38:38;MN-48;0;1499;FUERA DE VIAJE;15
ColpetroleumRsu8;2025-12-08 18:38:42;MN-48;0;1506,21;FUERA DE VIAJE;15
ColpetroleumRsu8;2025-12-08 18:38:46;MN-48;0;1494,92;FUERA DE VIAJE;15
ColpetroleumRsu8;2025-12-08 18:38:50;MN-48;0;1502,13;FUERA DE VIAJE;15
ColpetroleumRsu8;2025-12-08 18:38:54;MN-48;0;1440,39;FUERA DE VIAJE;15
ColpetroleumRsu8;2025-12-08 18:38:58;MN-48;0;1532,84;FUERA DE VIAJE;15
ColpetroleumRsu8;2025-12-08 18:39:02;MN-48;0;1488,34;FUERA DE VIAJE;15
ColpetroleumRsu8;2025-12-08 18:39:06;MN-48;0;1534,41;FUERA DE VIAJE;15
ColpetroleumRsu8;2025-12-08 18:39:10;MN-48;0;1409,99;FUERA DE VIAJE;15
ColpetroleumRsu8;2025-12-08 18:39:14;MN-48;0;1419,71;FUERA DE VIAJE;15
ColpetroleumRsu8;2025-12-08 18:39:18;MN-48;0;1498,06;FUERA DE VIAJE;15
ColpetroleumRsu8;2025-12-08 18:39:22;MN-48;0;1411,56;FUERA DE VIAJE;15
ColpetroleumRsu8;2025-12-08 18:39:26;MN-48;0;1437,57;FUERA DE VIAJE;15
ColpetroleumRsu8;2025-12-08 18:39:30;MN-48;0;1434,75;FUERA DE VIAJE;15
ColpetroleumRsu8;2025-12-08 18:39:34;MN-48;0;1549,14;FUERA DE VIAJE;15
ColpetroleumRsu8;2025-12-08 18:39:38;MN-48;0;1544,44;FUERA DE VIAJE;15
ColpetroleumRsu8;2025-12-08 18:39:42;MN-48;0;1550,71;FUERA DE VIAJE;15
ColpetroleumRsu8;2025-12-08 18:39:46;MN-48;0;1493,36;FUERA DE VIAJE;15
ColpetroleumRsu8;2025-12-08 18:39:50;MN-48;0;1425,66;FUERA DE VIAJE;15
ColpetroleumRsu8;2025-12-08 18:39:54;MN-48;0;1512,79;FUERA DE VIAJE;15
ColpetroleumRsu8;2025-12-08 18:39:58;MN-48;0;1519,37;FUERA DE VIAJE;15
ColpetroleumRsu8;2025-12-08 18:40:02;MN-48;0;1423,47;FUERA DE VIAJE;15
ColpetroleumRsu8;2025-12-08 18:40:06;MN-48;0;1443,53;FUERA DE VIAJE;15
ColpetroleumRsu8;2025-12-08 18:40:10;MN-48;0;1461,7;FUERA DE VIAJE;15
ColpetroleumRsu8;2025-12-08 18:40:14;MN-48;0;1552,9;FUERA DE VIAJE;15
ColpetroleumRsu8;2025-12-08 18:40:18;MN-48;0;1481,45;FUERA DE VIAJE;15
ColpetroleumRsu8;2025-12-08 18:40:22;MN-48;0;1473,61;FUERA DE VIAJE;15
ColpetroleumRsu8;2025-12-08 18:40:26;MN-48;0;1464,52;FUERA DE VIAJE;15
ColpetroleumRsu8;2025-12-08 18:40:30;MN-48;0;1524,07;FUERA DE VIAJE;15
ColpetroleumRsu8;2025-12-08 18:40:34;MN-48;0;1515,92;FUERA DE VIAJE;15
ColpetroleumRsu8;2025-12-08 18:40:38;MN-48;0;1440,39;FUERA DE VIAJE;15
ColpetroleumRsu8;2025-12-08 18:40:42;MN-48;0;1535,67;FUERA DE VIAJE;15
ColpetroleumRsu8;2025-12-08 18:40:46;MN-48;0;1603,05;FUERA DE VIAJE;15
ColpetroleumRsu8;2025-12-08 18:40:50;MN-48;0;1598,97;FUERA DE VIAJE;15
ColpetroleumRsu8;2025-12-08 18:40:54;MN-48;0;1554,47;FUERA DE VIAJE;15
ColpetroleumRsu8;2025-12-08 18:40:58;MN-48;0;1415,63;FUERA DE VIAJE;15
ColpetroleumRsu8;2025-12-08 18:41:02;MN-48;0;1524,7;FUERA DE VIAJE;15
ColpetroleumRsu8;2025-12-08 18:41:06;MN-48;0;1511,85;FUERA DE VIAJE;15
ColpetroleumRsu8;2025-12-08 18:41:10;MN-48;0;1557,92;FUERA DE VIAJE;15
ColpetroleumRsu8;2025-12-08 18:41:14;MN-48;0;1436,94;FUERA DE VIAJE;15
ColpetroleumRsu8;2025-12-08 18:41:18;MN-48;0;1547,89;FUERA DE VIAJE;15
ColpetroleumRsu8;2025-12-08 18:41:22;MN-48;0;1543,19;FUERA DE VIAJE;15
ColpetroleumRsu8;2025-12-08 18:41:26;MN-48;0;1559,48;FUERA DE VIAJE;15
ColpetroleumRsu8;2025-12-08 18:41:30;MN-48;0;1431,3;FUERA DE VIAJE;15
ColpetroleumRsu8;2025-12-08 18:41:34;MN-48;0;1433,18;FUERA DE VIAJE;15
ColpetroleumRsu8;2025-12-08 18:41:38;MN-48;0;1511,53;FUERA DE VIAJE;15
ColpetroleumRsu8;2025-12-08 18:41:42;MN-48;0;1528,77;FUERA DE VIAJE;15
ColpetroleumRsu8;2025-12-08 18:41:46;MN-48;0;1405,6;FUERA DE VIAJE;15
ColpetroleumRsu8;2025-12-08 18:41:50;MN-48;0;1491,48;FUERA DE VIAJE;15
ColpetroleumRsu8;2025-12-08 18:41:54;MN-48;0;1493,67;FUERA DE VIAJE;15
ColpetroleumRsu8;2025-12-08 18:41:58;MN-48;0;1558,86;FUERA DE VIAJE;15
ColpetroleumRsu8;2025-12-08 18:42:02;MN-48;0;1558,23;FUERA DE VIAJE;15
ColpetroleumRsu8;2025-12-08 18:42:06;MN-48;0;1444,78;FUERA DE VIAJE;15
ColpetroleumRsu8;2025-12-08 18:42:10;MN-48;0;1487,4;FUERA DE VIAJE;15
ColpetroleumRsu8;2025-12-08 18:42:14;MN-48;0;1533,47;FUERA DE VIAJE;15
ColpetroleumRsu8;2025-12-08 18:42:18;MN-48;0;1484,27;FUERA DE VIAJE;15
ColpetroleumRsu8;2025-12-08 18:42:22;MN-48;0;1480,51;FUERA DE VIAJE;15
ColpetroleumRsu8;2025-12-08 18:42:26;MN-48;0;1511,85;FUERA DE VIAJE;15
ColpetroleumRsu8;2025-12-08 18:42:30;MN-48;0;1486,15;FUERA DE VIAJE;15
ColpetroleumRsu8;2025-12-08 18:42:34;MN-48;0;1368;FUERA DE VIAJE;15
ColpetroleumRsu8;2025-12-08 18:42:38;MN-48;0;1418,45;FUERA DE VIAJE;15
ColpetroleumRsu8;2025-12-08 18:42:42;MN-48;0;1584,87;FUERA DE VIAJE;15
ColpetroleumRsu8;2025-12-08 18:42:46;MN-48;0;1554,47;FUERA DE VIAJE;15
ColpetroleumRsu8;2025-12-08 18:42:50;MN-48;0;1491,16;FUERA DE VIAJE;15
ColpetroleumRsu8;2025-12-08 18:42:54;MN-48;0;1572,65;FUERA DE VIAJE;15
ColpetroleumRsu8;2025-12-08 18:42:58;MN-48;0;1580,79;FUERA DE VIAJE;15
ColpetroleumRsu8;2025-12-08 18:43:02;MN-48;0;1511,85;FUERA DE VIAJE;15
ColpetroleumRsu8;2025-12-08 18:43:06;MN-48;0;1526,89;FUERA DE VIAJE;15
ColpetroleumRsu8;2025-12-08 18:43:10;MN-48;0;1586,44;FUERA DE VIAJE;15
ColpetroleumRsu8;2025-12-08 18:43:14;MN-48;0;1599,91;FUERA DE VIAJE;15
ColpetroleumRsu8;2025-12-08 18:43:18;MN-48;0;1602,73;FUERA DE VIAJE;15
ColpetroleumRsu8;2025-12-08 18:43:22;MN-48;0;1501,82;FUERA DE VIAJE;15
ColpetroleumRsu8;2025-12-08 18:43:26;MN-48;0;1541,62;FUERA DE VIAJE;15
ColpetroleumRsu8;2025-12-08 18:43:30;MN-48;0;1577,97;FUERA DE VIAJE;15
ColpetroleumRsu8;2025-12-08 18:43:34;MN-48;0;1522,82;FUERA DE VIAJE;15
ColpetroleumRsu8;2025-12-08 18:43:38;MN-48;0;1607,75;FUERA DE VIAJE;15
ColpetroleumRsu8;2025-12-08 18:43:42;MN-48;0;1534,41;FUERA DE VIAJE;15
ColpetroleumRsu8;2025-12-08 18:43:46;MN-48;0;1529,4;FUERA DE VIAJE;15
ColpetroleumRsu8;2025-12-08 18:43:50;MN-48;0;1584,56;FUERA DE VIAJE;15
ColpetroleumRsu8;2025-12-08 18:43:54;MN-48;0;1486,77;FUERA DE VIAJE;15
ColpetroleumRsu8;2025-12-08 18:43:58;MN-48;0;1588,63;FUERA DE VIAJE;15
ColpetroleumRsu8;2025-12-08 18:44:02;MN-48;0;1570,45;FUERA DE VIAJE;15
ColpetroleumRsu8;2025-12-08 18:44:06;MN-48;0;1461,08;FUERA DE VIAJE;15
ColpetroleumRsu8;2025-12-08 18:44:10;MN-48;0;1506,21;FUERA DE VIAJE;15
ColpetroleumRsu8;2025-12-08 18:44:14;MN-48;0;1557,92;FUERA DE VIAJE;15
ColpetroleumRsu8;2025-12-08 18:44:18;MN-48;0;1548,51;FUERA DE VIAJE;15
ColpetroleumRsu8;2025-12-08 18:44:22;MN-48;1,99;1491,16;FUERA DE VIAJE;15
ColpetroleumRsu8;2025-12-08 18:44:26;MN-48;2,91;1530,96;FUERA DE VIAJE;15
ColpetroleumRsu8;2025-12-08 18:44:30;MN-48;2,08;1582,68;FUERA DE VIAJE;15
ColpetroleumRsu8;2025-12-08 18:44:34;MN-48;2,91;1541,93;FUERA DE VIAJE;15
ColpetroleumRsu8;2025-12-08 18:44:38;MN-48;2,72;1468,6;FUERA DE VIAJE;15
ColpetroleumRsu8;2025-12-08 18:44:42;MN-48;3;1538,8;FUERA DE VIAJE;15
ColpetroleumRsu8;2025-12-08 18:44:46;MN-48;2,95;1518,11;FUERA DE VIAJE;15
ColpetroleumRsu8;2025-12-08 18:44:50;MN-48;3;1479,88;FUERA DE VIAJE;15
ColpetroleumRsu8;2025-12-08 18:44:54;MN-48;2,95;1510,91;FUERA DE VIAJE;15
ColpetroleumRsu8;2025-12-08 18:44:58;MN-48;3;1588,94;FUERA DE VIAJE;15
ColpetroleumRsu8;2025-12-08 18:45:02;MN-48;2,95;1587,69;FUERA DE VIAJE;15
ColpetroleumRsu8;2025-12-08 18:45:06;MN-48;3;1412,19;FUERA DE VIAJE;15
ColpetroleumRsu8;2025-12-08 18:45:10;MN-48;2,95;1466,72;FUERA DE VIAJE;15
ColpetroleumRsu8;2025-12-08 18:45:14;MN-48;3;1513,73;FUERA DE VIAJE;15
ColpetroleumRsu8;2025-12-08 18:45:18;MN-48;2,95;1523,13;FUERA DE VIAJE;15
ColpetroleumRsu8;2025-12-08 18:45:22;MN-48;3;1440,7;FUERA DE VIAJE;15
ColpetroleumRsu8;2025-12-08 18:45:26;MN-48;2,95;1570,45;FUERA DE VIAJE;15
ColpetroleumRsu8;2025-12-08 18:45:30;MN-48;3;1600,23;FUERA DE VIAJE;15
ColpetroleumRsu8;2025-12-08 18:45:34;MN-48;2,95;1531,9;FUERA DE VIAJE;15
ColpetroleumRsu8;2025-12-08 18:45:38;MN-48;3;1496,8;FUERA DE VIAJE;15
ColpetroleumRsu8;2025-12-08 18:45:42;MN-48;2,95;1582,05;FUERA DE VIAJE;15
ColpetroleumRsu8;2025-12-08 18:45:46;MN-48;3;1581,73;FUERA DE VIAJE;15
ColpetroleumRsu8;2025-12-08 18:45:50;MN-48;2,95;1446,35;FUERA DE VIAJE;15
ColpetroleumRsu8;2025-12-08 18:45:54;MN-48;3;1501,19;FUERA DE VIAJE;15
ColpetroleumRsu8;2025-12-08 18:45:58;MN-48;2,95;1573,27;FUERA DE VIAJE;15
ColpetroleumRsu8;2025-12-08 18:46:02;MN-48;3;1598,66;FUERA DE VIAJE;15
ColpetroleumRsu8;2025-12-08 18:46:06;MN-48;2,95;1470,48;FUERA DE VIAJE;15
ColpetroleumRsu8;2025-12-08 18:46:10;MN-48;3;1428,48;FUERA DE VIAJE;15
ColpetroleumRsu8;2025-12-08 18:46:14;MN-48;0,6;1521,25;FUERA DE VIAJE;15
ColpetroleumRsu8;2025-12-08 18:46:18;MN-48;0,6;1499,31;FUERA DE VIAJE;15
ColpetroleumRsu8;2025-12-08 18:46:22;MN-48;0,6;1455,75;FUERA DE VIAJE;15
ColpetroleumRsu8;2025-12-08 18:46:26;MN-48;0,6;1553,84;FUERA DE VIAJE;15
ColpetroleumRsu8;2025-12-08 18:46:30;MN-48;0,6;1579,54;FUERA DE VIAJE;15
ColpetroleumRsu8;2025-12-08 18:46:34;MN-48;0;1530,02;FUERA DE VIAJE;15
ColpetroleumRsu8;2025-12-08 18:46:38;MN-48;0;1489,28;FUERA DE VIAJE;15
ColpetroleumRsu8;2025-12-08 18:46:42;MN-48;0;1551,96;FUERA DE VIAJE;15
ColpetroleumRsu8;2025-12-08 18:46:46;MN-48;0;1565,12;FUERA DE VIAJE;15
ColpetroleumRsu8;2025-12-08 18:46:50;MN-48;0;1486,15;FUERA DE VIAJE;15
ColpetroleumRsu8;2025-12-08 18:46:54;MN-48;0;1510,28;FUERA DE VIAJE;15
ColpetroleumRsu8;2025-12-08 18:46:58;MN-48;0;1585,81;FUERA DE VIAJE;15
ColpetroleumRsu8;2025-12-08 22:07:01;MN-48;0;1364,23;FUERA DE VIAJE;16
ColpetroleumRsu8;2025-12-08 22:07:05;MN-48;0;1313,15;FUERA DE VIAJE;16
ColpetroleumRsu8;2025-12-08 22:07:09;MN-48;0;1419,08;FUERA DE VIAJE;16
ColpetroleumRsu8;2025-12-08 22:07:13;MN-48;0;1415,32;FUERA DE VIAJE;16
ColpetroleumRsu8;2025-12-08 22:07:17;MN-48;0;1408,11;FUERA DE VIAJE;16
ColpetroleumRsu8;2025-12-08 22:07:21;MN-48;0;1330,7;FUERA DE VIAJE;16
ColpetroleumRsu8;2025-12-08 22:07:25;MN-48;0;1415,32;FUERA DE VIAJE;16
ColpetroleumRsu8;2025-12-08 22:07:29;MN-48;0;1346,68;FUERA DE VIAJE;16
ColpetroleumRsu8;2025-12-08 22:07:33;MN-48;0;1444,78;FUERA DE VIAJE;16
ColpetroleumRsu8;2025-12-08 22:07:37;MN-48;0;1427,54;FUERA DE VIAJE;16
ColpetroleumRsu8;2025-12-08 22:07:41;MN-48;0;1357,65;FUERA DE VIAJE;16
ColpetroleumRsu8;2025-12-08 22:07:45;MN-48;0;1409,68;FUERA DE VIAJE;16
ColpetroleumRsu8;2025-12-08 22:07:49;MN-48;0;1345,12;FUERA DE VIAJE;16
ColpetroleumRsu8;2025-12-08 22:07:53;MN-48;0;1305;FUERA DE VIAJE;16
ColpetroleumRsu8;2025-12-08 22:07:57;MN-48;0;1351,7;FUERA DE VIAJE;16
ColpetroleumRsu8;2025-12-08 22:08:01;MN-48;0;1347,94;FUERA DE VIAJE;16
ColpetroleumRsu8;2025-12-08 22:08:05;MN-48;0;1466,72;FUERA DE VIAJE;16
ColpetroleumRsu8;2025-12-08 22:08:09;MN-48;0;1478,63;FUERA DE VIAJE;16
ColpetroleumRsu8;2025-12-08 22:08:13;MN-48;0;1402,78;FUERA DE VIAJE;16
ColpetroleumRsu8;2025-12-08 22:08:17;MN-48;0;1475,18;FUERA DE VIAJE;16
ColpetroleumRsu8;2025-12-08 22:08:21;MN-48;0;1432,87;FUERA DE VIAJE;16
ColpetroleumRsu8;2025-12-08 22:08:25;MN-48;0;1359,53;FUERA DE VIAJE;16
ColpetroleumRsu8;2025-12-08 22:08:29;MN-48;0;1383,67;FUERA DE VIAJE;16
ColpetroleumRsu8;2025-12-08 22:08:33;MN-48;0;1454,81;FUERA DE VIAJE;16
ColpetroleumRsu8;2025-12-08 22:08:37;MN-48;0;1353,58;FUERA DE VIAJE;16
ColpetroleumRsu8;2025-12-08 22:08:41;MN-48;0;1466,09;FUERA DE VIAJE;16
ColpetroleumRsu8;2025-12-08 22:08:45;MN-48;0;1495,24;FUERA DE VIAJE;16
ColpetroleumRsu8;2025-12-08 22:08:49;MN-48;0;1370,19;FUERA DE VIAJE;16
ColpetroleumRsu8;2025-12-08 22:08:53;MN-48;0;1374,26;FUERA DE VIAJE;16
ColpetroleumRsu8;2025-12-08 22:08:57;MN-48;0;1374,58;FUERA DE VIAJE;16
ColpetroleumRsu8;2025-12-08 22:09:01;MN-48;0;1391,5;FUERA DE VIAJE;16
ColpetroleumRsu8;2025-12-08 22:09:05;MN-48;0;1381,47;FUERA DE VIAJE;16
ColpetroleumRsu8;2025-12-08 22:09:09;MN-48;0;1295,91;FUERA DE VIAJE;16
ColpetroleumRsu8;2025-12-08 22:09:13;MN-48;0;1389,31;FUERA DE VIAJE;16
ColpetroleumRsu8;2025-12-08 22:09:17;MN-48;0;1470,48;FUERA DE VIAJE;16
ColpetroleumRsu8;2025-12-08 22:09:21;MN-48;0;1446,35;FUERA DE VIAJE;16
ColpetroleumRsu8;2025-12-08 22:09:25;MN-48;0;1359,53;FUERA DE VIAJE;16
ColpetroleumRsu8;2025-12-08 22:09:29;MN-48;0;1411,24;FUERA DE VIAJE;16
ColpetroleumRsu8;2025-12-08 22:09:33;MN-48;0;1395,89;FUERA DE VIAJE;16
ColpetroleumRsu8;2025-12-08 22:09:37;MN-48;0;1412,5;FUERA DE VIAJE;16
ColpetroleumRsu8;2025-12-08 22:09:41;MN-48;0;1366,12;FUERA DE VIAJE;16
ColpetroleumRsu8;2025-12-08 22:09:45;MN-48;0;1298,73;FUERA DE VIAJE;16
ColpetroleumRsu8;2025-12-08 22:09:49;MN-48;0;1441,64;FUERA DE VIAJE;16
ColpetroleumRsu8;2025-12-08 22:09:53;MN-48;0;1473,61;FUERA DE VIAJE;16
ColpetroleumRsu8;2025-12-08 22:09:57;MN-48;0;1445,72;FUERA DE VIAJE;16
ColpetroleumRsu8;2025-12-08 22:10:01;MN-48;0;1486,15;FUERA DE VIAJE;16
ColpetroleumRsu8;2025-12-08 22:10:05;MN-48;0;1381,79;FUERA DE VIAJE;16
ColpetroleumRsu8;2025-12-08 22:10:09;MN-48;0;1380,84;FUERA DE VIAJE;16
ColpetroleumRsu8;2025-12-08 22:10:13;MN-48;0;1433,81;FUERA DE VIAJE;16
ColpetroleumRsu8;2025-12-08 22:10:17;MN-48;0;1305,32;FUERA DE VIAJE;16
ColpetroleumRsu8;2025-12-08 22:10:21;MN-48;0;650,62;FUERA DE VIAJE;16
ColpetroleumRsu8;2025-12-08 22:10:25;MN-48;1,11;265,14;FUERA DE VIAJE;16
ColpetroleumRsu8;2025-12-08 22:10:29;MN-48;1,02;174,88;FUERA DE VIAJE;16
ColpetroleumRsu8;2025-12-08 22:10:33;MN-48;1,02;54,22;FUERA DE VIAJE;16
ColpetroleumRsu8;2025-12-08 22:10:37;MN-48;0,37;221,57;FUERA DE VIAJE;16
ColpetroleumRsu8;2025-12-08 22:10:41;MN-48;0,37;89,01;FUERA DE VIAJE;16
ColpetroleumRsu8;2025-12-08 22:10:45;MN-48;0,42;166,1;FUERA DE VIAJE;16
ColpetroleumRsu8;2025-12-08 22:10:49;MN-48;0,42;158,58;FUERA DE VIAJE;16
ColpetroleumRsu8;2025-12-08 22:10:53;MN-48;0,42;151,69;FUERA DE VIAJE;16
ColpetroleumRsu8;2025-12-08 22:10:57;MN-48;0,42;134,45;FUERA DE VIAJE;16
ColpetroleumRsu8;2025-12-08 22:11:01;MN-48;0,42;171,12;FUERA DE VIAJE;16
ColpetroleumRsu8;2025-12-08 22:11:05;MN-48;0,42;136,96;FUERA DE VIAJE;16
ColpetroleumRsu8;2025-12-08 22:11:09;MN-48;0,42;124,11;FUERA DE VIAJE;16
ColpetroleumRsu8;2025-12-08 22:11:13;MN-48;0,37;218,75;FUERA DE VIAJE;16
ColpetroleumRsu8;2025-12-08 22:11:17;MN-48;1,06;263,88;FUERA DE VIAJE;16
ColpetroleumRsu8;2025-12-08 22:11:21;MN-48;1,25;362,29;FUERA DE VIAJE;16
ColpetroleumRsu8;2025-12-08 22:11:25;MN-48;1,34;429,99;FUERA DE VIAJE;16
ColpetroleumRsu8;2025-12-08 22:11:29;MN-48;1,25;676,01;FUERA DE VIAJE;16
ColpetroleumRsu8;2025-12-08 22:11:33;MN-48;1,25;733,67;FUERA DE VIAJE;16
ColpetroleumRsu8;2025-12-08 22:11:37;MN-48;1,25;903,22;FUERA DE VIAJE;16
ColpetroleumRsu8;2025-12-08 22:11:41;MN-48;1,25;901,97;FUERA DE VIAJE;16
ColpetroleumRsu8;2025-12-08 22:11:45;MN-48;1,25;959,32;FUERA DE VIAJE;16
ColpetroleumRsu8;2025-12-08 22:11:49;MN-48;0;1033,6;FUERA DE VIAJE;16
ColpetroleumRsu8;2025-12-08 22:11:53;MN-48;0;1103,17;FUERA DE VIAJE;16
ColpetroleumRsu8;2025-12-08 22:11:57;MN-48;0;1046,76;FUERA DE VIAJE;16
ColpetroleumRsu8;2025-12-08 22:12:01;MN-48;0;1126,68;FUERA DE VIAJE;16
ColpetroleumRsu8;2025-12-08 22:12:05;MN-48;0;1190,61;FUERA DE VIAJE;16
ColpetroleumRsu8;2025-12-08 22:12:09;MN-48;0;1307,2;FUERA DE VIAJE;16
ColpetroleumRsu8;2025-12-08 22:12:13;MN-48;0;1233,55;FUERA DE VIAJE;16
ColpetroleumRsu8;2025-12-08 22:12:17;MN-48;0;1430,05;FUERA DE VIAJE;16
ColpetroleumRsu8;2025-12-08 22:12:21;MN-48;0;1400,28;FUERA DE VIAJE;16
ColpetroleumRsu8;2025-12-08 22:12:25;MN-48;0;1361,73;FUERA DE VIAJE;16
ColpetroleumRsu8;2025-12-08 22:12:29;MN-48;0;1430,05;FUERA DE VIAJE;16
ColpetroleumRsu8;2025-12-08 22:12:33;MN-48;0;1380,53;FUERA DE VIAJE;16
ColpetroleumRsu8;2025-12-08 22:12:37;MN-48;0;1450,42;FUERA DE VIAJE;16
ColpetroleumRsu8;2025-12-08 22:12:41;MN-48;0;1420,02;FUERA DE VIAJE;16
ColpetroleumRsu8;2025-12-08 22:12:45;MN-48;0;1424,41;FUERA DE VIAJE;16
ColpetroleumRsu8;2025-12-08 22:12:49;MN-48;0;1572,02;FUERA DE VIAJE;16
ColpetroleumRsu8;2025-12-08 22:12:53;MN-48;0;1573,27;FUERA DE VIAJE;16
ColpetroleumRsu8;2025-12-08 22:12:57;MN-48;0;1485,52;FUERA DE VIAJE;16
ColpetroleumRsu8;2025-12-08 22:13:01;MN-48;0;1433,18;FUERA DE VIAJE;16
ColpetroleumRsu8;2025-12-08 22:13:05;MN-48;0;1525,64;FUERA DE VIAJE;16
ColpetroleumRsu8;2025-12-08 22:13:09;MN-48;0;1509,34;FUERA DE VIAJE;16
ColpetroleumRsu8;2025-12-08 22:13:13;MN-48;0;1570,45;FUERA DE VIAJE;16
ColpetroleumRsu8;2025-12-08 22:13:17;MN-48;0;1544,75;FUERA DE VIAJE;16
ColpetroleumRsu8;2025-12-08 22:13:21;MN-48;0;1540,37;FUERA DE VIAJE;16
ColpetroleumRsu8;2025-12-08 22:13:25;MN-48;0;1502,44;FUERA DE VIAJE;16
ColpetroleumRsu8;2025-12-08 22:13:29;MN-48;0;1537,23;FUERA DE VIAJE;16
ColpetroleumRsu8;2025-12-08 22:13:33;MN-48;0;1520,62;FUERA DE VIAJE;16
ColpetroleumRsu8;2025-12-08 22:13:37;MN-48;0;1528,14;FUERA DE VIAJE;16
ColpetroleumRsu8;2025-12-08 22:13:41;MN-48;0;1493,98;FUERA DE VIAJE;16
ColpetroleumRsu8;2025-12-08 22:13:45;MN-48;0;1615,9;FUERA DE VIAJE;16
ColpetroleumRsu8;2025-12-08 22:13:49;MN-48;0;1526,89;FUERA DE VIAJE;16
ColpetroleumRsu8;2025-12-08 22:13:53;MN-48;0;1631,25;FUERA DE VIAJE;16
ColpetroleumRsu8;2025-12-08 22:13:57;MN-48;0;1541,62;FUERA DE VIAJE;16
ColpetroleumRsu8;2025-12-08 22:14:01;MN-48;0;1488,34;FUERA DE VIAJE;16
ColpetroleumRsu8;2025-12-08 22:14:05;MN-48;0;1659,77;FUERA DE VIAJE;16
ColpetroleumRsu8;2025-12-08 22:14:09;MN-48;0;1566,38;FUERA DE VIAJE;16
ColpetroleumRsu8;2025-12-08 22:14:13;MN-48;0;1540,99;FUERA DE VIAJE;16
ColpetroleumRsu8;2025-12-08 22:14:17;MN-48;0;1602,11;FUERA DE VIAJE;16
ColpetroleumRsu8;2025-12-08 22:14:21;MN-48;0;1538,17;FUERA DE VIAJE;16
ColpetroleumRsu8;2025-12-08 22:14:25;MN-48;0;1581,11;FUERA DE VIAJE;16
ColpetroleumRsu8;2025-12-08 22:14:29;MN-48;0;1574,53;FUERA DE VIAJE;16
ColpetroleumRsu8;2025-12-08 22:14:33;MN-48;0;1539,43;FUERA DE VIAJE;16
ColpetroleumRsu8;2025-12-08 22:14:37;MN-48;0;1630,94;FUERA DE VIAJE;16
ColpetroleumRsu8;2025-12-08 22:14:41;MN-48;0;1546,32;FUERA DE VIAJE;16
ColpetroleumRsu8;2025-12-08 22:14:45;MN-48;0;1466,72;FUERA DE VIAJE;16
ColpetroleumRsu8;2025-12-08 22:14:49;MN-48;0;1686,1;FUERA DE VIAJE;16
ColpetroleumRsu8;2025-12-08 22:14:53;MN-48;0;1545,69;FUERA DE VIAJE;16
ColpetroleumRsu8;2025-12-08 22:14:57;MN-48;0;1476,12;FUERA DE VIAJE;16
ColpetroleumRsu8;2025-12-08 22:15:01;MN-48;0;1674,19;FUERA DE VIAJE;16
ColpetroleumRsu8;2025-12-08 22:15:05;MN-48;0;1558,54;FUERA DE VIAJE;16
ColpetroleumRsu8;2025-12-08 22:15:09;MN-48;0;1510,59;FUERA DE VIAJE;16
ColpetroleumRsu8;2025-12-08 22:15:13;MN-48;0;1652,88;FUERA DE VIAJE;16
ColpetroleumRsu8;2025-12-08 22:15:17;MN-48;0;1547,57;FUERA DE VIAJE;16
ColpetroleumRsu8;2025-12-08 22:15:21;MN-48;0;1605,24;FUERA DE VIAJE;16
ColpetroleumRsu8;2025-12-08 22:15:25;MN-48;0;1607,75;FUERA DE VIAJE;16
ColpetroleumRsu8;2025-12-08 22:15:29;MN-48;0;1553,84;FUERA DE VIAJE;16
ColpetroleumRsu8;2025-12-08 22:15:33;MN-48;0;1578,91;FUERA DE VIAJE;16
ColpetroleumRsu8;2025-12-08 22:15:37;MN-48;0;1598,66;FUERA DE VIAJE;16
ColpetroleumRsu8;2025-12-08 22:15:41;MN-48;0;1519,99;FUERA DE VIAJE;16
ColpetroleumRsu8;2025-12-08 22:15:45;MN-48;0;1634,7;FUERA DE VIAJE;16
ColpetroleumRsu8;2025-12-08 22:15:49;MN-48;0;1564,5;FUERA DE VIAJE;16
ColpetroleumRsu8;2025-12-08 22:15:53;MN-48;0;1497,74;FUERA DE VIAJE;16
ColpetroleumRsu8;2025-12-08 22:15:57;MN-48;0;1635,95;FUERA DE VIAJE;16
ColpetroleumRsu8;2025-12-08 22:16:01;MN-48;0;1526,89;FUERA DE VIAJE;16
ColpetroleumRsu8;2025-12-08 22:16:05;MN-48;0;1478;FUERA DE VIAJE;16
ColpetroleumRsu8;2025-12-08 22:16:09;MN-48;0;1664,79;FUERA DE VIAJE;16
ColpetroleumRsu8;2025-12-08 22:16:13;MN-48;0;1553,84;FUERA DE VIAJE;16
ColpetroleumRsu8;2025-12-08 22:16:17;MN-48;0;1455,75;FUERA DE VIAJE;16
ColpetroleumRsu8;2025-12-08 22:16:21;MN-48;0;901,34;FUERA DE VIAJE;16
ColpetroleumRsu8;2025-12-08 22:16:25;MN-48;0;893,82;FUERA DE VIAJE;16
ColpetroleumRsu8;2025-12-08 22:16:29;MN-48;0;784,76;FUERA DE VIAJE;16
ColpetroleumRsu8;2025-12-08 22:16:33;MN-48;0;871,57;FUERA DE VIAJE;16
ColpetroleumRsu8;2025-12-08 22:16:37;MN-48;0;869,69;FUERA DE VIAJE;16
ColpetroleumRsu8;2025-12-08 22:16:41;MN-48;0;772,53;FUERA DE VIAJE;16
ColpetroleumRsu8;2025-12-08 22:16:45;MN-48;0;874,7;FUERA DE VIAJE;16
ColpetroleumRsu8;2025-12-08 22:16:49;MN-48;0;828,01;FUERA DE VIAJE;16
ColpetroleumRsu8;2025-12-08 22:16:53;MN-48;0;776,92;FUERA DE VIAJE;16
ColpetroleumRsu8;2025-12-08 22:16:57;MN-48;0;910,74;FUERA DE VIAJE;16
ColpetroleumRsu8;2025-12-08 22:17:01;MN-48;0;813,59;FUERA DE VIAJE;16
ColpetroleumRsu8;2025-12-08 22:17:05;MN-48;0;808,89;FUERA DE VIAJE;16
ColpetroleumRsu8;2025-12-08 22:17:09;MN-48;0;738,69;FUERA DE VIAJE;16
ColpetroleumRsu8;2025-12-08 22:17:13;MN-48;0;838,03;FUERA DE VIAJE;16
ColpetroleumRsu8;2025-12-08 22:17:17;MN-48;0;882,85;FUERA DE VIAJE;16
ColpetroleumRsu8;2025-12-08 22:17:21;MN-48;0;872,2;FUERA DE VIAJE;16
ColpetroleumRsu8;2025-12-08 22:17:25;MN-48;0;874,39;FUERA DE VIAJE;16
ColpetroleumRsu8;2025-12-08 22:17:29;MN-48;0;843,36;FUERA DE VIAJE;16
ColpetroleumRsu8;2025-12-08 22:17:33;MN-48;0;846,81;FUERA DE VIAJE;16
ColpetroleumRsu8;2025-12-08 22:17:37;MN-48;0;742,13;FUERA DE VIAJE;16
ColpetroleumRsu8;2025-12-08 22:17:41;MN-48;0;828,63;FUERA DE VIAJE;16
ColpetroleumRsu8;2025-12-08 22:17:45;MN-48;0;774,1;FUERA DE VIAJE;16
ColpetroleumRsu8;2025-12-08 22:17:49;MN-48;0;777,55;FUERA DE VIAJE;16
ColpetroleumRsu8;2025-12-08 22:17:53;MN-48;0;807,95;FUERA DE VIAJE;16
ColpetroleumRsu8;2025-12-08 22:17:57;MN-48;0;807,95;FUERA DE VIAJE;16
ColpetroleumRsu8;2025-12-08 22:18:01;MN-48;0;796,04;FUERA DE VIAJE;16
ColpetroleumRsu8;2025-12-08 22:18:05;MN-48;0;780,68;FUERA DE VIAJE;16
ColpetroleumRsu8;2025-12-08 22:18:09;MN-48;0;784,13;FUERA DE VIAJE;16
ColpetroleumRsu8;2025-12-08 22:18:13;MN-48;0;799,8;FUERA DE VIAJE;16
ColpetroleumRsu8;2025-12-08 22:18:17;MN-48;0;750,6;FUERA DE VIAJE;16
ColpetroleumRsu8;2025-12-08 22:18:21;MN-48;0;829,89;FUERA DE VIAJE;16
ColpetroleumRsu8;2025-12-08 22:18:25;MN-48;0;843,68;FUERA DE VIAJE;16
ColpetroleumRsu8;2025-12-08 22:18:29;MN-48;0;759,68;FUERA DE VIAJE;16
ColpetroleumRsu8;2025-12-08 22:18:33;MN-48;0;901,65;FUERA DE VIAJE;16
ColpetroleumRsu8;2025-12-08 22:18:37;MN-48;0;911,37;FUERA DE VIAJE;16
ColpetroleumRsu8;2025-12-08 22:18:41;MN-48;0;964,65;FUERA DE VIAJE;16
ColpetroleumRsu8;2025-12-08 22:18:45;MN-48;0;950,23;FUERA DE VIAJE;16
ColpetroleumRsu8;2025-12-08 22:18:49;MN-48;0;1183,72;FUERA DE VIAJE;16
ColpetroleumRsu8;2025-12-08 22:18:53;MN-48;0;941,46;FUERA DE VIAJE;16
ColpetroleumRsu8;2025-12-08 22:18:57;MN-48;0;1048,64;FUERA DE VIAJE;16
ColpetroleumRsu8;2025-12-08 22:19:01;MN-48;0;937,07;FUERA DE VIAJE;16
ColpetroleumRsu8;2025-12-08 22:19:05;MN-48;0;1153,32;FUERA DE VIAJE;16
ColpetroleumRsu8;2025-12-08 22:19:09;MN-48;0;1013,23;FUERA DE VIAJE;16
ColpetroleumRsu8;2025-12-08 22:19:13;MN-48;0;1209,73;FUERA DE VIAJE;16
ColpetroleumRsu8;2025-12-08 22:19:17;MN-48;0;982,2;FUERA DE VIAJE;16
ColpetroleumRsu8;2025-12-08 22:19:21;MN-48;0;1141,41;FUERA DE VIAJE;16
ColpetroleumRsu8;2025-12-08 22:19:25;MN-48;0;1021,06;FUERA DE VIAJE;16
ColpetroleumRsu8;2025-12-08 22:19:29;MN-48;0;1010,72;FUERA DE VIAJE;16
ColpetroleumRsu8;2025-12-08 22:19:33;MN-48;0;1236,68;FUERA DE VIAJE;16
ColpetroleumRsu8;2025-12-08 22:19:37;MN-48;0;1067,44;FUERA DE VIAJE;16
ColpetroleumRsu8;2025-12-08 22:19:41;MN-48;0;1008,52;FUERA DE VIAJE;16
ColpetroleumRsu8;2025-12-08 22:19:45;MN-48;0;1091,89;FUERA DE VIAJE;16
ColpetroleumRsu8;2025-12-08 22:19:49;MN-48;0;1014,79;FUERA DE VIAJE;16
ColpetroleumRsu8;2025-12-08 22:19:53;MN-48;0;1081,55;FUERA DE VIAJE;16
ColpetroleumRsu8;2025-12-08 22:19:57;MN-48;0;1212,86;FUERA DE VIAJE;16
ColpetroleumRsu8;2025-12-08 22:20:01;MN-48;0;1164,28;FUERA DE VIAJE;16
ColpetroleumRsu8;2025-12-08 22:20:05;MN-48;0;1086,25;FUERA DE VIAJE;16
ColpetroleumRsu8;2025-12-08 22:20:09;MN-48;0;1090,95;FUERA DE VIAJE;16
ColpetroleumRsu8;2025-12-08 22:20:13;MN-48;0;1036,73;FUERA DE VIAJE;16
ColpetroleumRsu8;2025-12-08 22:20:17;MN-48;0;1245,14;FUERA DE VIAJE;16
ColpetroleumRsu8;2025-12-08 22:20:21;MN-48;0;1114,45;FUERA DE VIAJE;16
ColpetroleumRsu8;2025-12-08 22:20:25;MN-48;0;1146,42;FUERA DE VIAJE;16
ColpetroleumRsu8;2025-12-08 22:20:29;MN-48;0;974,68;FUERA DE VIAJE;16
ColpetroleumRsu8;2025-12-08 22:20:33;MN-48;0;1320,05;FUERA DE VIAJE;16
ColpetroleumRsu8;2025-12-08 22:20:37;MN-48;0;1033,28;FUERA DE VIAJE;16
ColpetroleumRsu8;2025-12-08 22:20:41;MN-48;0;1236,99;FUERA DE VIAJE;16
ColpetroleumRsu8;2025-12-08 22:20:45;MN-48;0;1093,14;FUERA DE VIAJE;16
ColpetroleumRsu8;2025-12-08 22:20:49;MN-48;0;1219,44;FUERA DE VIAJE;16
ColpetroleumRsu8;2025-12-08 22:20:53;MN-48;0,69;1290,59;FUERA DE VIAJE;16
ColpetroleumRsu8;2025-12-08 22:20:57;MN-48;0,69;969,66;FUERA DE VIAJE;16
ColpetroleumRsu8;2025-12-08 22:21:01;MN-48;0,69;885,98;FUERA DE VIAJE;16
ColpetroleumRsu8;2025-12-08 22:21:05;MN-48;0,69;871,88;FUERA DE VIAJE;16
ColpetroleumRsu8;2025-12-08 22:21:09;MN-48;0,14;846,18;FUERA DE VIAJE;16
ColpetroleumRsu8;2025-12-08 22:21:13;MN-48;0;892,88;FUERA DE VIAJE;16
ColpetroleumRsu8;2025-12-08 22:21:17;MN-48;0,83;923,91;FUERA DE VIAJE;16
ColpetroleumRsu8;2025-12-08 22:21:21;MN-48;0,83;980,95;FUERA DE VIAJE;16
ColpetroleumRsu8;2025-12-08 22:21:25;MN-48;0,28;953,99;FUERA DE VIAJE;16
ColpetroleumRsu8;2025-12-08 22:21:29;MN-48;0,51;1234,17;FUERA DE VIAJE;16
ColpetroleumRsu8;2025-12-08 22:21:33;MN-48;0,51;1269,9;FUERA DE VIAJE;16
ColpetroleumRsu8;2025-12-08 22:21:37;MN-48;0,51;1317,22;FUERA DE VIAJE;16
ColpetroleumRsu8;2025-12-08 22:21:41;MN-48;0,51;1379,9;FUERA DE VIAJE;16
ColpetroleumRsu8;2025-12-08 22:21:45;MN-48;0;1330,07;FUERA DE VIAJE;16
ColpetroleumRsu8;2025-12-08 22:21:49;MN-48;1,11;1316,28;FUERA DE VIAJE;16
ColpetroleumRsu8;2025-12-08 22:21:53;MN-48;1,11;1336,97;FUERA DE VIAJE;16
ColpetroleumRsu8;2025-12-08 22:21:57;MN-48;0,46;1289,02;FUERA DE VIAJE;16
ColpetroleumRsu8;2025-12-08 22:22:01;MN-48;0,46;1393,38;FUERA DE VIAJE;16
ColpetroleumRsu8;2025-12-08 22:22:05;MN-48;0,28;1294,97;FUERA DE VIAJE;16
ColpetroleumRsu8;2025-12-08 22:22:09;MN-48;1,25;1345,12;FUERA DE VIAJE;16
ColpetroleumRsu8;2025-12-08 22:22:13;MN-48;1,02;1326,94;FUERA DE VIAJE;16
ColpetroleumRsu8;2025-12-08 22:22:17;MN-48;1,02;1490,85;FUERA DE VIAJE;16
ColpetroleumRsu8;2025-12-08 22:22:21;MN-48;0,28;1288,71;FUERA DE VIAJE;16
ColpetroleumRsu8;2025-12-08 22:22:25;MN-48;1,29;1465,46;FUERA DE VIAJE;16
ColpetroleumRsu8;2025-12-08 22:22:29;MN-48;2,4;1294,03;FUERA DE VIAJE;16
ColpetroleumRsu8;2025-12-08 22:22:33;MN-48;2,4;1461,7;FUERA DE VIAJE;16
ColpetroleumRsu8;2025-12-08 22:22:37;MN-48;2,4;1323,18;FUERA DE VIAJE;16
ColpetroleumRsu8;2025-12-08 22:22:41;MN-48;2,4;1272,72;FUERA DE VIAJE;16
ColpetroleumRsu8;2025-12-08 22:22:45;MN-48;2,4;1387,11;FUERA DE VIAJE;16
ColpetroleumRsu8;2025-12-08 22:22:49;MN-48;0,14;1478;FUERA DE VIAJE;16
ColpetroleumRsu8;2025-12-08 22:22:53;MN-48;0;1382,1;FUERA DE VIAJE;16
ColpetroleumRsu8;2025-12-08 22:22:57;MN-48;0,97;1292,47;FUERA DE VIAJE;16
ColpetroleumRsu8;2025-12-09 01:55:00;MN-48;0;1078,1;FUERA DE VIAJE;17
ColpetroleumRsu8;2025-12-09 01:55:04;MN-48;0;1108,19;FUERA DE VIAJE;17
ColpetroleumRsu8;2025-12-09 01:55:08;MN-48;0;1197,82;FUERA DE VIAJE;17
ColpetroleumRsu8;2025-12-09 01:55:12;MN-48;0;1067,13;FUERA DE VIAJE;17
ColpetroleumRsu8;2025-12-09 01:55:16;MN-48;0;1048,33;FUERA DE VIAJE;17
ColpetroleumRsu8;2025-12-09 01:55:20;MN-48;0;1203,46;FUERA DE VIAJE;17
ColpetroleumRsu8;2025-12-09 01:55:24;MN-48;0;1048,64;FUERA DE VIAJE;17
ColpetroleumRsu8;2025-12-09 01:55:28;MN-48;0;1037,36;FUERA DE VIAJE;17
ColpetroleumRsu8;2025-12-09 01:55:32;MN-48;0;1158,33;FUERA DE VIAJE;17
ColpetroleumRsu8;2025-12-09 01:55:36;MN-48;0;1114,45;FUERA DE VIAJE;17
ColpetroleumRsu8;2025-12-09 01:55:40;MN-48;0;1086,56;FUERA DE VIAJE;17
ColpetroleumRsu8;2025-12-09 01:55:44;MN-48;0;1121,04;FUERA DE VIAJE;17
ColpetroleumRsu8;2025-12-09 01:55:48;MN-48;0;1174,31;FUERA DE VIAJE;17
ColpetroleumRsu8;2025-12-09 01:55:52;MN-48;0;1083,43;FUERA DE VIAJE;17
ColpetroleumRsu8;2025-12-09 01:55:56;MN-48;0;1104,43;FUERA DE VIAJE;17
ColpetroleumRsu8;2025-12-09 01:56:00;MN-48;0;1191,55;FUERA DE VIAJE;17
ColpetroleumRsu8;2025-12-09 01:56:04;MN-48;0;1080,61;FUERA DE VIAJE;17
ColpetroleumRsu8;2025-12-09 01:56:08;MN-48;0;1085,93;FUERA DE VIAJE;17
ColpetroleumRsu8;2025-12-09 01:56:12;MN-48;0;1216,31;FUERA DE VIAJE;17
ColpetroleumRsu8;2025-12-09 01:56:16;MN-48;0;1077,16;FUERA DE VIAJE;17
ColpetroleumRsu8;2025-12-09 01:56:20;MN-48;0;1036,73;FUERA DE VIAJE;17
ColpetroleumRsu8;2025-12-09 01:56:24;MN-48;0;1215,37;FUERA DE VIAJE;17
ColpetroleumRsu8;2025-12-09 01:56:28;MN-48;0;1083,11;FUERA DE VIAJE;17
ColpetroleumRsu8;2025-12-09 01:56:32;MN-48;0;1035,79;FUERA DE VIAJE;17
ColpetroleumRsu8;2025-12-09 01:56:36;MN-48;0;1238,87;FUERA DE VIAJE;17
ColpetroleumRsu8;2025-12-09 01:56:40;MN-48;0;1080,29;FUERA DE VIAJE;17
ColpetroleumRsu8;2025-12-09 01:56:44;MN-48;0;1036,1;FUERA DE VIAJE;17
ColpetroleumRsu8;2025-12-09 01:56:48;MN-48;0;1213,49;FUERA DE VIAJE;17
ColpetroleumRsu8;2025-12-09 01:56:52;MN-48;0;1088,76;FUERA DE VIAJE;17
ColpetroleumRsu8;2025-12-09 01:56:56;MN-48;0;1040,49;FUERA DE VIAJE;17
ColpetroleumRsu8;2025-12-09 01:57:00;MN-48;0;1217,25;FUERA DE VIAJE;17
ColpetroleumRsu8;2025-12-09 01:57:04;MN-48;0;1082,49;FUERA DE VIAJE;17
ColpetroleumRsu8;2025-12-09 01:57:08;MN-48;0;1076,22;FUERA DE VIAJE;17
ColpetroleumRsu8;2025-12-09 01:57:12;MN-48;0;1198,45;FUERA DE VIAJE;17
ColpetroleumRsu8;2025-12-09 01:57:16;MN-48;0;1099,1;FUERA DE VIAJE;17
ColpetroleumRsu8;2025-12-09 01:57:20;MN-48;0;1130,12;FUERA DE VIAJE;17
ColpetroleumRsu8;2025-12-09 01:57:24;MN-48;0;1162,09;FUERA DE VIAJE;17
ColpetroleumRsu8;2025-12-09 01:57:28;MN-48;0;1071,83;FUERA DE VIAJE;17
ColpetroleumRsu8;2025-12-09 01:57:32;MN-48;0;1192,49;FUERA DE VIAJE;17
ColpetroleumRsu8;2025-12-09 01:57:36;MN-48;0;1090,01;FUERA DE VIAJE;17
ColpetroleumRsu8;2025-12-09 01:57:40;MN-48;0;1042,37;FUERA DE VIAJE;17
ColpetroleumRsu8;2025-12-09 01:57:44;MN-48;0;1224,14;FUERA DE VIAJE;17
ColpetroleumRsu8;2025-12-09 01:57:48;MN-48;0;1088,76;FUERA DE VIAJE;17
ColpetroleumRsu8;2025-12-09 01:57:52;MN-48;0;1079,35;FUERA DE VIAJE;17
ColpetroleumRsu8;2025-12-09 01:57:56;MN-48;0;1175,25;FUERA DE VIAJE;17
ColpetroleumRsu8;2025-12-09 01:58:00;MN-48;0;1077,47;FUERA DE VIAJE;17
ColpetroleumRsu8;2025-12-09 01:58:04;MN-48;0;1171,49;FUERA DE VIAJE;17
ColpetroleumRsu8;2025-12-09 01:58:08;MN-48;0;1077,16;FUERA DE VIAJE;17
ColpetroleumRsu8;2025-12-09 01:58:12;MN-48;0;1036,1;FUERA DE VIAJE;17
ColpetroleumRsu8;2025-12-09 01:58:16;MN-48;0;1211,61;FUERA DE VIAJE;17
ColpetroleumRsu8;2025-12-09 01:58:20;MN-48;0;1098,78;FUERA DE VIAJE;17
ColpetroleumRsu8;2025-12-09 01:58:24;MN-48;0;1205,34;FUERA DE VIAJE;17
ColpetroleumRsu8;2025-12-09 01:58:28;MN-48;0;1086,25;FUERA DE VIAJE;17
ColpetroleumRsu8;2025-12-09 01:58:32;MN-48;0;1040,49;FUERA DE VIAJE;17
ColpetroleumRsu8;2025-12-09 01:58:36;MN-48;0;1218,5;FUERA DE VIAJE;17
ColpetroleumRsu8;2025-12-09 01:58:40;MN-48;0;1112,57;FUERA DE VIAJE;17
ColpetroleumRsu8;2025-12-09 01:58:44;MN-48;0;1202,21;FUERA DE VIAJE;17
ColpetroleumRsu8;2025-12-09 01:58:48;MN-48;0,6;1079,98;FUERA DE VIAJE;17
ColpetroleumRsu8;2025-12-09 01:58:52;MN-48;0,6;1058,67;FUERA DE VIAJE;17
ColpetroleumRsu8;2025-12-09 01:58:56;MN-48;0,6;1190,3;FUERA DE VIAJE;17
ColpetroleumRsu8;2025-12-09 01:59:00;MN-48;0,6;1094,71;FUERA DE VIAJE;17
ColpetroleumRsu8;2025-12-09 01:59:04;MN-48;0,6;1208,79;FUERA DE VIAJE;17
ColpetroleumRsu8;2025-12-09 01:59:08;MN-48;0;1093,77;FUERA DE VIAJE;17
ColpetroleumRsu8;2025-12-09 01:59:12;MN-48;0;1131,38;FUERA DE VIAJE;17
ColpetroleumRsu8;2025-12-09 01:59:16;MN-48;0;1138,9;FUERA DE VIAJE;17
ColpetroleumRsu8;2025-12-09 01:59:20;MN-48;0;1048,01;FUERA DE VIAJE;17
ColpetroleumRsu8;2025-12-09 01:59:24;MN-48;0;1221,64;FUERA DE VIAJE;17
ColpetroleumRsu8;2025-12-09 01:59:28;MN-48;0;1112,57;FUERA DE VIAJE;17
ColpetroleumRsu8;2025-12-09 01:59:32;MN-48;0;1170,24;FUERA DE VIAJE;17
ColpetroleumRsu8;2025-12-09 01:59:36;MN-48;0;1110,38;FUERA DE VIAJE;17
ColpetroleumRsu8;2025-12-09 01:59:40;MN-48;0;1044,25;FUERA DE VIAJE;17
ColpetroleumRsu8;2025-12-09 01:59:44;MN-48;0;1129,81;FUERA DE VIAJE;17
ColpetroleumRsu8;2025-12-09 01:59:48;MN-48;0;1064,62;FUERA DE VIAJE;17
ColpetroleumRsu8;2025-12-09 01:59:52;MN-48;0;1225,4;FUERA DE VIAJE;17
ColpetroleumRsu8;2025-12-09 01:59:56;MN-48;0;1118,84;FUERA DE VIAJE;17
ColpetroleumRsu8;2025-12-09 02:00:00;MN-48;0;1195,94;FUERA DE VIAJE;17
ColpetroleumRsu8;2025-12-09 02:00:04;MN-48;0;1096,9;FUERA DE VIAJE;17
ColpetroleumRsu8;2025-12-09 02:00:08;MN-48;0;1126,05;FUERA DE VIAJE;17
ColpetroleumRsu8;2025-12-09 02:00:12;MN-48;0;1126,36;FUERA DE VIAJE;17
ColpetroleumRsu8;2025-12-09 02:00:16;MN-48;0;1041,74;FUERA DE VIAJE;17
ColpetroleumRsu8;2025-12-09 02:00:20;MN-48;0;1175,88;FUERA DE VIAJE;17
ColpetroleumRsu8;2025-12-09 02:00:24;MN-48;0;1088,13;FUERA DE VIAJE;17
ColpetroleumRsu8;2025-12-09 02:00:28;MN-48;0;1221,95;FUERA DE VIAJE;17
ColpetroleumRsu8;2025-12-09 02:00:32;MN-48;0;1120,72;FUERA DE VIAJE;17
ColpetroleumRsu8;2025-12-09 02:00:36;MN-48;0;1204,09;FUERA DE VIAJE;17
ColpetroleumRsu8;2025-12-09 02:00:40;MN-48;0;1109,13;FUERA DE VIAJE;17
ColpetroleumRsu8;2025-12-09 02:00:44;MN-48;0;1112,57;FUERA DE VIAJE;17
ColpetroleumRsu8;2025-12-09 02:00:48;MN-48;0;1073,71;FUERA DE VIAJE;17
ColpetroleumRsu8;2025-12-09 02:00:52;MN-48;0;1062,43;FUERA DE VIAJE;17
ColpetroleumRsu8;2025-12-09 02:00:56;MN-48;0;1131,38;FUERA DE VIAJE;17
ColpetroleumRsu8;2025-12-09 02:01:00;MN-48;0;1106,93;FUERA DE VIAJE;17
ColpetroleumRsu8;2025-12-09 02:01:04;MN-48;0;1149,55;FUERA DE VIAJE;17
ColpetroleumRsu8;2025-12-09 02:01:08;MN-48;0;1037,36;FUERA DE VIAJE;17
ColpetroleumRsu8;2025-12-09 02:01:12;MN-48;0;1200,33;FUERA DE VIAJE;17
ColpetroleumRsu8;2025-12-09 02:01:16;MN-48;0;1093,14;FUERA DE VIAJE;17
ColpetroleumRsu8;2025-12-09 02:01:20;MN-48;0;1194,37;FUERA DE VIAJE;17
ColpetroleumRsu8;2025-12-09 02:01:24;MN-48;0;1095,02;FUERA DE VIAJE;17
ColpetroleumRsu8;2025-12-09 02:01:28;MN-48;0;1263,63;FUERA DE VIAJE;17
ColpetroleumRsu8;2025-12-09 02:01:32;MN-48;0;1117,9;FUERA DE VIAJE;17
ColpetroleumRsu8;2025-12-09 02:01:36;MN-48;0;1226,34;FUERA DE VIAJE;17
ColpetroleumRsu8;2025-12-09 02:01:40;MN-48;0;1109,44;FUERA DE VIAJE;17
ColpetroleumRsu8;2025-12-09 02:01:44;MN-48;0;1274,29;FUERA DE VIAJE;17
ColpetroleumRsu8;2025-12-09 02:01:48;MN-48;0;1124,17;FUERA DE VIAJE;17
ColpetroleumRsu8;2025-12-09 02:01:52;MN-48;0;1215,37;FUERA DE VIAJE;17
ColpetroleumRsu8;2025-12-09 02:01:56;MN-48;0;1127,62;FUERA DE VIAJE;17
ColpetroleumRsu8;2025-12-09 02:02:00;MN-48;0;1265,83;FUERA DE VIAJE;17
ColpetroleumRsu8;2025-12-09 02:02:04;MN-48;0;1127,62;FUERA DE VIAJE;17
ColpetroleumRsu8;2025-12-09 02:02:08;MN-48;0;1222,26;FUERA DE VIAJE;17
ColpetroleumRsu8;2025-12-09 02:02:12;MN-48;0;1119,47;FUERA DE VIAJE;17
ColpetroleumRsu8;2025-12-09 02:02:16;MN-48;0;1227,28;FUERA DE VIAJE;17
ColpetroleumRsu8;2025-12-09 02:02:20;MN-48;0;1115,71;FUERA DE VIAJE;17
ColpetroleumRsu8;2025-12-09 02:02:24;MN-48;0;1267,39;FUERA DE VIAJE;17
ColpetroleumRsu8;2025-12-09 02:02:28;MN-48;0;1091,26;FUERA DE VIAJE;17
ColpetroleumRsu8;2025-12-09 02:02:32;MN-48;0;1239,19;FUERA DE VIAJE;17
ColpetroleumRsu8;2025-12-09 02:02:36;MN-48;0;1098,78;FUERA DE VIAJE;17
ColpetroleumRsu8;2025-12-09 02:02:40;MN-48;0;1203,46;FUERA DE VIAJE;17
ColpetroleumRsu8;2025-12-09 02:02:44;MN-48;0;1118,84;FUERA DE VIAJE;17
ColpetroleumRsu8;2025-12-09 02:02:48;MN-48;0;1204,09;FUERA DE VIAJE;17
ColpetroleumRsu8;2025-12-09 02:02:52;MN-48;0;1076,85;FUERA DE VIAJE;17
ColpetroleumRsu8;2025-12-09 02:02:56;MN-48;0;1174,31;FUERA DE VIAJE;17
ColpetroleumRsu8;2025-12-09 02:03:00;MN-48;0;1083,11;FUERA DE VIAJE;17
ColpetroleumRsu8;2025-12-09 02:03:04;MN-48;0;1127,3;FUERA DE VIAJE;17
ColpetroleumRsu8;2025-12-09 02:03:08;MN-48;0;1115,08;FUERA DE VIAJE;17
ColpetroleumRsu8;2025-12-09 02:03:12;MN-48;0;1140,15;FUERA DE VIAJE;17
ColpetroleumRsu8;2025-12-09 02:03:16;MN-48;0;1220,38;FUERA DE VIAJE;17
ColpetroleumRsu8;2025-12-09 02:03:20;MN-48;0;1132;FUERA DE VIAJE;17
ColpetroleumRsu8;2025-12-09 02:03:24;MN-48;0;1225,4;FUERA DE VIAJE;17
ColpetroleumRsu8;2025-12-09 02:03:28;MN-48;0;1083,11;FUERA DE VIAJE;17
ColpetroleumRsu8;2025-12-09 02:03:32;MN-48;0;1224,77;FUERA DE VIAJE;17
ColpetroleumRsu8;2025-12-09 02:03:36;MN-48;0;1066,19;FUERA DE VIAJE;17
ColpetroleumRsu8;2025-12-09 02:03:40;MN-48;0;1080,61;FUERA DE VIAJE;17
ColpetroleumRsu8;2025-12-09 02:03:44;MN-48;0;1121,35;FUERA DE VIAJE;17
ColpetroleumRsu8;2025-12-09 02:03:48;MN-48;0;1147,67;FUERA DE VIAJE;17
ColpetroleumRsu8;2025-12-09 02:03:52;MN-48;0;1243,58;FUERA DE VIAJE;17
ColpetroleumRsu8;2025-12-09 02:03:56;MN-48;0;1123,23;FUERA DE VIAJE;17
ColpetroleumRsu8;2025-12-09 02:04:00;MN-48;0;1228,53;FUERA DE VIAJE;17
ColpetroleumRsu8;2025-12-09 02:04:04;MN-48;0;1087,81;FUERA DE VIAJE;17
ColpetroleumRsu8;2025-12-09 02:04:08;MN-48;0;1108,81;FUERA DE VIAJE;17
ColpetroleumRsu8;2025-12-09 02:04:12;MN-48;0;1173,69;FUERA DE VIAJE;17
ColpetroleumRsu8;2025-12-09 02:04:16;MN-48;0;1134,51;FUERA DE VIAJE;17
ColpetroleumRsu8;2025-12-09 02:04:20;MN-48;0;1230,41;FUERA DE VIAJE;17
ColpetroleumRsu8;2025-12-09 02:04:24;MN-48;0;1120,1;FUERA DE VIAJE;17
ColpetroleumRsu8;2025-12-09 02:04:28;MN-48;0;1136,39;FUERA DE VIAJE;17
ColpetroleumRsu8;2025-12-09 02:04:32;MN-48;0;1192,18;FUERA DE VIAJE;17
ColpetroleumRsu8;2025-12-09 02:04:36;MN-48;0;1126,99;FUERA DE VIAJE;17
ColpetroleumRsu8;2025-12-09 02:04:40;MN-48;0;1229,79;FUERA DE VIAJE;17
ColpetroleumRsu8;2025-12-09 02:04:44;MN-48;0;1086,87;FUERA DE VIAJE;17
ColpetroleumRsu8;2025-12-09 02:04:48;MN-48;0;1159,58;FUERA DE VIAJE;17
ColpetroleumRsu8;2025-12-09 02:04:52;MN-48;0;1185,28;FUERA DE VIAJE;17
ColpetroleumRsu8;2025-12-09 02:04:56;MN-48;0;1147,99;FUERA DE VIAJE;17
ColpetroleumRsu8;2025-12-09 02:05:00;MN-48;0;1234,17;FUERA DE VIAJE;17
ColpetroleumRsu8;2025-12-09 02:05:04;MN-48;0;1076,53;FUERA DE VIAJE;17
ColpetroleumRsu8;2025-12-09 02:05:08;MN-48;0;1126,99;FUERA DE VIAJE;17
ColpetroleumRsu8;2025-12-09 02:05:12;MN-48;0;1226,02;FUERA DE VIAJE;17
ColpetroleumRsu8;2025-12-09 02:05:16;MN-48;0;1118,84;FUERA DE VIAJE;17
ColpetroleumRsu8;2025-12-09 02:05:20;MN-48;0;1119,47;FUERA DE VIAJE;17
ColpetroleumRsu8;2025-12-09 02:05:24;MN-48;0;1167,11;FUERA DE VIAJE;17
ColpetroleumRsu8;2025-12-09 02:05:28;MN-48;0;1158,33;FUERA DE VIAJE;17
ColpetroleumRsu8;2025-12-09 02:05:32;MN-48;0;1210,67;FUERA DE VIAJE;17
ColpetroleumRsu8;2025-12-09 02:05:36;MN-48;0;1095,02;FUERA DE VIAJE;17
ColpetroleumRsu8;2025-12-09 02:05:40;MN-48;0;1181,21;FUERA DE VIAJE;17
ColpetroleumRsu8;2025-12-09 02:05:44;MN-48;0;1283,06;FUERA DE VIAJE;17
ColpetroleumRsu8;2025-12-09 02:05:48;MN-48;0;1090,01;FUERA DE VIAJE;17
ColpetroleumRsu8;2025-12-09 02:05:52;MN-48;0;1121,66;FUERA DE VIAJE;17
ColpetroleumRsu8;2025-12-09 02:05:56;MN-48;0;1270,21;FUERA DE VIAJE;17
ColpetroleumRsu8;2025-12-09 02:06:00;MN-48;0;1089,38;FUERA DE VIAJE;17
ColpetroleumRsu8;2025-12-09 02:06:04;MN-48;0;1124,48;FUERA DE VIAJE;17
ColpetroleumRsu8;2025-12-09 02:06:08;MN-48;0;1248,28;FUERA DE VIAJE;17
ColpetroleumRsu8;2025-12-09 02:06:12;MN-48;0;1131,06;FUERA DE VIAJE;17
ColpetroleumRsu8;2025-12-09 02:06:16;MN-48;0;1131,06;FUERA DE VIAJE;17
ColpetroleumRsu8;2025-12-09 02:06:20;MN-48;0;1152,06;FUERA DE VIAJE;17
ColpetroleumRsu8;2025-12-09 02:06:24;MN-48;0;1190,3;FUERA DE VIAJE;17
ColpetroleumRsu8;2025-12-09 02:06:28;MN-48;0;1132;FUERA DE VIAJE;17
ColpetroleumRsu8;2025-12-09 02:06:32;MN-48;0;1147,05;FUERA DE VIAJE;17
ColpetroleumRsu8;2025-12-09 02:06:36;MN-48;0;1236,05;FUERA DE VIAJE;17
ColpetroleumRsu8;2025-12-09 02:06:40;MN-48;0;1116,65;FUERA DE VIAJE;17
ColpetroleumRsu8;2025-12-09 02:06:44;MN-48;0;1149,55;FUERA DE VIAJE;17
ColpetroleumRsu8;2025-12-09 02:06:48;MN-48;0;1174,31;FUERA DE VIAJE;17
ColpetroleumRsu8;2025-12-09 02:06:52;MN-48;0;1291,53;FUERA DE VIAJE;17
ColpetroleumRsu8;2025-12-09 02:06:56;MN-48;0;1175,57;FUERA DE VIAJE;17
ColpetroleumRsu8;2025-12-09 02:07:00;MN-48;0;1132,94;FUERA DE VIAJE;17
ColpetroleumRsu8;2025-12-09 02:07:04;MN-48;0;1175,88;FUERA DE VIAJE;17
ColpetroleumRsu8;2025-12-09 02:07:08;MN-48;0;1176,51;FUERA DE VIAJE;17
ColpetroleumRsu8;2025-12-09 02:07:12;MN-48;0;1163,34;FUERA DE VIAJE;17
ColpetroleumRsu8;2025-12-09 02:07:16;MN-48;0;1261,75;FUERA DE VIAJE;17
ColpetroleumRsu8;2025-12-09 02:07:20;MN-48;0;1300,93;FUERA DE VIAJE;17
ColpetroleumRsu8;2025-12-09 02:07:24;MN-48;0;1199,7;FUERA DE VIAJE;17
ColpetroleumRsu8;2025-12-09 02:07:28;MN-48;0;1146,73;FUERA DE VIAJE;17
ColpetroleumRsu8;2025-12-09 02:07:32;MN-48;0;1125,74;FUERA DE VIAJE;17
ColpetroleumRsu8;2025-12-09 02:07:36;MN-48;0;1117,59;FUERA DE VIAJE;17
ColpetroleumRsu8;2025-12-09 02:07:40;MN-48;0;1143,6;FUERA DE VIAJE;17
ColpetroleumRsu8;2025-12-09 02:07:44;MN-48;0;1191,86;FUERA DE VIAJE;17
ColpetroleumRsu8;2025-12-09 02:07:48;MN-48;0;1196,57;FUERA DE VIAJE;17
ColpetroleumRsu8;2025-12-09 02:07:52;MN-48;0;1193,43;FUERA DE VIAJE;17
ColpetroleumRsu8;2025-12-09 02:07:56;MN-48;0;1193,74;FUERA DE VIAJE;17
ColpetroleumRsu8;2025-12-09 02:08:00;MN-48;0;1120,72;FUERA DE VIAJE;17
ColpetroleumRsu8;2025-12-09 02:08:04;MN-48;0;1167,11;FUERA DE VIAJE;17
ColpetroleumRsu8;2025-12-09 02:08:08;MN-48;0;1122,92;FUERA DE VIAJE;17
ColpetroleumRsu8;2025-12-09 02:08:12;MN-48;0;1161,46;FUERA DE VIAJE;17
ColpetroleumRsu8;2025-12-09 02:08:16;MN-48;0;1262,38;FUERA DE VIAJE;17
ColpetroleumRsu8;2025-12-09 02:08:20;MN-48;0;1314,09;FUERA DE VIAJE;17
ColpetroleumRsu8;2025-12-09 02:08:24;MN-48;0;1318,16;FUERA DE VIAJE;17
ColpetroleumRsu8;2025-12-09 02:08:28;MN-48;0;1287,76;FUERA DE VIAJE;17
ColpetroleumRsu8;2025-12-09 02:08:32;MN-48;0;1191,55;FUERA DE VIAJE;17
ColpetroleumRsu8;2025-12-09 02:08:36;MN-48;0;1196,57;FUERA DE VIAJE;17
ColpetroleumRsu8;2025-12-09 02:08:40;MN-48;0;1196,57;FUERA DE VIAJE;17
ColpetroleumRsu8;2025-12-09 02:08:44;MN-48;0;1249,84;FUERA DE VIAJE;17
ColpetroleumRsu8;2025-12-09 02:08:48;MN-48;0;1303,12;FUERA DE VIAJE;17
ColpetroleumRsu8;2025-12-09 02:08:52;MN-48;0;1209,1;FUERA DE VIAJE;17
ColpetroleumRsu8;2025-12-09 02:08:56;MN-48;0;1168,99;FUERA DE VIAJE;17
ColpetroleumRsu8;2025-12-09 02:09:00;MN-48;0;1164,6;FUERA DE VIAJE;17
ColpetroleumRsu8;2025-12-09 02:09:04;MN-48;0;1241,38;FUERA DE VIAJE;17
ColpetroleumRsu8;2025-12-09 02:09:08;MN-48;0;1325,69;FUERA DE VIAJE;17
ColpetroleumRsu8;2025-12-09 02:09:12;MN-48;0;1236,05;FUERA DE VIAJE;17
ColpetroleumRsu8;2025-12-09 02:09:16;MN-48;0;1188,42;FUERA DE VIAJE;17
ColpetroleumRsu8;2025-12-09 02:09:20;MN-48;0;1353,27;FUERA DE VIAJE;17
ColpetroleumRsu8;2025-12-09 02:09:24;MN-48;0;1210,35;FUERA DE VIAJE;17
ColpetroleumRsu8;2025-12-09 02:09:28;MN-48;0;1216,94;FUERA DE VIAJE;17
ColpetroleumRsu8;2025-12-09 02:09:32;MN-48;0;1310,64;FUERA DE VIAJE;17
ColpetroleumRsu8;2025-12-09 02:09:36;MN-48;0;1315,34;FUERA DE VIAJE;17
ColpetroleumRsu8;2025-12-09 02:09:40;MN-48;0;1272,41;FUERA DE VIAJE;17
ColpetroleumRsu8;2025-12-09 02:09:44;MN-48;0;1294,35;FUERA DE VIAJE;17
ColpetroleumRsu8;2025-12-09 02:09:48;MN-48;0;1216,31;FUERA DE VIAJE;17
ColpetroleumRsu8;2025-12-09 02:09:52;MN-48;0;1180,9;FUERA DE VIAJE;17
ColpetroleumRsu8;2025-12-09 02:09:56;MN-48;0;1366,43;FUERA DE VIAJE;17
ColpetroleumRsu8;2025-12-09 02:10:00;MN-48;0;1240,75;FUERA DE VIAJE;17
ColpetroleumRsu8;2025-12-09 02:10:04;MN-48;0;1268,96;FUERA DE VIAJE;17
ColpetroleumRsu8;2025-12-09 02:10:08;MN-48;0;1225,71;FUERA DE VIAJE;17
ColpetroleumRsu8;2025-12-09 02:10:12;MN-48;0;1194,37;FUERA DE VIAJE;17
ColpetroleumRsu8;2025-12-09 02:10:16;MN-48;0;1321,61;FUERA DE VIAJE;17
ColpetroleumRsu8;2025-12-09 02:10:20;MN-48;0;1176,51;FUERA DE VIAJE;17
ColpetroleumRsu8;2025-12-09 02:10:24;MN-48;0;1336,34;FUERA DE VIAJE;17
ColpetroleumRsu8;2025-12-09 02:10:28;MN-48;0;1190,3;FUERA DE VIAJE;17
ColpetroleumRsu8;2025-12-09 02:10:32;MN-48;0;1320,05;FUERA DE VIAJE;17
ColpetroleumRsu8;2025-12-09 02:10:36;MN-48;0;1246,4;FUERA DE VIAJE;17
ColpetroleumRsu8;2025-12-09 02:10:40;MN-48;0;1234,49;FUERA DE VIAJE;17
ColpetroleumRsu8;2025-12-09 02:10:44;MN-48;0;1193,74;FUERA DE VIAJE;17
ColpetroleumRsu8;2025-12-09 02:10:48;MN-48;0;1296,54;FUERA DE VIAJE;17
ColpetroleumRsu8;2025-12-09 02:10:52;MN-48;0;1345,12;FUERA DE VIAJE;17
ColpetroleumRsu8;2025-12-09 02:10:56;MN-48;0;1343,24;FUERA DE VIAJE;17
ColpetroleumRsu8;2025-12-09 02:11:00;MN-48;0;1362,98;FUERA DE VIAJE;17
ColpetroleumRsu8;2025-12-09 02:11:04;MN-48;0;1229,16;FUERA DE VIAJE;17
ColpetroleumRsu8;2025-12-09 02:11:08;MN-48;0;1397,14;FUERA DE VIAJE;17
ColpetroleumRsu8;2025-12-09 02:11:12;MN-48;0;1246,4;FUERA DE VIAJE;17
ColpetroleumRsu8;2025-12-09 02:11:16;MN-48;0;1263,95;FUERA DE VIAJE;17
ColpetroleumRsu8;2025-12-09 02:11:20;MN-48;0;1352,33;FUERA DE VIAJE;17
ColpetroleumRsu8;2025-12-09 02:11:24;MN-48;0;1258,62;FUERA DE VIAJE;17
ColpetroleumRsu8;2025-12-09 02:11:28;MN-48;0;1283,69;FUERA DE VIAJE;17
ColpetroleumRsu8;2025-12-09 02:11:32;MN-48;0;1337,28;FUERA DE VIAJE;17
ColpetroleumRsu8;2025-12-09 02:11:36;MN-48;0;1282,75;FUERA DE VIAJE;17
ColpetroleumRsu8;2025-12-09 02:11:40;MN-48;0;1246,08;FUERA DE VIAJE;17
ColpetroleumRsu8;2025-12-09 02:11:44;MN-48;0;1387,11;FUERA DE VIAJE;17
ColpetroleumRsu8;2025-12-09 02:11:48;MN-48;0;1301,24;FUERA DE VIAJE;17
ColpetroleumRsu8;2025-12-09 02:11:53;MN-48;0;1310,64;FUERA DE VIAJE;17
ColpetroleumRsu8;2025-12-09 02:11:57;MN-48;0;1365,17;FUERA DE VIAJE;17
ColpetroleumRsu8;2025-12-09 02:12:01;MN-48;0;1270,84;FUERA DE VIAJE;17
ColpetroleumRsu8;2025-12-09 02:12:05;MN-48;0;1322,55;FUERA DE VIAJE;17
ColpetroleumRsu8;2025-12-09 02:12:09;MN-48;0;1414,69;FUERA DE VIAJE;17
ColpetroleumRsu8;2025-12-09 02:12:13;MN-48;0;1389,62;FUERA DE VIAJE;17
ColpetroleumRsu8;2025-12-09 02:12:17;MN-48;0;1205,97;FUERA DE VIAJE;17
ColpetroleumRsu8;2025-12-09 02:12:21;MN-48;0;1296,23;FUERA DE VIAJE;17
ColpetroleumRsu8;2025-12-09 02:12:25;MN-48;0;1290,59;FUERA DE VIAJE;17
ColpetroleumRsu8;2025-12-09 02:12:29;MN-48;0;1378,02;FUERA DE VIAJE;17
ColpetroleumRsu8;2025-12-09 02:12:33;MN-48;0;1412,19;FUERA DE VIAJE;17
ColpetroleumRsu8;2025-12-09 02:12:37;MN-48;0;1315,34;FUERA DE VIAJE;17
ColpetroleumRsu8;2025-12-09 02:12:41;MN-48;0;1220,7;FUERA DE VIAJE;17
ColpetroleumRsu8;2025-12-09 02:12:45;MN-48;0;1299,36;FUERA DE VIAJE;17
ColpetroleumRsu8;2025-12-09 02:12:49;MN-48;0;1373,32;FUERA DE VIAJE;17
ColpetroleumRsu8;2025-12-09 02:12:53;MN-48;0;1288,71;FUERA DE VIAJE;17
ColpetroleumRsu8;2025-12-09 02:12:57;MN-48;0;1382,41;FUERA DE VIAJE;17
ColpetroleumRsu8;2025-12-09 02:13:01;MN-48;0;1345,74;FUERA DE VIAJE;17
ColpetroleumRsu8;2025-12-09 02:13:05;MN-48;0;1293,72;FUERA DE VIAJE;17
ColpetroleumRsu8;2025-12-09 02:13:09;MN-48;0;1215,68;FUERA DE VIAJE;17
ColpetroleumRsu8;2025-12-09 02:13:13;MN-48;0;1243,58;FUERA DE VIAJE;17
ColpetroleumRsu8;2025-12-09 02:13:17;MN-48;0;1272,41;FUERA DE VIAJE;17
ColpetroleumRsu8;2025-12-09 02:13:21;MN-48;0;1302,81;FUERA DE VIAJE;17
ColpetroleumRsu8;2025-12-09 02:13:25;MN-48;0;1297,48;FUERA DE VIAJE;17
ColpetroleumRsu8;2025-12-09 02:13:29;MN-48;0;1302,49;FUERA DE VIAJE;17
ColpetroleumRsu8;2025-12-09 02:13:33;MN-48;0;1323,81;FUERA DE VIAJE;17
ColpetroleumRsu8;2025-12-09 02:13:37;MN-48;0;1316,6;FUERA DE VIAJE;17
ColpetroleumRsu8;2025-12-09 02:13:41;MN-48;0;1313,15;FUERA DE VIAJE;17
ColpetroleumRsu8;2025-12-09 02:13:45;MN-48;0;1306,88;FUERA DE VIAJE;17
ColpetroleumRsu8;2025-12-09 02:13:49;MN-48;0;1415,63;FUERA DE VIAJE;17
ColpetroleumRsu8;2025-12-09 02:13:53;MN-48;0;1267,39;FUERA DE VIAJE;17
ColpetroleumRsu8;2025-12-09 02:13:57;MN-48;0;1415,95;FUERA DE VIAJE;17
ColpetroleumRsu8;2025-12-09 02:14:01;MN-48;0;1391,5;FUERA DE VIAJE;17
ColpetroleumRsu8;2025-12-09 02:14:05;MN-48;0;1318,48;FUERA DE VIAJE;17
ColpetroleumRsu8;2025-12-09 02:14:09;MN-48;0;1280,24;FUERA DE VIAJE;17
ColpetroleumRsu8;2025-12-09 02:14:13;MN-48;0;1347;FUERA DE VIAJE;17
ColpetroleumRsu8;2025-12-09 02:14:17;MN-48;0;1329,45;FUERA DE VIAJE;17
ColpetroleumRsu8;2025-12-09 02:14:21;MN-48;0;1310,33;FUERA DE VIAJE;17
ColpetroleumRsu8;2025-12-09 02:14:25;MN-48;0;1320,36;FUERA DE VIAJE;17
ColpetroleumRsu8;2025-12-09 02:14:29;MN-48;0;1349,5;FUERA DE VIAJE;17
ColpetroleumRsu8;2025-12-09 02:14:33;MN-48;0;1334,78;FUERA DE VIAJE;17
ColpetroleumRsu8;2025-12-09 02:14:37;MN-48;0;1293,09;FUERA DE VIAJE;17
ColpetroleumRsu8;2025-12-09 02:14:41;MN-48;0;1451,36;FUERA DE VIAJE;17
ColpetroleumRsu8;2025-12-09 02:14:45;MN-48;0;1362,67;FUERA DE VIAJE;17
ColpetroleumRsu8;2025-12-09 02:14:49;MN-48;0;1380,84;FUERA DE VIAJE;17
ColpetroleumRsu8;2025-12-09 02:14:53;MN-48;0;1421,59;FUERA DE VIAJE;17
ColpetroleumRsu8;2025-12-09 02:14:57;MN-48;0;1346,06;FUERA DE VIAJE;17
ColpetroleumRsu8;2025-12-09 02:15:01;MN-48;0;1415,01;FUERA DE VIAJE;17
ColpetroleumRsu8;2025-12-09 02:15:05;MN-48;0;1452,3;FUERA DE VIAJE;17
ColpetroleumRsu8;2025-12-09 02:15:09;MN-48;0;1351,39;FUERA DE VIAJE;17
ColpetroleumRsu8;2025-12-09 02:15:13;MN-48;0;1304,69;FUERA DE VIAJE;17
ColpetroleumRsu8;2025-12-09 02:15:17;MN-48;0;1455,43;FUERA DE VIAJE;17
ColpetroleumRsu8;2025-12-09 02:15:21;MN-48;0;1359,85;FUERA DE VIAJE;17
ColpetroleumRsu8;2025-12-09 02:15:25;MN-48;0;1408,42;FUERA DE VIAJE;17
ColpetroleumRsu8;2025-12-09 02:15:29;MN-48;0;1345,12;FUERA DE VIAJE;17
ColpetroleumRsu8;2025-12-09 02:15:33;MN-48;0;1292,15;FUERA DE VIAJE;17
ColpetroleumRsu8;2025-12-09 02:15:37;MN-48;0;1308,14;FUERA DE VIAJE;17
ColpetroleumRsu8;2025-12-09 02:15:41;MN-48;0;1360,16;FUERA DE VIAJE;17
ColpetroleumRsu8;2025-12-09 02:15:45;MN-48;0;1399,02;FUERA DE VIAJE;17
ColpetroleumRsu8;2025-12-09 02:15:49;MN-48;0;1424,09;FUERA DE VIAJE;17
ColpetroleumRsu8;2025-12-09 02:15:53;MN-48;0;1328,51;FUERA DE VIAJE;17
ColpetroleumRsu8;2025-12-09 02:15:57;MN-48;0;1340,1;FUERA DE VIAJE;17
ColpetroleumRsu8;2025-12-09 02:16:01;MN-48;0;1482,39;FUERA DE VIAJE;17
ColpetroleumRsu8;2025-12-09 02:16:05;MN-48;0;1443,21;FUERA DE VIAJE;17
ColpetroleumRsu8;2025-12-09 02:16:09;MN-48;0;1309,08;FUERA DE VIAJE;17
ColpetroleumRsu8;2025-12-09 02:16:13;MN-48;0;1449,79;FUERA DE VIAJE;17
ColpetroleumRsu8;2025-12-09 02:16:17;MN-48;0;1347,62;FUERA DE VIAJE;17
ColpetroleumRsu8;2025-12-09 02:16:21;MN-48;0;1338,85;FUERA DE VIAJE;17
ColpetroleumRsu8;2025-12-09 02:16:25;MN-48;0;1483,64;FUERA DE VIAJE;17
ColpetroleumRsu8;2025-12-09 02:16:29;MN-48;0;1355,15;FUERA DE VIAJE;17
ColpetroleumRsu8;2025-12-09 02:16:33;MN-48;0;1278,05;FUERA DE VIAJE;17
ColpetroleumRsu8;2025-12-09 02:16:37;MN-48;0;1397,14;FUERA DE VIAJE;17
ColpetroleumRsu8;2025-12-09 02:16:41;MN-48;0;1381,79;FUERA DE VIAJE;17
ColpetroleumRsu8;2025-12-09 02:16:45;MN-48;0;1349,5;FUERA DE VIAJE;17
ColpetroleumRsu8;2025-12-09 02:16:49;MN-48;0;1442,9;FUERA DE VIAJE;17
ColpetroleumRsu8;2025-12-09 02:16:53;MN-48;0;1352,01;FUERA DE VIAJE;17
ColpetroleumRsu8;2025-12-09 02:16:57;MN-48;0;1318,79;FUERA DE VIAJE;17
ColpetroleumRsu8;2025-12-09 02:17:01;MN-48;0;1473,3;FUERA DE VIAJE;17
ColpetroleumRsu8;2025-12-09 02:17:05;MN-48;0;1419,08;FUERA DE VIAJE;17
ColpetroleumRsu8;2025-12-09 02:17:09;MN-48;0;1372,7;FUERA DE VIAJE;17
ColpetroleumRsu8;2025-12-09 02:17:13;MN-48;0;1397,14;FUERA DE VIAJE;17
ColpetroleumRsu8;2025-12-09 02:17:17;MN-48;0;1358,91;FUERA DE VIAJE;17
ColpetroleumRsu8;2025-12-09 02:17:21;MN-48;0;1280,87;FUERA DE VIAJE;17
ColpetroleumRsu8;2025-12-09 02:17:25;MN-48;0;1464,21;FUERA DE VIAJE;17
ColpetroleumRsu8;2025-12-09 02:17:29;MN-48;0;1362,98;FUERA DE VIAJE;17
ColpetroleumRsu8;2025-12-09 02:17:33;MN-48;0;1392,44;FUERA DE VIAJE;17
ColpetroleumRsu8;2025-12-09 02:17:37;MN-48;0;1358,91;FUERA DE VIAJE;17
ColpetroleumRsu8;2025-12-09 02:17:41;MN-48;0;1348,25;FUERA DE VIAJE;17
ColpetroleumRsu8;2025-12-09 02:17:45;MN-48;0;1465,46;FUERA DE VIAJE;17
ColpetroleumRsu8;2025-12-09 02:17:49;MN-48;0;1441,64;FUERA DE VIAJE;17
ColpetroleumRsu8;2025-12-09 02:17:53;MN-48;0;1398,71;FUERA DE VIAJE;17
ColpetroleumRsu8;2025-12-09 02:17:57;MN-48;0;1374,89;FUERA DE VIAJE;17
ColpetroleumRsu8;2025-12-09 02:18:01;MN-48;0;1394,63;FUERA DE VIAJE;17
ColpetroleumRsu8;2025-12-09 02:18:05;MN-48;0;1338,22;FUERA DE VIAJE;17
ColpetroleumRsu8;2025-12-09 02:18:09;MN-48;0;1316,91;FUERA DE VIAJE;17
ColpetroleumRsu8;2025-12-09 02:18:13;MN-48;0;1347,31;FUERA DE VIAJE;17
ColpetroleumRsu8;2025-12-09 02:18:17;MN-48;0;1386,17;FUERA DE VIAJE;17
ColpetroleumRsu8;2025-12-09 02:18:21;MN-48;0;1373,01;FUERA DE VIAJE;17
ColpetroleumRsu8;2025-12-09 02:18:25;MN-48;0;1408,74;FUERA DE VIAJE;17
ColpetroleumRsu8;2025-12-09 02:18:29;MN-48;0;1343,24;FUERA DE VIAJE;17
ColpetroleumRsu8;2025-12-09 02:18:33;MN-48;0;1429,11;FUERA DE VIAJE;17
ColpetroleumRsu8;2025-12-09 02:18:37;MN-48;0;1464,52;FUERA DE VIAJE;17
ColpetroleumRsu8;2025-12-09 02:18:41;MN-48;0;1362,35;FUERA DE VIAJE;17
ColpetroleumRsu8;2025-12-09 02:18:45;MN-48;0;1448,54;FUERA DE VIAJE;17
ColpetroleumRsu8;2025-12-09 02:18:49;MN-48;0;1407,17;FUERA DE VIAJE;17
ColpetroleumRsu8;2025-12-09 02:18:53;MN-48;0;1382,73;FUERA DE VIAJE;17
ColpetroleumRsu8;2025-12-09 02:18:57;MN-48;0;1366,74;FUERA DE VIAJE;17
ColpetroleumRsu8;2025-12-09 02:19:01;MN-48;0;1353,27;FUERA DE VIAJE;17
ColpetroleumRsu8;2025-12-09 02:19:05;MN-48;0;1432,87;FUERA DE VIAJE;17
ColpetroleumRsu8;2025-12-09 02:19:09;MN-48;0;1468,6;FUERA DE VIAJE;17
ColpetroleumRsu8;2025-12-09 02:19:13;MN-48;0;1399,65;FUERA DE VIAJE;17
ColpetroleumRsu8;2025-12-09 02:19:17;MN-48;0;1388,99;FUERA DE VIAJE;17
ColpetroleumRsu8;2025-12-09 02:19:21;MN-48;0;1427,86;FUERA DE VIAJE;17
ColpetroleumRsu8;2025-12-09 02:19:25;MN-48;0;1342,3;FUERA DE VIAJE;17
ColpetroleumRsu8;2025-12-09 02:19:29;MN-48;0;1278,99;FUERA DE VIAJE;17
ColpetroleumRsu8;2025-12-09 02:19:33;MN-48;0;1474,24;FUERA DE VIAJE;17
ColpetroleumRsu8;2025-12-09 02:19:37;MN-48;0;1371,44;FUERA DE VIAJE;17
ColpetroleumRsu8;2025-12-09 02:19:41;MN-48;0;1396,83;FUERA DE VIAJE;17
ColpetroleumRsu8;2025-12-09 02:19:45;MN-48;0;1358,59;FUERA DE VIAJE;17
ColpetroleumRsu8;2025-12-09 02:19:49;MN-48;0;1350,45;FUERA DE VIAJE;17
ColpetroleumRsu8;2025-12-09 02:19:53;MN-48;0;1460,45;FUERA DE VIAJE;17
ColpetroleumRsu8;2025-12-09 02:19:57;MN-48;0;1365,17;FUERA DE VIAJE;17
ColpetroleumRsu8;2025-12-09 02:20:01;MN-48;0;1394,01;FUERA DE VIAJE;17
ColpetroleumRsu8;2025-12-09 02:20:05;MN-48;0;1425,35;FUERA DE VIAJE;17
ColpetroleumRsu8;2025-12-09 02:20:09;MN-48;0;1343,24;FUERA DE VIAJE;17
ColpetroleumRsu8;2025-12-09 02:20:13;MN-48;0;1340,1;FUERA DE VIAJE;17
ColpetroleumRsu8;2025-12-09 02:20:17;MN-48;0;1433,18;FUERA DE VIAJE;17
ColpetroleumRsu8;2025-12-09 02:20:21;MN-48;0;1444,78;FUERA DE VIAJE;17
ColpetroleumRsu8;2025-12-09 02:20:25;MN-48;0;1374,58;FUERA DE VIAJE;17
ColpetroleumRsu8;2025-12-09 02:20:29;MN-48;0;1447,91;FUERA DE VIAJE;17
ColpetroleumRsu8;2025-12-09 02:20:33;MN-48;0;1322,87;FUERA DE VIAJE;17
ColpetroleumRsu8;2025-12-09 02:20:37;MN-48;0;1326,63;FUERA DE VIAJE;17
ColpetroleumRsu8;2025-12-09 02:20:41;MN-48;0;1445,41;FUERA DE VIAJE;17
ColpetroleumRsu8;2025-12-09 02:20:45;MN-48;0;1337,91;FUERA DE VIAJE;17
ColpetroleumRsu8;2025-12-09 02:20:49;MN-48;0;1333,83;FUERA DE VIAJE;17
ColpetroleumRsu8;2025-12-09 02:20:53;MN-48;0;1425,35;FUERA DE VIAJE;17
ColpetroleumRsu8;2025-12-09 02:20:57;MN-48;0;1360,16;FUERA DE VIAJE;17
ColpetroleumRsu8;2025-12-09 02:21:01;MN-48;0;1276,17;FUERA DE VIAJE;17
ColpetroleumRsu8;2025-12-09 02:21:05;MN-48;0;1438,82;FUERA DE VIAJE;17
ColpetroleumRsu8;2025-12-09 02:21:09;MN-48;0;1284,94;FUERA DE VIAJE;17
ColpetroleumRsu8;2025-12-09 02:21:13;MN-48;0;1368,31;FUERA DE VIAJE;17
ColpetroleumRsu8;2025-12-09 02:21:17;MN-48;0;1426,6;FUERA DE VIAJE;17
ColpetroleumRsu8;2025-12-09 02:21:21;MN-48;0;1349,19;FUERA DE VIAJE;17
ColpetroleumRsu8;2025-12-09 02:21:25;MN-48;0;1421,59;FUERA DE VIAJE;17
ColpetroleumRsu8;2025-12-09 02:21:29;MN-48;0;1351,39;FUERA DE VIAJE;17
ColpetroleumRsu8;2025-12-09 02:21:33;MN-48;0;1345,74;FUERA DE VIAJE;17
ColpetroleumRsu8;2025-12-09 02:21:37;MN-48;0;1474,87;FUERA DE VIAJE;17
ColpetroleumRsu8;2025-12-09 02:21:41;MN-48;0;1394,63;FUERA DE VIAJE;17
ColpetroleumRsu8;2025-12-09 02:21:45;MN-48;0;1358,91;FUERA DE VIAJE;17
ColpetroleumRsu8;2025-12-09 02:21:49;MN-48;0;1454,81;FUERA DE VIAJE;17
ColpetroleumRsu8;2025-12-09 02:21:53;MN-48;0;1348,88;FUERA DE VIAJE;17
ColpetroleumRsu8;2025-12-09 02:21:57;MN-48;0;1308,76;FUERA DE VIAJE;17
ColpetroleumRsu8;2025-12-09 02:22:01;MN-48;0;1448,54;FUERA DE VIAJE;17
ColpetroleumRsu8;2025-12-09 02:22:05;MN-48;0;1405,29;FUERA DE VIAJE;17
ColpetroleumRsu8;2025-12-09 02:22:09;MN-48;0;1423,47;FUERA DE VIAJE;17
ColpetroleumRsu8;2025-12-09 02:22:13;MN-48;0;1433,5;FUERA DE VIAJE;17
ColpetroleumRsu8;2025-12-09 02:22:17;MN-48;0;1330,39;FUERA DE VIAJE;17
ColpetroleumRsu8;2025-12-09 02:22:21;MN-48;0;1303,43;FUERA DE VIAJE;17
ColpetroleumRsu8;2025-12-09 02:22:25;MN-48;0;1436,63;FUERA DE VIAJE;17
ColpetroleumRsu8;2025-12-09 02:22:29;MN-48;0;1370,82;FUERA DE VIAJE;17
ColpetroleumRsu8;2025-12-09 02:22:33;MN-48;0;1438,2;FUERA DE VIAJE;17
ColpetroleumRsu8;2025-12-09 02:22:37;MN-48;0;1320,67;FUERA DE VIAJE;17
ColpetroleumRsu8;2025-12-09 02:22:41;MN-48;0;1333,21;FUERA DE VIAJE;17
ColpetroleumRsu8;2025-12-09 02:22:45;MN-48;0;1313,46;FUERA DE VIAJE;17
ColpetroleumRsu8;2025-12-09 02:22:49;MN-48;0;1425,35;FUERA DE VIAJE;17
ColpetroleumRsu8;2025-12-09 02:22:53;MN-48;0;1388,68;FUERA DE VIAJE;17
ColpetroleumRsu8;2025-12-09 02:22:57;MN-48;0;1431,3;FUERA DE VIAJE;17
ColpetroleumRsu8;2025-12-09 02:23:01;MN-48;0;1356,4;FUERA DE VIAJE;17
ColpetroleumRsu8;2025-12-09 02:23:05;MN-48;0;1281,81;FUERA DE VIAJE;17
ColpetroleumRsu8;2025-12-09 02:23:09;MN-48;0;1479,57;FUERA DE VIAJE;17
ColpetroleumRsu8;2025-12-09 02:23:13;MN-48;0;1385,23;FUERA DE VIAJE;17
ColpetroleumRsu8;2025-12-09 02:23:17;MN-48;0;1346,06;FUERA DE VIAJE;17
ColpetroleumRsu8;2025-12-09 02:23:21;MN-48;0;1449,17;FUERA DE VIAJE;17
ColpetroleumRsu8;2025-12-09 02:23:25;MN-48;0;1346,06;FUERA DE VIAJE;17
ColpetroleumRsu8;2025-12-09 02:23:29;MN-48;0;1314,09;FUERA DE VIAJE;17
ColpetroleumRsu8;2025-12-09 02:23:33;MN-48;0;1451,67;FUERA DE VIAJE;17
ColpetroleumRsu8;2025-12-09 02:23:37;MN-48;0;1333,52;FUERA DE VIAJE;17
ColpetroleumRsu8;2025-12-09 02:23:41;MN-48;0;1430,36;FUERA DE VIAJE;17
ColpetroleumRsu8;2025-12-09 02:23:45;MN-48;0;1436,32;FUERA DE VIAJE;17
ColpetroleumRsu8;2025-12-09 02:23:49;MN-48;0;1373,64;FUERA DE VIAJE;17
ColpetroleumRsu8;2025-12-09 02:23:53;MN-48;0;1316,28;FUERA DE VIAJE;17
ColpetroleumRsu8;2025-12-09 02:23:57;MN-48;0;1420,33;FUERA DE VIAJE;17
ColpetroleumRsu8;2025-12-09 02:24:01;MN-48;0;1368,62;FUERA DE VIAJE;17
ColpetroleumRsu8;2025-12-09 02:24:05;MN-48;0;1454,81;FUERA DE VIAJE;17
ColpetroleumRsu8;2025-12-09 02:24:09;MN-48;0;1317,85;FUERA DE VIAJE;17
ColpetroleumRsu8;2025-12-09 02:24:13;MN-48;0;1380,84;FUERA DE VIAJE;17
ColpetroleumRsu8;2025-12-09 02:24:17;MN-48;0;1383,35;FUERA DE VIAJE;17
ColpetroleumRsu8;2025-12-09 02:24:21;MN-48;0;1389,62;FUERA DE VIAJE;17
ColpetroleumRsu8;2025-12-09 02:24:25;MN-48;0;1374,58;FUERA DE VIAJE;17
ColpetroleumRsu8;2025-12-09 02:24:29;MN-48;0;1468,91;FUERA DE VIAJE;17
ColpetroleumRsu8;2025-12-09 02:24:33;MN-48;0;1363,61;FUERA DE VIAJE;17
ColpetroleumRsu8;2025-12-09 02:24:37;MN-48;0;1285,26;FUERA DE VIAJE;17
ColpetroleumRsu8;2025-12-09 02:24:41;MN-48;0;1454,18;FUERA DE VIAJE;17
ColpetroleumRsu8;2025-12-09 02:24:45;MN-48;0;1357,34;FUERA DE VIAJE;17
ColpetroleumRsu8;2025-12-09 02:24:49;MN-48;0;1405,92;FUERA DE VIAJE;17
ColpetroleumRsu8;2025-12-09 02:24:53;MN-48;0;1352,64;FUERA DE VIAJE;17
ColpetroleumRsu8;2025-12-09 02:24:57;MN-48;0;1349,19;FUERA DE VIAJE;17
ColpetroleumRsu8;2025-12-09 02:25:01;MN-48;0;1460,76;FUERA DE VIAJE;17
ColpetroleumRsu8;2025-12-09 02:25:05;MN-48;0;1450,11;FUERA DE VIAJE;17
ColpetroleumRsu8;2025-12-09 02:25:09;MN-48;0;1410,93;FUERA DE VIAJE;17
ColpetroleumRsu8;2025-12-09 02:25:13;MN-48;0;1429,11;FUERA DE VIAJE;17
ColpetroleumRsu8;2025-12-09 02:25:17;MN-48;0;1444,78;FUERA DE VIAJE;17
ColpetroleumRsu8;2025-12-09 02:25:21;MN-48;0;1276,8;FUERA DE VIAJE;17
ColpetroleumRsu8;2025-12-09 02:25:25;MN-48;0;1350,13;FUERA DE VIAJE;17
ColpetroleumRsu8;2025-12-09 02:25:29;MN-48;0;1406,54;FUERA DE VIAJE;17
ColpetroleumRsu8;2025-12-09 02:25:33;MN-48;0;1357,65;FUERA DE VIAJE;17
ColpetroleumRsu8;2025-12-09 02:25:37;MN-48;0;1429,74;FUERA DE VIAJE;17
ColpetroleumRsu8;2025-12-09 02:25:41;MN-48;0;1362,98;FUERA DE VIAJE;17
ColpetroleumRsu8;2025-12-09 02:25:45;MN-48;0;1305;FUERA DE VIAJE;17
ColpetroleumRsu8;2025-12-09 02:25:49;MN-48;0;1473,61;FUERA DE VIAJE;17
ColpetroleumRsu8;2025-12-09 02:25:53;MN-48;0;1362,67;FUERA DE VIAJE;17
ColpetroleumRsu8;2025-12-09 02:25:57;MN-48;0;1341,98;FUERA DE VIAJE;17
ColpetroleumRsu8;2025-12-09 02:26:01;MN-48;0;1353,27;FUERA DE VIAJE;17
ColpetroleumRsu8;2025-12-09 02:26:05;MN-48;0;1368,31;FUERA DE VIAJE;17
ColpetroleumRsu8;2025-12-09 02:26:09;MN-48;0;1295,6;FUERA DE VIAJE;17
ColpetroleumRsu8;2025-12-09 02:26:13;MN-48;0;1435,38;FUERA DE VIAJE;17
ColpetroleumRsu8;2025-12-09 02:26:17;MN-48;0;1364,23;FUERA DE VIAJE;17
ColpetroleumRsu8;2025-12-09 02:26:21;MN-48;0;1376,46;FUERA DE VIAJE;17
ColpetroleumRsu8;2025-12-09 02:26:25;MN-48;0;1357,03;FUERA DE VIAJE;17
ColpetroleumRsu8;2025-12-09 02:26:29;MN-48;0;1342,92;FUERA DE VIAJE;17
ColpetroleumRsu8;2025-12-09 02:26:33;MN-48;0;1300,61;FUERA DE VIAJE;17
ColpetroleumRsu8;2025-12-09 02:26:37;MN-48;0;1446,66;FUERA DE VIAJE;17
ColpetroleumRsu8;2025-12-09 02:26:41;MN-48;0;1365,49;FUERA DE VIAJE;17
ColpetroleumRsu8;2025-12-09 02:26:45;MN-48;0;1277,42;FUERA DE VIAJE;17
ColpetroleumRsu8;2025-12-09 02:26:49;MN-48;0;1437,26;FUERA DE VIAJE;17
ColpetroleumRsu8;2025-12-09 02:26:53;MN-48;0;1334,78;FUERA DE VIAJE;17
ColpetroleumRsu8;2025-12-09 02:26:57;MN-48;0;1296,23;FUERA DE VIAJE;17
ColpetroleumRsu8;2025-12-09 02:27:01;MN-48;0;1326,63;FUERA DE VIAJE;17
ColpetroleumRsu8;2025-12-09 02:27:05;MN-48;0;1320,67;FUERA DE VIAJE;17
ColpetroleumRsu8;2025-12-09 02:27:09;MN-48;0;1335,4;FUERA DE VIAJE;17
ColpetroleumRsu8;2025-12-09 02:27:13;MN-48;0;1355,77;FUERA DE VIAJE;17
ColpetroleumRsu8;2025-12-09 02:27:17;MN-48;0;1369,56;FUERA DE VIAJE;17
ColpetroleumRsu8;2025-12-09 02:27:21;MN-48;0;1413,75;FUERA DE VIAJE;17
ColpetroleumRsu8;2025-12-09 02:27:25;MN-48;0;1341,98;FUERA DE VIAJE;17
ColpetroleumRsu8;2025-12-09 02:27:29;MN-48;0;1287,45;FUERA DE VIAJE;17
ColpetroleumRsu8;2025-12-09 02:27:33;MN-48;0;1291,84;FUERA DE VIAJE;17
ColpetroleumRsu8;2025-12-09 02:27:37;MN-48;0;1410,3;FUERA DE VIAJE;17
ColpetroleumRsu8;2025-12-09 02:27:41;MN-48;0;1408,74;FUERA DE VIAJE;17
ColpetroleumRsu8;2025-12-09 02:27:45;MN-48;0;1346,37;FUERA DE VIAJE;17
ColpetroleumRsu8;2025-12-09 02:27:49;MN-48;0;1363,29;FUERA DE VIAJE;17
ColpetroleumRsu8;2025-12-09 02:27:53;MN-48;0;1304,06;FUERA DE VIAJE;17
ColpetroleumRsu8;2025-12-09 02:27:57;MN-48;0;1405,92;FUERA DE VIAJE;17
ColpetroleumRsu8;2025-12-09 02:28:01;MN-48;0;1397,46;FUERA DE VIAJE;17
ColpetroleumRsu8;2025-12-09 02:28:05;MN-48;0;1415,32;FUERA DE VIAJE;17
ColpetroleumRsu8;2025-12-09 02:28:09;MN-48;0;1342,61;FUERA DE VIAJE;17
ColpetroleumRsu8;2025-12-09 02:28:13;MN-48;0;1369,56;FUERA DE VIAJE;17
ColpetroleumRsu8;2025-12-09 02:28:17;MN-48;0;1323,81;FUERA DE VIAJE;17
ColpetroleumRsu8;2025-12-09 02:28:21;MN-48;0;1260,81;FUERA DE VIAJE;17
ColpetroleumRsu8;2025-12-09 02:28:25;MN-48;0;1404,04;FUERA DE VIAJE;17
ColpetroleumRsu8;2025-12-09 02:28:29;MN-48;0;1425,97;FUERA DE VIAJE;17
ColpetroleumRsu8;2025-12-09 02:28:33;MN-48;0;1420,96;FUERA DE VIAJE;17
ColpetroleumRsu8;2025-12-09 02:28:37;MN-48;0;1437,26;FUERA DE VIAJE;17
ColpetroleumRsu8;2025-12-09 02:28:41;MN-48;0;1327,57;FUERA DE VIAJE;17
ColpetroleumRsu8;2025-12-09 02:28:45;MN-48;0;1298,73;FUERA DE VIAJE;17
ColpetroleumRsu8;2025-12-09 02:28:49;MN-48;0;1339,16;FUERA DE VIAJE;17
ColpetroleumRsu8;2025-12-09 02:28:53;MN-48;0;1387,43;FUERA DE VIAJE;17
ColpetroleumRsu8;2025-12-09 02:28:57;MN-48;0;1308,14;FUERA DE VIAJE;17
ColpetroleumRsu8;2025-12-09 02:29:01;MN-48;0;1251,1;FUERA DE VIAJE;17
ColpetroleumRsu8;2025-12-09 02:29:05;MN-48;0;1368,94;FUERA DE VIAJE;17
ColpetroleumRsu8;2025-12-09 02:29:09;MN-48;0;1377,08;FUERA DE VIAJE;17
ColpetroleumRsu8;2025-12-09 02:29:13;MN-48;0;1382,41;FUERA DE VIAJE;17
ColpetroleumRsu8;2025-12-09 02:29:17;MN-48;0;1296,54;FUERA DE VIAJE;17
ColpetroleumRsu8;2025-12-09 02:29:21;MN-48;0;1313,15;FUERA DE VIAJE;17
ColpetroleumRsu8;2025-12-09 02:29:25;MN-48;0;1330,07;FUERA DE VIAJE;17
ColpetroleumRsu8;2025-12-09 02:29:29;MN-48;0;1372,7;FUERA DE VIAJE;17
ColpetroleumRsu8;2025-12-09 02:29:33;MN-48;0;1393,07;FUERA DE VIAJE;17
ColpetroleumRsu8;2025-12-09 02:29:37;MN-48;0;1294,66;FUERA DE VIAJE;17
ColpetroleumRsu8;2025-12-09 02:29:41;MN-48;0;1410,93;FUERA DE VIAJE;17
ColpetroleumRsu8;2025-12-09 02:29:45;MN-48;0;1308,76;FUERA DE VIAJE;17
ColpetroleumRsu8;2025-12-09 02:29:49;MN-48;0;1308,45;FUERA DE VIAJE;17
ColpetroleumRsu8;2025-12-09 02:29:53;MN-48;0;1412,81;FUERA DE VIAJE;17
ColpetroleumRsu8;2025-12-09 02:29:57;MN-48;0;1292,78;FUERA DE VIAJE;17
ColpetroleumRsu8;2025-12-09 02:30:01;MN-48;0;1303,75;FUERA DE VIAJE;17
ColpetroleumRsu8;2025-12-09 02:30:05;MN-48;0;1305,94;FUERA DE VIAJE;17
ColpetroleumRsu8;2025-12-09 02:30:09;MN-48;0;1313,78;FUERA DE VIAJE;17
ColpetroleumRsu8;2025-12-09 02:30:13;MN-48;0;275,79;FUERA DE VIAJE;17
ColpetroleumRsu8;2025-12-09 02:30:17;MN-48;0;429,05;FUERA DE VIAJE;17
ColpetroleumRsu8;2025-12-09 02:30:21;MN-48;0;395,2;FUERA DE VIAJE;17
ColpetroleumRsu8;2025-12-09 02:30:25;MN-48;0;39,18;FUERA DE VIAJE;17
ColpetroleumRsu8;2025-12-09 02:30:29;MN-48;0;150,12;FUERA DE VIAJE;17
ColpetroleumRsu8;2025-12-09 02:30:33;MN-48;0;160,46;FUERA DE VIAJE;17
ColpetroleumRsu8;2025-12-09 02:30:37;MN-48;0;119,09;FUERA DE VIAJE;17
ColpetroleumRsu8;2025-12-09 02:30:41;MN-48;0;109,06;FUERA DE VIAJE;17
ColpetroleumRsu8;2025-12-09 02:30:45;MN-48;0;146,67;FUERA DE VIAJE;17
ColpetroleumRsu8;2025-12-09 02:30:49;MN-48;0;154,82;FUERA DE VIAJE;17
ColpetroleumRsu8;2025-12-09 02:30:53;MN-48;0;196,82;FUERA DE VIAJE;17
ColpetroleumRsu8;2025-12-09 02:30:57;MN-48;0;194,31;FUERA DE VIAJE;17
ColpetroleumRsu8;2025-12-09 02:31:01;MN-48;0;176,44;FUERA DE VIAJE;17
ColpetroleumRsu8;2025-12-09 02:31:05;MN-48;0;183,03;FUERA DE VIAJE;17
ColpetroleumRsu8;2025-12-09 02:31:09;MN-48;0;186,79;FUERA DE VIAJE;17
ColpetroleumRsu8;2025-12-09 02:31:13;MN-48;0;209,35;FUERA DE VIAJE;17
ColpetroleumRsu8;2025-12-09 02:31:17;MN-48;0;215,62;FUERA DE VIAJE;17
ColpetroleumRsu8;2025-12-09 02:31:21;MN-48;0;213,74;FUERA DE VIAJE;17
ColpetroleumRsu8;2025-12-09 02:31:25;MN-48;0;215,93;FUERA DE VIAJE;17
ColpetroleumRsu8;2025-12-09 02:31:29;MN-48;0;211,23;FUERA DE VIAJE;17
ColpetroleumRsu8;2025-12-09 02:31:33;MN-48;0;238,18;FUERA DE VIAJE;17
ColpetroleumRsu8;2025-12-09 02:31:37;MN-48;0;257,3;FUERA DE VIAJE;17
ColpetroleumRsu8;2025-12-09 02:31:41;MN-48;0;42;FUERA DE VIAJE;17
ColpetroleumRsu8;2025-12-09 02:31:45;MN-48;0;6,27;FUERA DE VIAJE;17
ColpetroleumRsu8;2025-12-09 02:31:49;MN-48;0;4,07;FUERA DE VIAJE;17
ColpetroleumRsu8;2025-12-09 02:31:53;MN-48;0;4,07;FUERA DE VIAJE;17
ColpetroleumRsu8;2025-12-09 02:31:57;MN-48;0;4,07;FUERA DE VIAJE;17
ColpetroleumRsu8;2025-12-09 02:32:01;MN-48;0;3,45;FUERA DE VIAJE;17
ColpetroleumRsu8;2025-12-09 02:32:05;MN-48;0;4,07;FUERA DE VIAJE;17
ColpetroleumRsu8;2025-12-09 02:32:09;MN-48;0;3,45;FUERA DE VIAJE;17
ColpetroleumRsu8;2025-12-09 02:32:13;MN-48;0;4,07;FUERA DE VIAJE;17
ColpetroleumRsu8;2025-12-09 02:32:17;MN-48;0;4,07;FUERA DE VIAJE;17
ColpetroleumRsu8;2025-12-09 02:32:21;MN-48;0;4,07;FUERA DE VIAJE;17
ColpetroleumRsu8;2025-12-09 02:32:25;MN-48;0;4,07;FUERA DE VIAJE;17
ColpetroleumRsu8;2025-12-09 02:32:29;MN-48;0;3,45;FUERA DE VIAJE;17
ColpetroleumRsu8;2025-12-09 02:32:33;MN-48;0;4,07;FUERA DE VIAJE;17
ColpetroleumRsu8;2025-12-09 02:32:37;MN-48;0;3,76;FUERA DE VIAJE;17
ColpetroleumRsu8;2025-12-09 02:32:41;MN-48;0;4,07;FUERA DE VIAJE;17
ColpetroleumRsu8;2025-12-09 02:32:45;MN-48;0;4,07;FUERA DE VIAJE;17
ColpetroleumRsu8;2025-12-09 02:32:49;MN-48;0;4,07;FUERA DE VIAJE;17
ColpetroleumRsu8;2025-12-09 02:32:53;MN-48;0;4,07;FUERA DE VIAJE;17
ColpetroleumRsu8;2025-12-09 02:32:57;MN-48;0;4,07;FUERA DE VIAJE;17
ColpetroleumRsu8;2025-12-12 15:33:01;MN-48;0;4,39;FUERA DE VIAJE;18
ColpetroleumRsu8;2025-12-12 15:33:05;MN-48;0;3,76;FUERA DE VIAJE;18
ColpetroleumRsu8;2025-12-12 15:33:09;MN-48;0;3,76;FUERA DE VIAJE;18
ColpetroleumRsu8;2025-12-12 15:33:13;MN-48;0;3,76;FUERA DE VIAJE;18
ColpetroleumRsu8;2025-12-12 15:33:17;MN-48;0;3,76;FUERA DE VIAJE;18
ColpetroleumRsu8;2025-12-12 15:33:21;MN-48;0;3,76;FUERA DE VIAJE;18
ColpetroleumRsu8;2025-12-12 15:33:25;MN-48;0;3,76;FUERA DE VIAJE;18
ColpetroleumRsu8;2025-12-12 15:33:29;MN-48;0;3,76;FUERA DE VIAJE;18
ColpetroleumRsu8;2025-12-12 15:33:33;MN-48;0;3,76;FUERA DE VIAJE;18
ColpetroleumRsu8;2025-12-12 15:33:37;MN-48;0;3,76;FUERA DE VIAJE;18
ColpetroleumRsu8;2025-12-12 15:33:41;MN-48;0;3,76;FUERA DE VIAJE;18
ColpetroleumRsu8;2025-12-12 15:33:45;MN-48;0;3,76;FUERA DE VIAJE;18
ColpetroleumRsu8;2025-12-12 15:33:49;MN-48;0;3,76;FUERA DE VIAJE;18
ColpetroleumRsu8;2025-12-12 15:33:53;MN-48;0;3,76;FUERA DE VIAJE;18
ColpetroleumRsu8;2025-12-12 15:33:57;MN-48;0;3,76;FUERA DE VIAJE;18
ColpetroleumRsu8;2025-12-12 15:34:01;MN-48;0;3,76;FUERA DE VIAJE;18
ColpetroleumRsu8;2025-12-12 15:34:05;MN-48;0;3,76;FUERA DE VIAJE;18
ColpetroleumRsu8;2025-12-12 15:34:09;MN-48;0;3,76;FUERA DE VIAJE;18
ColpetroleumRsu8;2025-12-12 15:34:13;MN-48;0;3,76;FUERA DE VIAJE;18
ColpetroleumRsu8;2025-12-12 15:34:17;MN-48;0;3,76;FUERA DE VIAJE;18
ColpetroleumRsu8;2025-12-12 15:34:21;MN-48;0;3,76;FUERA DE VIAJE;18
ColpetroleumRsu8;2025-12-12 15:34:25;MN-48;0;3,76;FUERA DE VIAJE;18
ColpetroleumRsu8;2025-12-12 15:34:29;MN-48;0;3,76;FUERA DE VIAJE;18
ColpetroleumRsu8;2025-12-12 15:34:33;MN-48;0;3,76;FUERA DE VIAJE;18
ColpetroleumRsu8;2025-12-12 15:34:37;MN-48;0;3,76;FUERA DE VIAJE;18
ColpetroleumRsu8;2025-12-12 15:34:41;MN-48;0;3,76;FUERA DE VIAJE;18
ColpetroleumRsu8;2025-12-12 15:34:45;MN-48;0;3,76;FUERA DE VIAJE;18
ColpetroleumRsu8;2025-12-12 15:34:49;MN-48;0;3,76;FUERA DE VIAJE;18
ColpetroleumRsu8;2025-12-12 15:34:53;MN-48;0;3,76;FUERA DE VIAJE;18
ColpetroleumRsu8;2025-12-12 15:34:57;MN-48;0;4,39;FUERA DE VIAJE;18
ColpetroleumRsu8;2025-12-12 15:35:01;MN-48;0;8,15;FUERA DE VIAJE;18
ColpetroleumRsu8;2025-12-12 15:35:05;MN-48;0;8,15;FUERA DE VIAJE;18
ColpetroleumRsu8;2025-12-12 15:35:09;MN-48;0;8,15;FUERA DE VIAJE;18
ColpetroleumRsu8;2025-12-12 15:35:13;MN-48;0;8,15;FUERA DE VIAJE;18
ColpetroleumRsu8;2025-12-12 15:35:17;MN-48;0;8,15;FUERA DE VIAJE;18
ColpetroleumRsu8;2025-12-12 15:35:21;MN-48;0;7,52;FUERA DE VIAJE;18
ColpetroleumRsu8;2025-12-12 15:35:25;MN-48;0;7,52;FUERA DE VIAJE;18
ColpetroleumRsu8;2025-12-12 15:35:29;MN-48;0;7,52;FUERA DE VIAJE;18
ColpetroleumRsu8;2025-12-12 15:35:33;MN-48;0;7,52;FUERA DE VIAJE;18
ColpetroleumRsu8;2025-12-12 15:35:37;MN-48;0;8,15;FUERA DE VIAJE;18
ColpetroleumRsu8;2025-12-12 15:35:42;MN-48;0;7,52;FUERA DE VIAJE;18
ColpetroleumRsu8;2025-12-12 15:35:46;MN-48;0;7,52;FUERA DE VIAJE;18
ColpetroleumRsu8;2025-12-12 15:35:50;MN-48;0;7,21;FUERA DE VIAJE;18
ColpetroleumRsu8;2025-12-12 15:35:54;MN-48;0;7,84;FUERA DE VIAJE;18
ColpetroleumRsu8;2025-12-12 15:35:58;MN-48;0;7,84;FUERA DE VIAJE;18
ColpetroleumRsu8;2025-12-12 15:36:02;MN-48;0;7,21;FUERA DE VIAJE;18
ColpetroleumRsu8;2025-12-12 15:36:06;MN-48;0;7,21;FUERA DE VIAJE;18
ColpetroleumRsu8;2025-12-12 15:36:10;MN-48;0;7,84;FUERA DE VIAJE;18
ColpetroleumRsu8;2025-12-12 15:36:14;MN-48;0;7,84;FUERA DE VIAJE;18
ColpetroleumRsu8;2025-12-12 15:36:18;MN-48;0;7,84;FUERA DE VIAJE;18
ColpetroleumRsu8;2025-12-12 15:36:22;MN-48;0;7,84;FUERA DE VIAJE;18
ColpetroleumRsu8;2025-12-12 15:36:26;MN-48;0;7,84;FUERA DE VIAJE;18
ColpetroleumRsu8;2025-12-12 15:36:30;MN-48;0;7,84;FUERA DE VIAJE;18
ColpetroleumRsu8;2025-12-12 15:36:34;MN-48;0;7,84;FUERA DE VIAJE;18
ColpetroleumRsu8;2025-12-12 15:36:38;MN-48;0;7,84;FUERA DE VIAJE;18
ColpetroleumRsu8;2025-12-12 15:36:42;MN-48;0;7,84;FUERA DE VIAJE;18
ColpetroleumRsu8;2025-12-12 15:36:46;MN-48;0;7,84;FUERA DE VIAJE;18
ColpetroleumRsu8;2025-12-12 15:36:50;MN-48;0;7,21;FUERA DE VIAJE;18
ColpetroleumRsu8;2025-12-12 15:36:54;MN-48;0;7,84;FUERA DE VIAJE;18
ColpetroleumRsu8;2025-12-12 15:36:58;MN-48;0;7,84;FUERA DE VIAJE;18
ColpetroleumRsu8;2025-12-12 15:37:02;MN-48;0;7,84;FUERA DE VIAJE;18
ColpetroleumRsu8;2025-12-12 15:37:06;MN-48;0;7,84;FUERA DE VIAJE;18
ColpetroleumRsu8;2025-12-12 15:37:10;MN-48;0;7,84;FUERA DE VIAJE;18
ColpetroleumRsu8;2025-12-12 15:37:14;MN-48;0;7,84;FUERA DE VIAJE;18
ColpetroleumRsu8;2025-12-12 15:37:18;MN-48;0;7,84;FUERA DE VIAJE;18
ColpetroleumRsu8;2025-12-12 15:37:22;MN-48;0;7,84;FUERA DE VIAJE;18
ColpetroleumRsu8;2025-12-12 15:37:26;MN-48;0;7,84;FUERA DE VIAJE;18
ColpetroleumRsu8;2025-12-12 15:37:30;MN-48;0;7,84;FUERA DE VIAJE;18
ColpetroleumRsu8;2025-12-12 15:37:34;MN-48;0;7,84;FUERA DE VIAJE;18
ColpetroleumRsu8;2025-12-12 15:37:38;MN-48;0;7,84;FUERA DE VIAJE;18
ColpetroleumRsu8;2025-12-12 15:37:42;MN-48;0;7,84;FUERA DE VIAJE;18
ColpetroleumRsu8;2025-12-12 15:37:46;MN-48;0;60,8;FUERA DE VIAJE;18
ColpetroleumRsu8;2025-12-12 15:37:50;MN-48;0;60,49;FUERA DE VIAJE;18
ColpetroleumRsu8;2025-12-12 15:37:54;MN-48;0;119,41;FUERA DE VIAJE;18
ColpetroleumRsu8;2025-12-12 15:37:58;MN-48;0;982,2;FUERA DE VIAJE;18
ColpetroleumRsu8;2025-12-12 15:38:02;MN-48;0;940,83;FUERA DE VIAJE;18
ColpetroleumRsu8;2025-12-12 15:38:06;MN-48;0;922,65;FUERA DE VIAJE;18
ColpetroleumRsu8;2025-12-12 15:38:10;MN-48;0;914,19;FUERA DE VIAJE;18
ColpetroleumRsu8;2025-12-12 15:38:14;MN-48;0;908,86;FUERA DE VIAJE;18
ColpetroleumRsu8;2025-12-12 15:38:18;MN-48;0;905,1;FUERA DE VIAJE;18
ColpetroleumRsu8;2025-12-12 15:38:22;MN-48;0;902,59;FUERA DE VIAJE;18
ColpetroleumRsu8;2025-12-12 15:38:26;MN-48;0;900,71;FUERA DE VIAJE;18
ColpetroleumRsu8;2025-12-12 15:38:30;MN-48;0;898,83;FUERA DE VIAJE;18
ColpetroleumRsu8;2025-12-12 15:38:34;MN-48;0;898,21;FUERA DE VIAJE;18
ColpetroleumRsu8;2025-12-12 15:38:38;MN-48;0;896,95;FUERA DE VIAJE;18
ColpetroleumRsu8;2025-12-12 15:38:42;MN-48;0;895,7;FUERA DE VIAJE;18
ColpetroleumRsu8;2025-12-12 15:38:46;MN-48;0;894,45;FUERA DE VIAJE;18
ColpetroleumRsu8;2025-12-12 15:38:50;MN-48;0;893,82;FUERA DE VIAJE;18
ColpetroleumRsu8;2025-12-12 15:38:54;MN-48;0;892,57;FUERA DE VIAJE;18
ColpetroleumRsu8;2025-12-12 15:38:58;MN-48;0;891,94;FUERA DE VIAJE;18
ColpetroleumRsu8;2025-12-12 15:39:02;MN-48;0;890,69;FUERA DE VIAJE;18
ColpetroleumRsu8;2025-12-12 15:39:06;MN-48;0;890,06;FUERA DE VIAJE;18
ColpetroleumRsu8;2025-12-12 15:39:10;MN-48;0;889,43;FUERA DE VIAJE;18
ColpetroleumRsu8;2025-12-12 15:39:14;MN-48;0;888,81;FUERA DE VIAJE;18
ColpetroleumRsu8;2025-12-12 15:39:18;MN-48;0;888,18;FUERA DE VIAJE;18
ColpetroleumRsu8;2025-12-12 15:39:22;MN-48;0;887,55;FUERA DE VIAJE;18
ColpetroleumRsu8;2025-12-12 15:39:26;MN-48;0;886,92;FUERA DE VIAJE;18
ColpetroleumRsu8;2025-12-12 15:39:30;MN-48;0;2005,45;FUERA DE VIAJE;18
ColpetroleumRsu8;2025-12-12 15:39:34;MN-48;0;1960,95;FUERA DE VIAJE;18
ColpetroleumRsu8;2025-12-12 15:39:38;MN-48;0;1940,58;FUERA DE VIAJE;18
ColpetroleumRsu8;2025-12-12 15:39:42;MN-48;0;1930,86;FUERA DE VIAJE;18
ColpetroleumRsu8;2025-12-12 15:39:46;MN-48;0;1925,54;FUERA DE VIAJE;18
ColpetroleumRsu8;2025-12-12 15:39:50;MN-48;0;1919,89;FUERA DE VIAJE;18
ColpetroleumRsu8;2025-12-12 15:39:54;MN-48;0;1916,76;FUERA DE VIAJE;18
ColpetroleumRsu8;2025-12-12 15:39:58;MN-48;0;1913;FUERA DE VIAJE;18
ColpetroleumRsu8;2025-12-12 15:40:02;MN-48;0;1910,49;FUERA DE VIAJE;18
ColpetroleumRsu8;2025-12-12 15:40:06;MN-48;0;1907,36;FUERA DE VIAJE;18
ColpetroleumRsu8;2025-12-12 15:40:10;MN-48;0;1904,85;FUERA DE VIAJE;18
ColpetroleumRsu8;2025-12-12 15:40:14;MN-48;0;1903,91;FUERA DE VIAJE;18
ColpetroleumRsu8;2025-12-12 15:40:18;MN-48;0;1900,46;FUERA DE VIAJE;18
ColpetroleumRsu8;2025-12-12 15:40:22;MN-48;0;1898,58;FUERA DE VIAJE;18
ColpetroleumRsu8;2025-12-12 15:40:26;MN-48;0;1896,7;FUERA DE VIAJE;18
ColpetroleumRsu8;2025-12-12 15:40:30;MN-48;0;1894,2;FUERA DE VIAJE;18
ColpetroleumRsu8;2025-12-12 15:40:34;MN-48;0;1892;FUERA DE VIAJE;18
ColpetroleumRsu8;2025-12-12 15:40:38;MN-48;0;1889,49;FUERA DE VIAJE;18
ColpetroleumRsu8;2025-12-12 15:40:42;MN-48;0;1887,3;FUERA DE VIAJE;18
ColpetroleumRsu8;2025-12-12 15:40:46;MN-48;0;1886,05;FUERA DE VIAJE;18
ColpetroleumRsu8;2025-12-12 15:40:50;MN-48;0;1884,17;FUERA DE VIAJE;18
ColpetroleumRsu8;2025-12-12 15:40:54;MN-48;0;1883,54;FUERA DE VIAJE;18
ColpetroleumRsu8;2025-12-12 15:40:58;MN-48;0;1881,66;FUERA DE VIAJE;18
ColpetroleumRsu8;2025-12-12 15:41:02;MN-48;0;1879,78;FUERA DE VIAJE;18
ColpetroleumRsu8;2025-12-12 15:41:06;MN-48;0;1878,53;FUERA DE VIAJE;18
ColpetroleumRsu8;2025-12-12 15:41:10;MN-48;0;2063,43;FUERA DE VIAJE;18
ColpetroleumRsu8;2025-12-12 15:41:14;MN-48;0;2049,02;FUERA DE VIAJE;18
ColpetroleumRsu8;2025-12-12 15:41:18;MN-48;0;2391,88;FUERA DE VIAJE;18
ColpetroleumRsu8;2025-12-12 15:41:22;MN-48;0;2383,1;FUERA DE VIAJE;18
ColpetroleumRsu8;2025-12-12 15:41:26;MN-48;0;2378,09;FUERA DE VIAJE;18
ColpetroleumRsu8;2025-12-12 15:41:30;MN-48;0;2374,33;FUERA DE VIAJE;18
ColpetroleumRsu8;2025-12-12 15:41:34;MN-48;0;2370,25;FUERA DE VIAJE;18
ColpetroleumRsu8;2025-12-12 15:41:38;MN-48;0;2369;FUERA DE VIAJE;18
ColpetroleumRsu8;2025-12-12 15:41:42;MN-48;0;2366,8;FUERA DE VIAJE;18
ColpetroleumRsu8;2025-12-12 15:41:46;MN-48;0;2365,55;FUERA DE VIAJE;18
ColpetroleumRsu8;2025-12-12 15:41:50;MN-48;0;2363,67;FUERA DE VIAJE;18
ColpetroleumRsu8;2025-12-12 15:41:54;MN-48;0;2361,79;FUERA DE VIAJE;18
ColpetroleumRsu8;2025-12-12 15:41:58;MN-48;0;2360,85;FUERA DE VIAJE;18
ColpetroleumRsu8;2025-12-12 15:42:02;MN-48;0;2359,28;FUERA DE VIAJE;18
ColpetroleumRsu8;2025-12-12 15:42:06;MN-48;0;2358,03;FUERA DE VIAJE;18
ColpetroleumRsu8;2025-12-12 15:42:10;MN-48;0;2355,52;FUERA DE VIAJE;18
ColpetroleumRsu8;2025-12-12 15:42:14;MN-48;0;2353,64;FUERA DE VIAJE;18
ColpetroleumRsu8;2025-12-12 15:42:18;MN-48;0;2352,7;FUERA DE VIAJE;18
ColpetroleumRsu8;2025-12-12 15:42:22;MN-48;0;2351,45;FUERA DE VIAJE;18
ColpetroleumRsu8;2025-12-12 15:42:26;MN-48;0;2350,82;FUERA DE VIAJE;18
ColpetroleumRsu8;2025-12-12 15:42:30;MN-48;0;2349,57;FUERA DE VIAJE;18
ColpetroleumRsu8;2025-12-12 15:42:34;MN-48;0;2348;FUERA DE VIAJE;18
ColpetroleumRsu8;2025-12-12 15:42:38;MN-48;0;2347,37;FUERA DE VIAJE;18
ColpetroleumRsu8;2025-12-12 15:42:42;MN-48;0;2346,12;FUERA DE VIAJE;18
ColpetroleumRsu8;2025-12-12 15:42:46;MN-48;0;2345,81;FUERA DE VIAJE;18
ColpetroleumRsu8;2025-12-12 15:42:50;MN-48;0;2343,93;FUERA DE VIAJE;18
ColpetroleumRsu8;2025-12-12 15:42:54;MN-48;0;2343,3;FUERA DE VIAJE;18
ColpetroleumRsu8;2025-12-12 15:42:58;MN-48;0;2341,73;FUERA DE VIAJE;18
ColpetroleumRsu8;2025-12-12 15:43:02;MN-48;0;2341,11;FUERA DE VIAJE;18
ColpetroleumRsu8;2025-12-12 15:43:06;MN-48;0;2340,48;FUERA DE VIAJE;18
ColpetroleumRsu8;2025-12-12 15:43:10;MN-48;0;2338,6;FUERA DE VIAJE;18
ColpetroleumRsu8;2025-12-12 15:43:14;MN-48;0;2337,66;FUERA DE VIAJE;18
ColpetroleumRsu8;2025-12-12 15:43:18;MN-48;0;2336,72;FUERA DE VIAJE;18
ColpetroleumRsu8;2025-12-12 15:43:22;MN-48;0;2336,4;FUERA DE VIAJE;18
ColpetroleumRsu8;2025-12-12 15:43:26;MN-48;0;2334,52;FUERA DE VIAJE;18
ColpetroleumRsu8;2025-12-12 15:43:30;MN-48;0;2333,9;FUERA DE VIAJE;18
ColpetroleumRsu8;2025-12-12 15:43:34;MN-48;0;2332,33;FUERA DE VIAJE;18
ColpetroleumRsu8;2025-12-12 15:43:38;MN-48;0;2332,02;FUERA DE VIAJE;18
ColpetroleumRsu8;2025-12-12 15:43:42;MN-48;0;2330,76;FUERA DE VIAJE;18
ColpetroleumRsu8;2025-12-12 15:43:46;MN-48;0;2329,82;FUERA DE VIAJE;18
ColpetroleumRsu8;2025-12-12 15:43:50;MN-48;0;2328,57;FUERA DE VIAJE;18
ColpetroleumRsu8;2025-12-12 15:43:54;MN-48;0;2327,94;FUERA DE VIAJE;18
ColpetroleumRsu8;2025-12-12 15:43:58;MN-48;0;2327,32;FUERA DE VIAJE;18
ColpetroleumRsu8;2025-12-12 15:44:02;MN-48;0;2326,69;FUERA DE VIAJE;18
ColpetroleumRsu8;2025-12-12 15:44:06;MN-48;0;2326,06;FUERA DE VIAJE;18
ColpetroleumRsu8;2025-12-12 15:44:10;MN-48;0;2325,44;FUERA DE VIAJE;18
ColpetroleumRsu8;2025-12-12 15:44:14;MN-48;0;2324,81;FUERA DE VIAJE;18
ColpetroleumRsu8;2025-12-12 15:44:18;MN-48;0;2324,18;FUERA DE VIAJE;18
ColpetroleumRsu8;2025-12-12 15:44:22;MN-48;0;2322,61;FUERA DE VIAJE;18
ColpetroleumRsu8;2025-12-12 15:44:26;MN-48;0;2321,67;FUERA DE VIAJE;18
ColpetroleumRsu8;2025-12-12 15:44:30;MN-48;0;2321,05;FUERA DE VIAJE;18
ColpetroleumRsu8;2025-12-12 15:44:34;MN-48;0;2320,42;FUERA DE VIAJE;18
ColpetroleumRsu8;2025-12-12 15:44:38;MN-48;0;2319,79;FUERA DE VIAJE;18
ColpetroleumRsu8;2025-12-12 15:44:42;MN-48;0;2319,17;FUERA DE VIAJE;18
ColpetroleumRsu8;2025-12-12 15:44:46;MN-48;0;2317,6;FUERA DE VIAJE;18
ColpetroleumRsu8;2025-12-12 15:44:50;MN-48;0;2317,6;FUERA DE VIAJE;18
ColpetroleumRsu8;2025-12-12 15:44:54;MN-48;0;2316,97;FUERA DE VIAJE;18
ColpetroleumRsu8;2025-12-12 15:44:58;MN-48;0;2316,35;FUERA DE VIAJE;18
ColpetroleumRsu8;2025-12-12 15:45:02;MN-48;0;2315,72;FUERA DE VIAJE;18
ColpetroleumRsu8;2025-12-12 15:45:06;MN-48;0;2314,47;FUERA DE VIAJE;18
ColpetroleumRsu8;2025-12-12 15:45:10;MN-48;0;2313,84;FUERA DE VIAJE;18
ColpetroleumRsu8;2025-12-12 15:45:14;MN-48;0;2312,9;FUERA DE VIAJE;18
ColpetroleumRsu8;2025-12-12 15:45:18;MN-48;0;2312,27;FUERA DE VIAJE;18
ColpetroleumRsu8;2025-12-12 15:45:22;MN-48;0;2311,65;FUERA DE VIAJE;18
ColpetroleumRsu8;2025-12-12 15:45:26;MN-48;0;2311,02;FUERA DE VIAJE;18
ColpetroleumRsu8;2025-12-12 15:45:30;MN-48;0;2310,39;FUERA DE VIAJE;18
ColpetroleumRsu8;2025-12-12 15:45:34;MN-48;0;2309,14;FUERA DE VIAJE;18
ColpetroleumRsu8;2025-12-12 15:45:38;MN-48;0;2308,83;FUERA DE VIAJE;18
ColpetroleumRsu8;2025-12-12 15:45:42;MN-48;0;2308,2;FUERA DE VIAJE;18
ColpetroleumRsu8;2025-12-12 15:45:46;MN-48;0;2307,57;FUERA DE VIAJE;18
ColpetroleumRsu8;2025-12-12 15:45:50;MN-48;0;2307,57;FUERA DE VIAJE;18
ColpetroleumRsu8;2025-12-12 15:45:54;MN-48;0;2306,32;FUERA DE VIAJE;18
ColpetroleumRsu8;2025-12-12 15:45:58;MN-48;0;2305,69;FUERA DE VIAJE;18
ColpetroleumRsu8;2025-12-12 15:46:02;MN-48;0;2305,06;FUERA DE VIAJE;18
ColpetroleumRsu8;2025-12-12 15:46:06;MN-48;0;2303,81;FUERA DE VIAJE;18
ColpetroleumRsu8;2025-12-12 15:46:10;MN-48;0;2303,81;FUERA DE VIAJE;18
ColpetroleumRsu8;2025-12-12 15:46:14;MN-48;0;2303,18;FUERA DE VIAJE;18
ColpetroleumRsu8;2025-12-12 15:46:18;MN-48;0;2302,56;FUERA DE VIAJE;18
ColpetroleumRsu8;2025-12-12 15:46:22;MN-48;0;2301,93;FUERA DE VIAJE;18
ColpetroleumRsu8;2025-12-12 15:46:26;MN-48;0;2300,68;FUERA DE VIAJE;18
ColpetroleumRsu8;2025-12-12 15:46:30;MN-48;0;2300,05;FUERA DE VIAJE;18
ColpetroleumRsu8;2025-12-12 15:46:34;MN-48;0;2300,05;FUERA DE VIAJE;18
ColpetroleumRsu8;2025-12-12 15:46:38;MN-48;0;2299,42;FUERA DE VIAJE;18
ColpetroleumRsu8;2025-12-12 15:46:42;MN-48;0;2298,8;FUERA DE VIAJE;18
ColpetroleumRsu8;2025-12-12 15:46:46;MN-48;0;2297,23;FUERA DE VIAJE;18
ColpetroleumRsu8;2025-12-12 15:46:50;MN-48;0;2297,23;FUERA DE VIAJE;18
ColpetroleumRsu8;2025-12-12 15:46:54;MN-48;0;2296,6;FUERA DE VIAJE;18
ColpetroleumRsu8;2025-12-12 15:46:58;MN-48;0;2295,98;FUERA DE VIAJE;18
ColpetroleumRsu8;2025-12-12 15:47:02;MN-48;0;2295,98;FUERA DE VIAJE;18
ColpetroleumRsu8;2025-12-12 15:47:06;MN-48;0;2295,35;FUERA DE VIAJE;18
ColpetroleumRsu8;2025-12-12 15:47:10;MN-48;0;2294,72;FUERA DE VIAJE;18
ColpetroleumRsu8;2025-12-12 15:47:14;MN-48;0;2292,84;FUERA DE VIAJE;18
ColpetroleumRsu8;2025-12-12 15:47:18;MN-48;0;2292,22;FUERA DE VIAJE;18
ColpetroleumRsu8;2025-12-12 15:47:22;MN-48;0;2291,59;FUERA DE VIAJE;18
ColpetroleumRsu8;2025-12-12 15:47:26;MN-48;0;2290,65;FUERA DE VIAJE;18
ColpetroleumRsu8;2025-12-12 15:47:30;MN-48;0;2290,02;FUERA DE VIAJE;18
ColpetroleumRsu8;2025-12-12 15:47:34;MN-48;0;2277,8;FUERA DE VIAJE;18
ColpetroleumRsu8;2025-12-12 15:47:38;MN-48;0;144,79;FUERA DE VIAJE;18
ColpetroleumRsu8;2025-12-12 15:47:42;MN-48;0;16,92;FUERA DE VIAJE;18
ColpetroleumRsu8;2025-12-12 15:47:46;MN-48;0;3,13;FUERA DE VIAJE;18
ColpetroleumRsu8;2025-12-12 15:47:50;MN-48;0;1,25;FUERA DE VIAJE;18
ColpetroleumRsu8;2025-12-12 15:47:54;MN-48;0;2,51;FUERA DE VIAJE;18
ColpetroleumRsu8;2025-12-12 15:47:58;MN-48;0;1,57;FUERA DE VIAJE;18
ColpetroleumRsu8;2025-12-12 15:48:02;MN-48;0;2,19;FUERA DE VIAJE;18
ColpetroleumRsu8;2025-12-12 15:48:06;MN-48;0;2,82;FUERA DE VIAJE;18
ColpetroleumRsu8;2025-12-12 15:48:10;MN-48;0;3,45;FUERA DE VIAJE;18
ColpetroleumRsu8;2025-12-12 15:48:14;MN-48;0;3,45;FUERA DE VIAJE;18
ColpetroleumRsu8;2025-12-12 15:48:18;MN-48;0;2,82;FUERA DE VIAJE;18
ColpetroleumRsu8;2025-12-12 15:48:22;MN-48;0;3,13;FUERA DE VIAJE;18
ColpetroleumRsu8;2025-12-12 15:48:26;MN-48;0;3,13;FUERA DE VIAJE;18
ColpetroleumRsu8;2025-12-12 15:48:30;MN-48;0;3,13;FUERA DE VIAJE;18
ColpetroleumRsu8;2025-12-12 15:48:34;MN-48;0;3,13;FUERA DE VIAJE;18
ColpetroleumRsu8;2025-12-12 15:48:38;MN-48;0;3,13;FUERA DE VIAJE;18
ColpetroleumRsu8;2025-12-12 15:48:42;MN-48;0;3,13;FUERA DE VIAJE;18
ColpetroleumRsu8;2025-12-12 15:48:46;MN-48;0;3,13;FUERA DE VIAJE;18
ColpetroleumRsu8;2025-12-12 15:48:50;MN-48;0;3,13;FUERA DE VIAJE;18
ColpetroleumRsu8;2025-12-12 15:48:54;MN-48;0;3,13;FUERA DE VIAJE;18
ColpetroleumRsu8;2025-12-12 15:48:58;MN-48;0;3,13;FUERA DE VIAJE;18
ColpetroleumRsu8;2025-12-12 15:49:02;MN-48;0;3,13;FUERA DE VIAJE;18
ColpetroleumRsu8;2025-12-12 15:49:06;MN-48;0;3,13;FUERA DE VIAJE;18
ColpetroleumRsu8;2025-12-12 15:49:10;MN-48;0;3,13;FUERA DE VIAJE;18
ColpetroleumRsu8;2025-12-12 15:49:14;MN-48;0;3,13;FUERA DE VIAJE;18
ColpetroleumRsu8;2025-12-12 15:49:18;MN-48;0;3,13;FUERA DE VIAJE;18
ColpetroleumRsu8;2025-12-12 15:49:22;MN-48;0;3,13;FUERA DE VIAJE;18
ColpetroleumRsu8;2025-12-12 15:49:26;MN-48;0;3,13;FUERA DE VIAJE;18
ColpetroleumRsu8;2025-12-12 15:49:30;MN-48;0;3,76;FUERA DE VIAJE;18
ColpetroleumRsu8;2025-12-12 15:49:34;MN-48;0;3,13;FUERA DE VIAJE;18
ColpetroleumRsu8;2025-12-12 15:49:38;MN-48;0;2,51;FUERA DE VIAJE;18
ColpetroleumRsu8;2025-12-12 15:49:42;MN-48;0;2,82;FUERA DE VIAJE;18
ColpetroleumRsu8;2025-12-12 15:49:46;MN-48;0;2,82;FUERA DE VIAJE;18
ColpetroleumRsu8;2025-12-12 15:49:50;MN-48;0;2,82;FUERA DE VIAJE;18
ColpetroleumRsu8;2025-12-12 15:49:54;MN-48;0;2,82;FUERA DE VIAJE;18
ColpetroleumRsu8;2025-12-12 15:49:58;MN-48;0;3,13;FUERA DE VIAJE;18
